Iteration,Sim_0,Sim_1,Sim_2,Sim_3,Sim_4,Sim_5,Sim_6,Sim_7,Sim_8,Sim_9,Sim_10,Sim_11,Sim_12,Sim_13,Sim_14,Sim_15,Sim_16,Sim_17,Sim_18,Sim_19,Sim_20,Sim_21,Sim_22,Sim_23,Sim_24,Sim_25,Sim_26,Sim_27,Sim_28,Sim_29,Sim_30,Sim_31,Sim_32,Sim_33,Sim_34,Sim_35,Sim_36,Sim_37,Sim_38,Sim_39,Sim_40,Sim_41,Sim_42,Sim_43,Sim_44,Sim_45,Sim_46,Sim_47,Sim_48,Sim_49,Sim_50,Sim_51,Sim_52,Sim_53,Sim_54,Sim_55,Sim_56,Sim_57,Sim_58,Sim_59,Sim_60,Sim_61,Sim_62,Sim_63,Sim_64,Sim_65,Sim_66,Sim_67,Sim_68,Sim_69,Sim_70,Sim_71,Sim_72,Sim_73,Sim_74,Sim_75,Sim_76,Sim_77,Sim_78,Sim_79,Sim_80,Sim_81,Sim_82,Sim_83,Sim_84,Sim_85,Sim_86,Sim_87,Sim_88,Sim_89,Sim_90,Sim_91,Sim_92,Sim_93,Sim_94,Sim_95,Sim_96,Sim_97,Sim_98,Sim_99,Sim_100,Sim_101,Sim_102,Sim_103,Sim_104,Sim_105,Sim_106,Sim_107,Sim_108,Sim_109,Sim_110,Sim_111,Sim_112,Sim_113,Sim_114,Sim_115,Sim_116,Sim_117,Sim_118,Sim_119,Sim_120,Sim_121,Sim_122,Sim_123,Sim_124
0,0.25,0.25,0.25,0.25,0.25,0.25,0.25,0.25,0.25,0.25,0.25,0.25,0.25,0.25,0.25,0.25,0.25,0.25,0.25,0.25,0.25,0.25,0.25,0.25,0.25,0.25,0.25,0.25,0.25,0.25,0.25,0.25,0.25,0.25,0.25,0.25,0.25,0.25,0.25,0.25,0.25,0.25,0.25,0.25,0.25,0.25,0.25,0.25,0.25,0.25,0.25,0.25,0.25,0.25,0.25,0.25,0.25,0.25,0.25,0.25,0.25,0.25,0.25,0.25,0.25,0.25,0.25,0.25,0.25,0.25,0.25,0.25,0.25,0.25,0.25,0.25,0.25,0.25,0.25,0.25,0.25,0.25,0.25,0.25,0.25,0.25,0.25,0.25,0.25,0.25,0.25,0.25,0.25,0.25,0.25,0.25,0.25,0.25,0.25,0.25,0.25,0.25,0.25,0.25,0.25,0.25,0.25,0.25,0.25,0.25,0.25,0.25,0.25,0.25,0.25,0.25,0.25,0.25,0.25,0.25,0.25,0.25,0.25,0.25,0.25
1,0.5,0.5,0.5,0.5,0.5,0.5,0.5,0.5,0.5,0.5,0.5,0.5,0.5,0.5,0.5,0.5,0.5,0.5,0.5,0.5,0.5,0.5,0.5,0.5,0.5,0.5,0.5,0.5,0.5,0.5,0.5,0.5,0.5,0.5,0.5,0.5,0.5,0.5,0.5,0.5,0.5,0.5,0.5,0.5,0.5,0.5,0.5,0.5,0.5,0.5,0.5,0.5,0.5,0.5,0.5,0.5,0.5,0.5,0.5,0.5,0.5,0.5,0.5,0.5,0.5,0.5,0.5,0.5,0.5,0.5,0.5,0.5,0.5,0.5,0.5,0.5,0.5,0.5,0.5,0.5,0.5,0.5,0.5,0.5,0.5,0.5,0.5,0.5,0.5,0.5,0.5,0.5,0.5,0.5,0.5,0.5,0.5,0.5,0.5,0.5,0.5,0.5,0.5,0.5,0.5,0.5,0.5,0.5,0.5,0.5,0.5,0.5,0.5,0.5,0.5,0.5,0.5,0.5,0.5,0.5,0.5,0.5,0.5,0.5,0.5
2,0.75,0.75,0.75,0.75,0.75,0.75,0.75,0.75,0.75,0.75,0.75,0.75,0.75,0.75,0.75,0.75,0.75,0.75,0.75,0.75,0.75,0.75,0.75,0.75,0.75,0.75,0.75,0.75,0.75,0.75,0.75,0.75,0.75,0.75,0.75,0.75,0.75,0.75,0.75,0.75,0.75,0.75,0.75,0.75,0.75,0.75,0.75,0.75,0.75,0.75,0.75,0.75,0.75,0.75,0.75,0.75,0.75,0.75,0.75,0.75,0.75,0.75,0.75,0.75,0.75,0.75,0.75,0.75,0.75,0.75,0.75,0.75,0.75,0.75,0.75,0.75,0.75,0.75,0.75,0.75,0.75,0.75,0.75,0.75,0.75,0.75,0.75,0.75,0.75,0.75,0.75,0.75,0.75,0.75,0.75,0.75,0.75,0.75,0.75,0.75,0.75,0.75,0.75,0.75,0.75,0.75,0.75,0.75,0.75,0.75,0.75,0.75,0.75,0.75,0.75,0.75,0.75,0.75,0.75,0.75,0.75,0.75,0.75,0.75,0.75
3,0.75,0.5,0.25,0.5,0.5,0.5,0.25,0.5,0.25,0.75,0.75,0.5,0.5,0.5,0.5,0.5,0.75,0.5,0.5,0.25,0.25,0.5,0.5,0.75,0.25,0.75,0.5,0.5,0.25,0.5,0.25,0.5,0.5,0.5,0.5,0.75,0.25,0.75,0.5,0.5,0.75,0.5,0.5,0.25,0.5,0.5,0.25,0.5,0.25,0.75,0.75,0.75,0.75,0.75,0.5,0.5,0.5,0.75,0.5,0.5,0.5,0.5,0.5,0.75,0.75,0.75,0.75,0.75,0.25,0.25,0.75,0.75,0.5,0.5,0.5,0.25,0.75,0.25,0.75,0.25,0.5,0.5,0.5,0.75,0.5,0.5,0.25,0.5,0.25,0.5,0.5,0.75,0.5,0.5,0.5,0.75,0.75,0.5,0.75,0.5,0.5,0.25,0.75,0.75,0.5,0.5,0.75,0.5,0.5,0.5,0.5,0.5,0.25,0.75,0.5,0.75,0.25,0.5,0.5,0.75,0.75,0.25,0.5,0.5,0.25
4,0.5,0.25,0.75,0.25,0.75,0.75,0.75,0.75,0.75,0.25,0.5,0.5,0.75,0.25,0.75,0.25,0.25,0.75,0.75,0.25,0.5,0.75,0.75,0.5,0.75,0.25,0.75,0.75,0.25,0.25,0.5,0.75,0.25,0.75,0.5,0.5,0.5,0.25,0.75,0.25,0.5,0.75,0.75,0.5,0.75,0.75,0.5,0.5,0.5,0.5,0.25,0.5,0.5,0.5,0.25,0.75,0.75,0.5,0.75,0.25,0.75,0.25,0.75,0.5,0.5,0.5,0.5,0.5,0.5,0.5,0.5,0.25,0.75,0.25,0.75,0.75,0.5,0.75,0.5,0.25,0.75,0.25,0.25,0.5,0.25,0.75,0.5,0.25,0.5,0.75,0.75,0.5,0.5,0.75,0.75,0.5,0.5,0.75,0.5,0.75,0.75,0.5,0.25,0.5,0.25,0.75,0.25,0.75,0.75,0.75,0.75,0.75,0.5,0.5,0.75,0.5,0.5,0.25,0.75,0.5,0.25,0.75,0.75,0.75,0.5
5,0.25,0.75,0.5,0.75,0.25,0.25,0.5,0.25,0.5,0.75,0.25,0.5,0.25,0.75,0.25,0.75,0.5,0.25,0.25,0.25,0.5,0.25,0.25,0.25,0.5,0.5,0.25,0.25,0.75,0.75,0.5,0.25,0.75,0.25,0.5,0.25,0.75,0.5,0.25,0.75,0.25,0.25,0.25,0.75,0.25,0.25,0.75,0.75,0.75,0.25,0.5,0.25,0.25,0.25,0.75,0.25,0.25,0.25,0.25,0.75,0.25,0.75,0.25,0.25,0.25,0.25,0.25,0.25,0.5,0.5,0.25,0.5,0.25,0.75,0.25,0.5,0.25,0.5,0.25,0.75,0.25,0.75,0.75,0.25,0.75,0.25,0.75,0.75,0.75,0.25,0.25,0.25,0.5,0.5,0.25,0.5,0.25,0.25,0.25,0.25,0.25,0.75,0.75,0.25,0.75,0.25,0.5,0.5,0.25,0.25,0.25,0.25,0.75,0.25,0.25,0.25,0.75,0.75,0.25,0.25,0.75,0.5,0.25,0.25,0.5
6,0.75,0.5,0.25,0.5,0.75,0.75,0.5,0.5,0.25,0.75,0.75,0.75,0.5,0.75,0.5,0.5,0.75,0.5,0.5,0.25,0.25,0.75,0.5,0.5,0.25,0.5,0.5,0.75,0.75,0.25,0.5,0.5,0.5,0.5,0.5,0.5,0.25,0.75,0.5,0.25,0.75,0.5,0.5,0.25,0.75,0.5,0.25,0.75,0.25,0.75,0.75,0.5,0.75,0.75,0.5,0.5,0.5,0.5,0.75,0.25,0.5,0.25,0.5,0.5,0.75,0.75,0.75,0.75,0.5,0.5,0.75,0.75,0.5,0.5,0.75,0.25,0.75,0.25,0.75,0.25,0.75,0.75,0.75,0.75,0.5,0.25,0.75,0.75,0.25,0.5,0.5,0.75,0.75,0.5,0.75,0.5,0.5,0.5,0.75,0.5,0.5,0.75,0.25,0.75,0.75,0.5,0.75,0.5,0.75,0.5,0.5,0.5,0.25,0.75,0.5,0.75,0.25,0.5,0.25,0.75,0.5,0.75,0.75,0.5,0.5
7,0.75,0.75,0.25,0.75,0.5,0.5,0.5,0.75,0.75,0.75,0.5,0.5,0.5,0.25,0.75,0.5,0.75,0.75,0.75,0.25,0.5,0.5,0.75,0.75,0.75,0.75,0.75,0.5,0.75,0.5,0.75,0.75,0.25,0.75,0.5,0.75,0.5,0.25,0.75,0.5,0.5,0.25,0.75,0.5,0.5,0.75,0.5,0.25,0.5,0.5,0.25,0.75,0.5,0.5,0.75,0.75,0.75,0.75,0.5,0.5,0.75,0.5,0.75,0.75,0.5,0.5,0.5,0.5,0.5,0.25,0.5,0.25,0.75,0.75,0.5,0.25,0.5,0.75,0.75,0.5,0.5,0.25,0.25,0.5,0.25,0.5,0.25,0.5,0.5,0.25,0.75,0.75,0.75,0.25,0.5,0.25,0.75,0.5,0.75,0.75,0.75,0.25,0.25,0.5,0.25,0.25,0.25,0.5,0.5,0.75,0.5,0.75,0.5,0.5,0.75,0.5,0.5,0.25,0.5,0.5,0.75,0.25,0.5,0.75,0.25
8,0.75,0.25,0.25,0.25,0.5,0.5,0.5,0.25,0.5,0.75,0.5,0.5,0.75,0.5,0.75,0.25,0.75,0.25,0.25,0.25,0.25,0.75,0.75,0.25,0.5,0.5,0.5,0.25,0.75,0.75,0.5,0.25,0.75,0.25,0.75,0.25,0.25,0.5,0.25,0.75,0.25,0.75,0.25,0.25,0.5,0.25,0.25,0.25,0.25,0.5,0.25,0.25,0.75,0.5,0.25,0.25,0.25,0.25,0.25,0.75,0.5,0.5,0.25,0.25,0.5,0.5,0.25,0.25,0.25,0.5,0.25,0.5,0.25,0.5,0.25,0.5,0.5,0.5,0.75,0.25,0.5,0.5,0.5,0.5,0.75,0.25,0.75,0.5,0.5,0.75,0.5,0.75,0.25,0.25,0.25,0.75,0.25,0.75,0.75,0.75,0.25,0.25,0.75,0.25,0.5,0.75,0.5,0.5,0.25,0.5,0.75,0.75,0.25,0.75,0.25,0.75,0.5,0.75,0.5,0.5,0.75,0.25,0.25,0.75,0.5
9,0.5,0.5,0.25,0.75,0.75,0.75,0.5,0.75,0.75,0.5,0.75,0.25,0.5,0.25,0.25,0.5,0.25,0.75,0.75,0.25,0.75,0.5,0.25,0.5,0.75,0.25,0.75,0.75,0.5,0.5,0.25,0.75,0.25,0.75,0.75,0.5,0.5,0.75,0.75,0.25,0.5,0.25,0.75,0.5,0.75,0.75,0.5,0.25,0.5,0.25,0.5,0.5,0.5,0.25,0.5,0.75,0.75,0.5,0.5,0.25,0.75,0.75,0.75,0.5,0.25,0.75,0.5,0.75,0.75,0.5,0.75,0.25,0.75,0.25,0.5,0.25,0.25,0.75,0.5,0.25,0.75,0.25,0.25,0.75,0.25,0.5,0.25,0.5,0.75,0.25,0.75,0.5,0.25,0.25,0.5,0.5,0.5,0.5,0.5,0.25,0.75,0.25,0.5,0.5,0.25,0.5,0.25,0.5,0.5,0.75,0.25,0.5,0.5,0.5,0.75,0.5,0.75,0.25,0.5,0.25,0.25,0.75,0.5,0.5,0.75
10,0.5,0.5,0.25,0.75,0.75,0.75,0.25,0.75,0.75,0.25,0.75,0.25,0.5,0.25,0.25,0.5,0.25,0.75,0.75,0.25,0.25,0.5,0.25,0.75,0.75,0.25,0.25,0.75,0.5,0.5,0.5,0.75,0.25,0.75,0.5,0.75,0.5,0.75,0.75,0.25,0.5,0.25,0.5,0.5,0.75,0.75,0.5,0.75,0.5,0.25,0.5,0.75,0.25,0.75,0.5,0.5,0.75,0.75,0.5,0.25,0.25,0.75,0.75,0.5,0.25,0.75,0.5,0.5,0.25,0.5,0.75,0.25,0.5,0.25,0.5,0.25,0.75,0.75,0.5,0.25,0.75,0.25,0.25,0.75,0.25,0.5,0.25,0.5,0.75,0.25,0.25,0.5,0.25,0.25,0.5,0.5,0.75,0.5,0.5,0.25,0.75,0.25,0.75,0.5,0.25,0.5,0.25,0.5,0.5,0.25,0.5,0.5,0.5,0.25,0.5,0.25,0.75,0.25,0.5,0.25,0.25,0.75,0.5,0.25,0.25
11,0.5,0.5,0.5,0.75,0.75,0.75,0.5,0.75,0.75,0.25,0.75,0.5,0.5,0.25,0.25,0.5,0.25,0.75,0.75,0.75,0.75,0.5,0.25,0.75,0.75,0.25,0.25,0.75,0.75,0.5,0.75,0.75,0.25,0.75,0.5,0.75,0.5,0.75,0.75,0.25,0.5,0.25,0.5,0.5,0.75,0.75,0.5,0.25,0.5,0.25,0.5,0.75,0.25,0.75,0.5,0.75,0.75,0.75,0.5,0.25,0.75,0.75,0.75,0.5,0.25,0.75,0.5,0.5,0.25,0.25,0.5,0.25,0.75,0.25,0.5,0.5,0.75,0.75,0.5,0.25,0.75,0.25,0.25,0.75,0.25,0.5,0.25,0.5,0.75,0.25,0.75,0.5,0.25,0.5,0.5,0.5,0.75,0.5,0.5,0.25,0.75,0.25,0.75,0.5,0.25,0.5,0.25,0.25,0.5,0.75,0.25,0.5,0.5,0.25,0.75,0.25,0.75,0.25,0.5,0.25,0.25,0.75,0.5,0.25,0.25
12,0.5,0.5,0.5,0.75,0.75,0.75,0.5,0.75,0.75,0.75,0.75,0.5,0.5,0.25,0.25,0.5,0.25,0.75,0.75,0.75,0.75,0.5,0.25,0.75,0.75,0.25,0.25,0.75,0.75,0.5,0.75,0.75,0.25,0.75,0.75,0.75,0.5,0.75,0.75,0.25,0.5,0.25,0.5,0.5,0.75,0.75,0.75,0.25,0.5,0.25,0.5,0.75,0.25,0.75,0.5,0.75,0.75,0.75,0.5,0.25,0.75,0.75,0.75,0.5,0.25,0.75,0.5,0.5,0.25,0.25,0.5,0.25,0.75,0.25,0.5,0.5,0.75,0.75,0.5,0.25,0.75,0.25,0.25,0.75,0.25,0.25,0.25,0.5,0.75,0.25,0.75,0.5,0.75,0.5,0.5,0.5,0.75,0.5,0.5,0.25,0.75,0.25,0.25,0.5,0.25,0.5,0.25,0.5,0.5,0.75,0.25,0.5,0.5,0.25,0.75,0.25,0.75,0.25,0.5,0.25,0.25,0.75,0.5,0.25,0.25
13,0.5,0.5,0.5,0.75,0.75,0.75,0.5,0.75,0.75,0.25,0.75,0.5,0.5,0.25,0.25,0.5,0.25,0.75,0.75,0.25,0.25,0.5,0.25,0.75,0.75,0.25,0.25,0.75,0.75,0.5,0.75,0.75,0.25,0.75,0.75,0.75,0.5,0.75,0.75,0.25,0.5,0.25,0.5,0.5,0.75,0.75,0.5,0.25,0.5,0.25,0.5,0.75,0.25,0.75,0.5,0.25,0.75,0.75,0.5,0.25,0.75,0.75,0.75,0.5,0.25,0.75,0.5,0.5,0.25,0.75,0.5,0.25,0.25,0.25,0.5,0.5,0.75,0.75,0.5,0.25,0.75,0.25,0.25,0.75,0.25,0.5,0.25,0.5,0.75,0.25,0.75,0.5,0.5,0.25,0.5,0.5,0.75,0.5,0.5,0.25,0.75,0.75,0.5,0.5,0.25,0.5,0.25,0.5,0.5,0.75,0.25,0.5,0.5,0.25,0.25,0.25,0.75,0.25,0.5,0.25,0.25,0.75,0.5,0.25,0.25
14,0.5,0.5,0.5,0.75,0.75,0.75,0.25,0.75,0.75,0.25,0.75,0.5,0.5,0.25,0.25,0.5,0.25,0.75,0.75,0.25,0.25,0.5,0.25,0.75,0.75,0.25,0.25,0.75,0.75,0.5,0.5,0.75,0.25,0.75,0.75,0.75,0.5,0.75,0.75,0.25,0.5,0.25,0.5,0.5,0.75,0.75,0.75,0.25,0.5,0.25,0.5,0.75,0.25,0.75,0.5,0.75,0.75,0.75,0.5,0.25,0.75,0.75,0.75,0.5,0.25,0.75,0.5,0.5,0.25,0.5,0.5,0.25,0.75,0.25,0.5,0.5,0.75,0.75,0.5,0.25,0.75,0.25,0.25,0.75,0.25,0.5,0.25,0.5,0.75,0.25,0.75,0.5,0.5,0.25,0.5,0.25,0.75,0.5,0.5,0.25,0.75,0.75,0.75,0.5,0.25,0.5,0.25,0.5,0.5,0.75,0.25,0.5,0.5,0.25,0.75,0.25,0.75,0.25,0.5,0.25,0.25,0.75,0.5,0.25,0.25
15,0.5,0.5,0.5,0.75,0.75,0.75,0.25,0.75,0.75,0.25,0.75,0.5,0.5,0.25,0.25,0.5,0.25,0.75,0.75,0.5,0.25,0.5,0.25,0.75,0.75,0.25,0.25,0.75,0.75,0.5,0.5,0.75,0.25,0.75,0.75,0.75,0.5,0.75,0.75,0.25,0.5,0.25,0.5,0.5,0.75,0.75,0.75,0.75,0.5,0.25,0.5,0.75,0.25,0.75,0.5,0.75,0.75,0.75,0.5,0.25,0.75,0.75,0.75,0.5,0.25,0.75,0.5,0.5,0.25,0.75,0.5,0.25,0.75,0.25,0.5,0.5,0.75,0.75,0.5,0.25,0.75,0.25,0.25,0.75,0.25,0.75,0.25,0.5,0.75,0.25,0.75,0.5,0.5,0.5,0.5,0.5,0.75,0.5,0.5,0.25,0.75,0.75,0.75,0.5,0.25,0.5,0.25,0.5,0.5,0.75,0.25,0.5,0.5,0.25,0.75,0.25,0.75,0.25,0.5,0.25,0.75,0.75,0.5,0.25,0.25
16,0.5,0.5,0.5,0.75,0.75,0.75,0.25,0.75,0.75,0.25,0.75,0.5,0.5,0.25,0.25,0.5,0.25,0.75,0.75,0.5,0.25,0.5,0.25,0.75,0.75,0.25,0.25,0.75,0.75,0.5,0.75,0.75,0.25,0.75,0.75,0.75,0.5,0.75,0.75,0.25,0.5,0.25,0.5,0.5,0.75,0.75,0.75,0.25,0.5,0.25,0.5,0.75,0.25,0.75,0.5,0.75,0.75,0.75,0.5,0.25,0.75,0.75,0.75,0.5,0.25,0.75,0.5,0.5,0.5,0.5,0.5,0.25,0.75,0.25,0.5,0.25,0.75,0.75,0.5,0.25,0.75,0.25,0.25,0.75,0.25,0.25,0.25,0.5,0.75,0.25,0.75,0.5,0.5,0.25,0.5,0.5,0.75,0.5,0.5,0.25,0.75,0.75,0.75,0.5,0.25,0.5,0.25,0.5,0.5,0.75,0.25,0.5,0.5,0.25,0.75,0.25,0.75,0.25,0.5,0.25,0.75,0.75,0.5,0.25,0.25
17,0.5,0.5,0.25,0.75,0.75,0.75,0.25,0.75,0.75,0.75,0.75,0.5,0.5,0.25,0.25,0.5,0.25,0.75,0.75,0.75,0.75,0.5,0.25,0.75,0.75,0.25,0.25,0.75,0.75,0.5,0.5,0.75,0.25,0.75,0.75,0.75,0.5,0.75,0.75,0.25,0.5,0.25,0.5,0.5,0.75,0.75,0.75,0.25,0.5,0.25,0.5,0.75,0.25,0.75,0.5,0.75,0.75,0.75,0.5,0.25,0.75,0.75,0.75,0.5,0.25,0.75,0.5,0.5,0.5,0.5,0.5,0.25,0.75,0.25,0.5,0.5,0.75,0.75,0.5,0.25,0.75,0.25,0.25,0.75,0.25,0.25,0.25,0.5,0.75,0.25,0.75,0.5,0.5,0.5,0.5,0.5,0.75,0.5,0.5,0.25,0.75,0.75,0.75,0.5,0.25,0.5,0.25,0.5,0.5,0.75,0.25,0.5,0.5,0.25,0.75,0.25,0.75,0.25,0.5,0.25,0.25,0.75,0.5,0.25,0.5
18,0.5,0.5,0.25,0.75,0.75,0.75,0.5,0.75,0.75,0.75,0.75,0.5,0.5,0.25,0.25,0.5,0.25,0.75,0.75,0.25,0.75,0.5,0.25,0.75,0.75,0.25,0.25,0.75,0.5,0.5,0.25,0.75,0.25,0.75,0.25,0.75,0.5,0.75,0.75,0.25,0.5,0.25,0.5,0.5,0.75,0.75,0.75,0.25,0.5,0.25,0.5,0.75,0.25,0.75,0.5,0.75,0.75,0.75,0.5,0.25,0.75,0.75,0.75,0.5,0.25,0.75,0.5,0.5,0.5,0.25,0.5,0.25,0.75,0.25,0.5,0.25,0.75,0.75,0.5,0.25,0.75,0.25,0.25,0.75,0.25,0.5,0.25,0.5,0.75,0.25,0.75,0.5,0.5,0.25,0.5,0.5,0.75,0.5,0.5,0.25,0.75,0.75,0.75,0.5,0.25,0.5,0.25,0.5,0.5,0.75,0.25,0.5,0.5,0.25,0.75,0.25,0.75,0.25,0.5,0.25,0.25,0.75,0.5,0.25,0.5
19,0.5,0.5,0.5,0.75,0.75,0.75,0.5,0.75,0.75,0.25,0.75,0.25,0.5,0.25,0.25,0.5,0.25,0.75,0.75,0.25,0.75,0.5,0.25,0.75,0.75,0.25,0.25,0.75,0.75,0.5,0.25,0.75,0.25,0.75,0.25,0.75,0.5,0.75,0.75,0.25,0.5,0.25,0.5,0.5,0.75,0.75,0.75,0.25,0.5,0.25,0.5,0.75,0.25,0.75,0.5,0.75,0.75,0.75,0.5,0.25,0.75,0.75,0.75,0.5,0.25,0.75,0.5,0.5,0.5,0.25,0.5,0.25,0.75,0.25,0.5,0.25,0.75,0.75,0.5,0.5,0.75,0.25,0.25,0.75,0.25,0.5,0.25,0.5,0.75,0.25,0.75,0.5,0.5,0.5,0.5,0.5,0.75,0.5,0.5,0.25,0.75,0.75,0.75,0.5,0.25,0.5,0.25,0.5,0.5,0.75,0.25,0.5,0.5,0.25,0.75,0.25,0.75,0.25,0.5,0.25,0.25,0.75,0.5,0.25,0.75
20,0.5,0.5,0.25,0.75,0.75,0.75,0.5,0.75,0.75,0.25,0.75,0.25,0.5,0.25,0.25,0.5,0.25,0.75,0.75,0.25,0.75,0.5,0.25,0.75,0.75,0.25,0.25,0.75,0.75,0.5,0.25,0.75,0.25,0.75,0.25,0.75,0.5,0.75,0.75,0.25,0.5,0.25,0.5,0.5,0.75,0.75,0.75,0.25,0.5,0.25,0.5,0.75,0.25,0.75,0.5,0.75,0.75,0.75,0.5,0.25,0.75,0.75,0.75,0.5,0.25,0.75,0.5,0.5,0.25,0.25,0.5,0.25,0.75,0.25,0.5,0.25,0.75,0.75,0.5,0.5,0.75,0.25,0.25,0.75,0.25,0.5,0.25,0.5,0.75,0.25,0.75,0.5,0.25,0.5,0.5,0.5,0.75,0.5,0.5,0.25,0.75,0.5,0.75,0.5,0.25,0.5,0.25,0.5,0.5,0.75,0.25,0.5,0.5,0.25,0.75,0.25,0.75,0.25,0.5,0.25,0.25,0.75,0.5,0.25,0.75
21,0.5,0.5,0.25,0.75,0.75,0.75,0.5,0.75,0.75,0.5,0.75,0.25,0.5,0.25,0.25,0.5,0.25,0.75,0.75,0.75,0.75,0.5,0.25,0.75,0.75,0.25,0.25,0.75,0.25,0.5,0.75,0.75,0.25,0.75,0.25,0.75,0.5,0.75,0.75,0.25,0.5,0.25,0.5,0.5,0.75,0.75,0.75,0.75,0.5,0.25,0.5,0.75,0.25,0.75,0.5,0.75,0.75,0.75,0.5,0.25,0.75,0.75,0.75,0.5,0.25,0.75,0.5,0.5,0.25,0.5,0.5,0.25,0.75,0.25,0.5,0.75,0.75,0.75,0.5,0.5,0.75,0.25,0.25,0.75,0.25,0.75,0.25,0.5,0.75,0.25,0.75,0.5,0.5,0.5,0.5,0.5,0.75,0.5,0.5,0.25,0.75,0.25,0.75,0.5,0.25,0.5,0.25,0.5,0.5,0.75,0.25,0.5,0.5,0.25,0.75,0.25,0.75,0.25,0.5,0.25,0.5,0.75,0.5,0.25,0.25
22,0.5,0.75,0.25,0.75,0.75,0.75,0.5,0.75,0.75,0.25,0.75,0.5,0.5,0.25,0.25,0.5,0.25,0.75,0.75,0.25,0.75,0.5,0.25,0.75,0.75,0.25,0.25,0.75,0.5,0.5,0.5,0.75,0.25,0.75,0.75,0.75,0.5,0.75,0.75,0.25,0.5,0.25,0.5,0.5,0.75,0.75,0.75,0.25,0.5,0.25,0.5,0.75,0.25,0.75,0.75,0.75,0.75,0.75,0.5,0.25,0.75,0.75,0.75,0.5,0.25,0.75,0.5,0.5,0.25,0.25,0.5,0.25,0.75,0.25,0.5,0.25,0.75,0.75,0.5,0.5,0.75,0.25,0.25,0.75,0.25,0.75,0.25,0.75,0.75,0.25,0.75,0.5,0.5,0.25,0.5,0.5,0.75,0.5,0.5,0.25,0.75,0.5,0.25,0.5,0.25,0.5,0.25,0.5,0.5,0.75,0.25,0.5,0.5,0.25,0.75,0.25,0.75,0.25,0.5,0.25,0.5,0.75,0.5,0.25,0.25
23,0.5,0.75,0.25,0.75,0.75,0.75,0.5,0.75,0.75,0.25,0.75,0.5,0.5,0.25,0.25,0.5,0.25,0.75,0.75,0.5,0.25,0.5,0.25,0.75,0.75,0.25,0.25,0.75,0.75,0.5,0.75,0.75,0.25,0.75,0.25,0.75,0.5,0.75,0.75,0.25,0.5,0.25,0.5,0.5,0.75,0.75,0.75,0.25,0.5,0.25,0.5,0.75,0.25,0.75,0.75,0.75,0.75,0.75,0.5,0.25,0.75,0.75,0.75,0.5,0.25,0.75,0.5,0.5,0.5,0.5,0.5,0.25,0.75,0.25,0.5,0.25,0.75,0.75,0.5,0.75,0.75,0.25,0.25,0.75,0.25,0.75,0.25,0.75,0.75,0.25,0.75,0.5,0.25,0.25,0.5,0.5,0.75,0.5,0.5,0.25,0.75,0.5,0.25,0.5,0.25,0.5,0.25,0.5,0.5,0.75,0.25,0.5,0.5,0.25,0.75,0.25,0.75,0.25,0.25,0.25,0.5,0.75,0.5,0.25,0.25
24,0.5,0.5,0.25,0.75,0.75,0.75,0.5,0.75,0.75,0.25,0.75,0.5,0.5,0.25,0.25,0.5,0.25,0.75,0.75,0.5,0.5,0.5,0.25,0.75,0.75,0.25,0.25,0.75,0.75,0.5,0.75,0.75,0.25,0.75,0.75,0.75,0.5,0.75,0.75,0.25,0.5,0.25,0.5,0.5,0.75,0.75,0.75,0.25,0.5,0.25,0.5,0.75,0.25,0.75,0.5,0.75,0.75,0.75,0.5,0.25,0.75,0.75,0.75,0.5,0.25,0.75,0.5,0.5,0.5,0.75,0.5,0.25,0.75,0.25,0.5,0.5,0.75,0.75,0.5,0.25,0.75,0.25,0.25,0.75,0.25,0.5,0.25,0.75,0.75,0.25,0.75,0.5,0.25,0.25,0.5,0.5,0.75,0.5,0.5,0.25,0.75,0.75,0.25,0.5,0.25,0.5,0.25,0.5,0.5,0.75,0.25,0.5,0.5,0.25,0.75,0.25,0.75,0.25,0.25,0.25,0.5,0.75,0.5,0.25,0.5
25,0.5,0.5,0.75,0.75,0.75,0.75,0.25,0.75,0.75,0.25,0.75,0.5,0.5,0.25,0.25,0.5,0.25,0.75,0.5,0.25,0.25,0.5,0.25,0.75,0.75,0.25,0.25,0.75,0.5,0.5,0.5,0.75,0.25,0.75,0.75,0.75,0.5,0.75,0.75,0.25,0.5,0.25,0.5,0.5,0.75,0.75,0.75,0.25,0.5,0.25,0.5,0.75,0.25,0.75,0.5,0.75,0.75,0.75,0.5,0.25,0.75,0.75,0.75,0.5,0.25,0.75,0.5,0.5,0.5,0.75,0.5,0.25,0.75,0.25,0.5,0.5,0.75,0.75,0.5,0.25,0.75,0.25,0.25,0.75,0.25,0.5,0.25,0.75,0.75,0.25,0.75,0.5,0.25,0.25,0.5,0.5,0.75,0.5,0.5,0.25,0.75,0.25,0.25,0.5,0.25,0.5,0.25,0.5,0.5,0.75,0.25,0.5,0.5,0.25,0.75,0.25,0.75,0.25,0.25,0.25,0.5,0.75,0.5,0.25,0.5
26,0.5,0.75,0.75,0.75,0.75,0.75,0.25,0.75,0.75,0.25,0.75,0.5,0.5,0.25,0.25,0.5,0.25,0.75,0.75,0.5,0.75,0.5,0.25,0.75,0.75,0.25,0.25,0.75,0.75,0.5,0.25,0.75,0.25,0.75,0.25,0.75,0.5,0.75,0.75,0.25,0.5,0.25,0.5,0.5,0.75,0.75,0.75,0.25,0.5,0.25,0.5,0.75,0.25,0.75,0.75,0.75,0.75,0.75,0.5,0.25,0.75,0.75,0.75,0.5,0.25,0.75,0.5,0.5,0.5,0.75,0.5,0.25,0.75,0.25,0.5,0.5,0.75,0.75,0.5,0.75,0.75,0.25,0.25,0.75,0.25,0.5,0.25,0.75,0.75,0.25,0.75,0.5,0.5,0.25,0.5,0.25,0.75,0.5,0.5,0.25,0.75,0.5,0.25,0.5,0.25,0.5,0.25,0.5,0.5,0.75,0.25,0.5,0.5,0.25,0.75,0.25,0.75,0.25,0.25,0.25,0.5,0.75,0.5,0.25,0.25
27,0.5,0.75,0.5,0.75,0.75,0.75,0.25,0.75,0.75,0.75,0.75,0.5,0.5,0.25,0.25,0.5,0.25,0.5,0.75,0.5,0.25,0.5,0.25,0.75,0.75,0.25,0.25,0.75,0.75,0.5,0.25,0.75,0.25,0.75,0.75,0.75,0.5,0.75,0.5,0.25,0.5,0.25,0.5,0.5,0.75,0.75,0.75,0.5,0.5,0.25,0.5,0.75,0.25,0.75,0.75,0.75,0.75,0.75,0.5,0.25,0.75,0.75,0.5,0.5,0.25,0.75,0.5,0.5,0.5,0.75,0.5,0.25,0.75,0.25,0.5,0.5,0.75,0.75,0.5,0.75,0.75,0.25,0.25,0.75,0.25,0.75,0.25,0.5,0.75,0.25,0.75,0.5,0.25,0.5,0.5,0.5,0.75,0.5,0.5,0.25,0.75,0.75,0.25,0.5,0.25,0.5,0.25,0.5,0.5,0.75,0.25,0.5,0.5,0.25,0.75,0.25,0.75,0.25,0.5,0.25,0.5,0.75,0.5,0.25,0.5
28,0.5,0.75,0.25,0.75,0.75,0.75,0.5,0.75,0.75,0.75,0.75,0.5,0.5,0.25,0.25,0.5,0.25,0.75,0.75,0.75,0.25,0.5,0.25,0.75,0.75,0.25,0.25,0.75,0.5,0.5,0.25,0.75,0.25,0.75,0.75,0.75,0.5,0.75,0.75,0.25,0.5,0.25,0.5,0.5,0.75,0.75,0.75,0.25,0.5,0.25,0.5,0.75,0.25,0.75,0.75,0.75,0.75,0.75,0.5,0.25,0.75,0.75,0.75,0.5,0.25,0.75,0.5,0.5,0.5,0.25,0.5,0.25,0.75,0.25,0.5,0.5,0.75,0.75,0.5,0.75,0.75,0.25,0.25,0.75,0.25,0.75,0.25,0.5,0.75,0.25,0.75,0.5,0.5,0.5,0.5,0.5,0.75,0.5,0.5,0.25,0.75,0.75,0.25,0.5,0.25,0.5,0.25,0.75,0.5,0.75,0.25,0.5,0.5,0.25,0.75,0.25,0.75,0.25,0.25,0.25,0.75,0.75,0.5,0.25,0.5
29,0.5,0.75,0.25,0.75,0.75,0.75,0.5,0.75,0.75,0.25,0.75,0.5,0.5,0.25,0.25,0.5,0.25,0.5,0.75,0.75,0.75,0.5,0.25,0.75,0.75,0.25,0.25,0.75,0.75,0.5,0.5,0.75,0.25,0.75,0.5,0.75,0.5,0.75,0.5,0.25,0.5,0.25,0.5,0.5,0.75,0.75,0.75,0.25,0.5,0.25,0.5,0.75,0.25,0.75,0.75,0.75,0.75,0.75,0.5,0.25,0.75,0.75,0.5,0.5,0.25,0.75,0.5,0.5,0.5,0.75,0.5,0.25,0.75,0.25,0.5,0.5,0.75,0.75,0.5,0.25,0.75,0.25,0.25,0.75,0.25,0.75,0.25,0.75,0.75,0.25,0.75,0.5,0.5,0.5,0.5,0.5,0.75,0.5,0.5,0.25,0.75,0.75,0.25,0.5,0.25,0.5,0.25,0.75,0.5,0.75,0.25,0.5,0.5,0.25,0.75,0.25,0.75,0.25,0.25,0.25,0.75,0.75,0.5,0.25,0.25
30,0.5,0.75,0.25,0.75,0.75,0.75,0.5,0.75,0.75,0.25,0.75,0.5,0.5,0.25,0.25,0.5,0.25,0.5,0.75,0.25,0.25,0.5,0.25,0.75,0.75,0.25,0.25,0.75,0.75,0.5,0.25,0.75,0.25,0.75,0.5,0.75,0.5,0.75,0.5,0.25,0.5,0.25,0.5,0.5,0.75,0.75,0.75,0.5,0.5,0.25,0.5,0.75,0.25,0.75,0.75,0.75,0.75,0.75,0.5,0.25,0.75,0.75,0.5,0.5,0.25,0.75,0.5,0.5,0.5,0.75,0.5,0.25,0.75,0.25,0.5,0.25,0.75,0.75,0.5,0.25,0.75,0.25,0.25,0.75,0.25,0.25,0.25,0.5,0.75,0.25,0.75,0.5,0.5,0.5,0.5,0.5,0.75,0.5,0.5,0.25,0.75,0.75,0.25,0.5,0.25,0.5,0.25,0.75,0.5,0.75,0.25,0.5,0.5,0.25,0.75,0.25,0.75,0.25,0.25,0.25,0.75,0.75,0.5,0.25,0.5
31,0.5,0.75,0.25,0.75,0.75,0.75,0.5,0.75,0.75,0.25,0.75,0.5,0.5,0.25,0.5,0.5,0.25,0.75,0.75,0.5,0.75,0.5,0.5,0.75,0.75,0.25,0.25,0.75,0.25,0.5,0.25,0.75,0.25,0.75,0.5,0.75,0.5,0.75,0.75,0.25,0.5,0.25,0.5,0.5,0.75,0.75,0.75,0.5,0.5,0.25,0.5,0.75,0.25,0.75,0.75,0.75,0.75,0.75,0.5,0.25,0.75,0.75,0.75,0.5,0.25,0.75,0.5,0.5,0.25,0.75,0.5,0.25,0.75,0.25,0.5,0.25,0.75,0.75,0.5,0.5,0.75,0.25,0.25,0.75,0.25,0.25,0.25,0.75,0.75,0.25,0.75,0.5,0.5,0.25,0.5,0.5,0.75,0.5,0.5,0.25,0.75,0.25,0.75,0.5,0.25,0.5,0.25,0.75,0.5,0.75,0.25,0.5,0.5,0.25,0.75,0.25,0.75,0.25,0.5,0.25,0.75,0.75,0.5,0.25,0.5
32,0.5,0.75,0.5,0.75,0.75,0.75,0.5,0.75,0.75,0.25,0.75,0.5,0.5,0.25,0.5,0.5,0.25,0.75,0.75,0.5,0.25,0.5,0.5,0.75,0.75,0.25,0.25,0.75,0.25,0.5,0.75,0.75,0.25,0.75,0.75,0.75,0.5,0.75,0.75,0.25,0.5,0.25,0.5,0.5,0.75,0.75,0.75,0.25,0.5,0.25,0.5,0.75,0.25,0.75,0.75,0.75,0.75,0.75,0.5,0.25,0.75,0.75,0.75,0.5,0.25,0.75,0.5,0.5,0.25,0.5,0.5,0.25,0.75,0.25,0.5,0.25,0.75,0.75,0.5,0.25,0.75,0.25,0.25,0.75,0.25,0.25,0.25,0.75,0.75,0.25,0.75,0.5,0.25,0.5,0.5,0.5,0.75,0.5,0.5,0.25,0.75,0.25,0.75,0.5,0.25,0.5,0.25,0.5,0.5,0.75,0.25,0.5,0.5,0.25,0.75,0.25,0.75,0.25,0.5,0.25,0.75,0.75,0.5,0.25,0.75
33,0.5,0.75,0.5,0.75,0.75,0.75,0.5,0.75,0.75,0.75,0.75,0.25,0.5,0.25,0.5,0.5,0.25,0.5,0.75,0.25,0.75,0.5,0.5,0.75,0.75,0.25,0.25,0.75,0.75,0.5,0.5,0.75,0.25,0.75,0.5,0.75,0.5,0.75,0.5,0.25,0.5,0.25,0.5,0.5,0.75,0.75,0.75,0.25,0.5,0.25,0.5,0.75,0.25,0.75,0.75,0.75,0.75,0.75,0.5,0.25,0.75,0.25,0.5,0.5,0.25,0.75,0.5,0.5,0.5,0.5,0.5,0.25,0.75,0.25,0.5,0.25,0.75,0.75,0.5,0.75,0.75,0.25,0.25,0.75,0.25,0.5,0.25,0.75,0.75,0.25,0.75,0.5,0.5,0.25,0.5,0.5,0.75,0.5,0.5,0.25,0.75,0.75,0.25,0.5,0.25,0.5,0.25,0.5,0.5,0.75,0.25,0.5,0.5,0.25,0.75,0.25,0.75,0.25,0.5,0.25,0.75,0.75,0.5,0.25,0.5
34,0.5,0.5,0.5,0.75,0.75,0.75,0.25,0.75,0.75,0.75,0.75,0.5,0.5,0.25,0.5,0.5,0.25,0.5,0.75,0.25,0.75,0.5,0.5,0.75,0.75,0.25,0.25,0.75,0.25,0.5,0.25,0.75,0.25,0.75,0.5,0.75,0.5,0.75,0.5,0.25,0.5,0.25,0.5,0.5,0.75,0.75,0.75,0.25,0.5,0.25,0.5,0.75,0.25,0.75,0.5,0.75,0.75,0.75,0.5,0.25,0.75,0.25,0.5,0.5,0.25,0.75,0.5,0.5,0.5,0.5,0.5,0.25,0.75,0.25,0.5,0.25,0.75,0.75,0.5,0.75,0.75,0.25,0.25,0.75,0.25,0.25,0.25,0.75,0.75,0.25,0.75,0.5,0.5,0.25,0.5,0.5,0.75,0.5,0.5,0.25,0.75,0.75,0.75,0.5,0.25,0.5,0.25,0.5,0.5,0.75,0.25,0.5,0.5,0.25,0.75,0.25,0.75,0.25,0.5,0.25,0.75,0.75,0.5,0.25,0.75
35,0.5,0.5,0.5,0.75,0.75,0.75,0.5,0.75,0.75,0.75,0.75,0.25,0.5,0.25,0.5,0.5,0.25,0.75,0.75,0.5,0.75,0.5,0.5,0.75,0.75,0.25,0.25,0.75,0.25,0.5,0.75,0.75,0.25,0.75,0.75,0.75,0.5,0.75,0.75,0.25,0.5,0.25,0.5,0.5,0.75,0.75,0.75,0.25,0.5,0.25,0.5,0.75,0.25,0.75,0.5,0.75,0.75,0.75,0.5,0.25,0.75,0.75,0.75,0.5,0.25,0.75,0.5,0.5,0.5,0.5,0.5,0.25,0.75,0.25,0.5,0.25,0.75,0.75,0.5,0.75,0.75,0.25,0.25,0.75,0.25,0.5,0.25,0.75,0.75,0.25,0.75,0.5,0.25,0.25,0.5,0.25,0.75,0.5,0.5,0.25,0.75,0.75,0.75,0.5,0.25,0.5,0.25,0.75,0.5,0.75,0.25,0.5,0.5,0.25,0.75,0.25,0.75,0.25,0.5,0.25,0.25,0.75,0.5,0.25,0.5
36,0.5,0.5,0.25,0.75,0.75,0.75,0.25,0.75,0.75,0.75,0.75,0.25,0.5,0.25,0.5,0.5,0.25,0.75,0.75,0.5,0.75,0.5,0.5,0.75,0.75,0.25,0.25,0.75,0.25,0.5,0.25,0.75,0.25,0.75,0.75,0.75,0.5,0.75,0.75,0.25,0.5,0.25,0.5,0.5,0.75,0.75,0.75,0.5,0.5,0.25,0.5,0.75,0.25,0.75,0.5,0.75,0.75,0.75,0.5,0.25,0.75,0.75,0.75,0.5,0.25,0.75,0.5,0.5,0.25,0.5,0.5,0.25,0.75,0.25,0.5,0.25,0.75,0.75,0.5,0.75,0.75,0.25,0.25,0.75,0.25,0.75,0.25,0.5,0.75,0.25,0.75,0.5,0.25,0.5,0.5,0.25,0.75,0.5,0.5,0.25,0.75,0.75,0.5,0.5,0.25,0.5,0.25,0.75,0.5,0.75,0.25,0.5,0.5,0.25,0.75,0.25,0.75,0.25,0.5,0.25,0.25,0.75,0.5,0.25,0.5
37,0.5,0.5,0.25,0.75,0.75,0.75,0.25,0.75,0.75,0.25,0.75,0.25,0.5,0.75,0.5,0.5,0.25,0.75,0.75,0.25,0.25,0.5,0.5,0.75,0.75,0.25,0.25,0.75,0.25,0.5,0.25,0.75,0.25,0.75,0.5,0.75,0.5,0.75,0.75,0.25,0.5,0.25,0.5,0.5,0.75,0.75,0.75,0.5,0.5,0.25,0.5,0.75,0.25,0.75,0.5,0.75,0.75,0.75,0.5,0.25,0.75,0.75,0.75,0.5,0.25,0.75,0.5,0.5,0.25,0.5,0.5,0.25,0.75,0.25,0.5,0.5,0.75,0.75,0.5,0.75,0.75,0.75,0.75,0.75,0.25,0.5,0.25,0.75,0.75,0.25,0.75,0.5,0.25,0.25,0.5,0.25,0.75,0.5,0.5,0.25,0.75,0.75,0.25,0.5,0.75,0.5,0.25,0.5,0.5,0.75,0.25,0.5,0.5,0.25,0.75,0.25,0.75,0.25,0.5,0.25,0.25,0.75,0.5,0.25,0.5
38,0.5,0.5,0.25,0.75,0.75,0.75,0.5,0.75,0.75,0.25,0.75,0.25,0.5,0.25,0.5,0.5,0.25,0.75,0.75,0.25,0.75,0.5,0.5,0.75,0.75,0.25,0.25,0.75,0.25,0.25,0.5,0.75,0.25,0.75,0.75,0.75,0.5,0.75,0.75,0.25,0.5,0.25,0.5,0.5,0.75,0.75,0.75,0.5,0.5,0.25,0.5,0.75,0.25,0.75,0.5,0.75,0.75,0.75,0.5,0.25,0.75,0.25,0.75,0.5,0.25,0.75,0.5,0.5,0.25,0.75,0.5,0.25,0.75,0.25,0.5,0.25,0.75,0.75,0.5,0.75,0.75,0.25,0.25,0.75,0.25,0.75,0.25,0.5,0.75,0.25,0.75,0.5,0.5,0.25,0.5,0.25,0.75,0.5,0.5,0.25,0.75,0.25,0.25,0.5,0.25,0.5,0.25,0.5,0.5,0.75,0.25,0.5,0.5,0.25,0.75,0.25,0.75,0.25,0.5,0.25,0.75,0.75,0.5,0.25,0.25
39,0.5,0.5,0.25,0.75,0.75,0.75,0.5,0.75,0.75,0.75,0.75,0.25,0.5,0.25,0.25,0.5,0.25,0.75,0.75,0.25,0.75,0.5,0.25,0.75,0.75,0.25,0.25,0.75,0.5,0.25,0.25,0.75,0.25,0.75,0.75,0.75,0.5,0.75,0.75,0.25,0.5,0.25,0.5,0.5,0.75,0.75,0.75,0.25,0.5,0.25,0.5,0.75,0.25,0.75,0.5,0.75,0.75,0.75,0.5,0.25,0.75,0.25,0.75,0.5,0.25,0.75,0.5,0.5,0.25,0.5,0.5,0.25,0.75,0.25,0.5,0.25,0.75,0.75,0.5,0.75,0.75,0.25,0.25,0.75,0.25,0.75,0.25,0.5,0.75,0.25,0.75,0.5,0.5,0.25,0.5,0.25,0.75,0.5,0.5,0.25,0.75,0.25,0.25,0.5,0.25,0.5,0.25,0.5,0.5,0.75,0.25,0.5,0.5,0.25,0.75,0.25,0.75,0.25,0.25,0.25,0.75,0.75,0.5,0.25,0.25
40,0.5,0.75,0.75,0.75,0.75,0.75,0.5,0.75,0.75,0.25,0.75,0.25,0.5,0.25,0.25,0.5,0.25,0.75,0.75,0.25,0.75,0.5,0.25,0.75,0.75,0.25,0.25,0.75,0.5,0.5,0.25,0.75,0.25,0.75,0.75,0.75,0.5,0.75,0.75,0.25,0.5,0.25,0.5,0.5,0.75,0.75,0.75,0.25,0.5,0.25,0.5,0.75,0.25,0.75,0.75,0.75,0.75,0.75,0.5,0.25,0.75,0.25,0.75,0.5,0.25,0.75,0.5,0.5,0.25,0.75,0.5,0.25,0.75,0.25,0.5,0.25,0.75,0.75,0.5,0.5,0.75,0.25,0.25,0.75,0.25,0.75,0.5,0.5,0.75,0.25,0.75,0.5,0.25,0.5,0.5,0.25,0.75,0.5,0.5,0.25,0.75,0.25,0.5,0.5,0.25,0.5,0.25,0.5,0.5,0.75,0.25,0.5,0.5,0.25,0.75,0.25,0.75,0.25,0.5,0.25,0.75,0.75,0.5,0.25,0.25
41,0.5,0.5,0.75,0.75,0.75,0.75,0.5,0.75,0.75,0.25,0.75,0.25,0.5,0.25,0.25,0.5,0.25,0.75,0.75,0.25,0.75,0.5,0.25,0.75,0.75,0.25,0.25,0.75,0.75,0.5,0.5,0.75,0.25,0.75,0.25,0.75,0.5,0.75,0.75,0.25,0.5,0.25,0.5,0.5,0.75,0.75,0.75,0.75,0.5,0.25,0.5,0.75,0.25,0.75,0.5,0.75,0.75,0.75,0.5,0.25,0.75,0.75,0.75,0.5,0.25,0.75,0.5,0.5,0.25,0.5,0.5,0.25,0.75,0.25,0.5,0.25,0.75,0.75,0.5,0.5,0.75,0.25,0.25,0.75,0.25,0.25,0.25,0.5,0.75,0.25,0.75,0.5,0.25,0.25,0.5,0.25,0.75,0.5,0.5,0.25,0.75,0.25,0.5,0.5,0.25,0.5,0.25,0.5,0.5,0.75,0.25,0.5,0.5,0.25,0.75,0.25,0.75,0.25,0.5,0.25,0.75,0.75,0.5,0.25,0.75
42,0.5,0.5,0.75,0.75,0.75,0.75,0.25,0.75,0.75,0.25,0.75,0.5,0.5,0.25,0.25,0.5,0.25,0.75,0.75,0.75,0.75,0.5,0.25,0.75,0.75,0.25,0.25,0.75,0.75,0.5,0.25,0.75,0.25,0.75,0.25,0.75,0.5,0.75,0.75,0.5,0.5,0.25,0.5,0.5,0.75,0.75,0.75,0.25,0.5,0.25,0.5,0.75,0.25,0.75,0.5,0.25,0.75,0.75,0.5,0.5,0.75,0.25,0.75,0.5,0.25,0.75,0.5,0.5,0.25,0.5,0.5,0.25,0.25,0.25,0.5,0.25,0.75,0.75,0.5,0.5,0.75,0.25,0.25,0.75,0.25,0.75,0.25,0.5,0.75,0.25,0.75,0.5,0.25,0.25,0.5,0.25,0.75,0.5,0.5,0.25,0.75,0.25,0.25,0.5,0.25,0.5,0.25,0.5,0.5,0.75,0.25,0.5,0.5,0.25,0.25,0.25,0.75,0.25,0.5,0.25,0.25,0.75,0.5,0.25,0.5
43,0.5,0.5,0.75,0.75,0.75,0.75,0.5,0.75,0.75,0.75,0.75,0.5,0.5,0.75,0.25,0.5,0.25,0.75,0.75,0.75,0.5,0.5,0.25,0.75,0.75,0.25,0.25,0.75,0.25,0.5,0.75,0.75,0.25,0.75,0.5,0.75,0.5,0.75,0.75,0.5,0.5,0.25,0.5,0.5,0.75,0.75,0.75,0.25,0.5,0.25,0.5,0.75,0.25,0.75,0.5,0.25,0.75,0.75,0.5,0.5,0.75,0.25,0.75,0.5,0.25,0.75,0.5,0.5,0.5,0.5,0.5,0.25,0.25,0.25,0.5,0.5,0.75,0.75,0.5,0.5,0.75,0.75,0.75,0.75,0.25,0.75,0.25,0.5,0.75,0.25,0.75,0.5,0.5,0.5,0.5,0.25,0.75,0.5,0.5,0.25,0.75,0.25,0.25,0.5,0.75,0.5,0.25,0.5,0.5,0.75,0.25,0.5,0.5,0.25,0.25,0.25,0.75,0.25,0.5,0.25,0.75,0.75,0.5,0.25,0.5
44,0.5,0.5,0.75,0.75,0.75,0.75,0.5,0.75,0.75,0.75,0.75,0.25,0.5,0.25,0.25,0.5,0.25,0.75,0.75,0.25,0.75,0.5,0.25,0.75,0.75,0.25,0.25,0.75,0.5,0.5,0.5,0.75,0.25,0.75,0.75,0.75,0.5,0.75,0.75,0.5,0.5,0.25,0.5,0.5,0.75,0.75,0.75,0.25,0.5,0.25,0.5,0.75,0.25,0.75,0.5,0.25,0.75,0.75,0.5,0.5,0.75,0.25,0.75,0.5,0.25,0.75,0.5,0.5,0.5,0.5,0.5,0.25,0.25,0.25,0.5,0.25,0.75,0.75,0.5,0.5,0.75,0.25,0.25,0.75,0.25,0.75,0.25,0.75,0.75,0.25,0.75,0.5,0.5,0.25,0.5,0.25,0.75,0.5,0.5,0.25,0.75,0.75,0.75,0.5,0.25,0.5,0.25,0.5,0.5,0.75,0.25,0.5,0.5,0.25,0.25,0.25,0.75,0.25,0.5,0.25,0.75,0.75,0.5,0.25,0.25
45,0.5,0.5,0.75,0.75,0.75,0.75,0.75,0.75,0.75,0.5,0.75,0.5,0.5,0.25,0.25,0.5,0.25,0.5,0.75,0.25,0.25,0.5,0.25,0.75,0.75,0.25,0.25,0.75,0.5,0.5,0.5,0.75,0.25,0.75,0.5,0.75,0.5,0.75,0.5,0.25,0.5,0.25,0.5,0.5,0.75,0.75,0.75,0.25,0.5,0.25,0.5,0.75,0.25,0.75,0.5,0.25,0.75,0.75,0.5,0.25,0.75,0.75,0.5,0.5,0.25,0.75,0.5,0.5,0.25,0.5,0.5,0.25,0.25,0.25,0.5,0.25,0.75,0.75,0.5,0.5,0.75,0.25,0.25,0.75,0.25,0.75,0.25,0.5,0.75,0.25,0.75,0.5,0.5,0.25,0.5,0.25,0.75,0.5,0.5,0.25,0.75,0.75,0.75,0.5,0.25,0.5,0.25,0.5,0.5,0.75,0.25,0.5,0.5,0.25,0.25,0.25,0.75,0.25,0.5,0.25,0.5,0.75,0.5,0.25,0.25
46,0.5,0.5,0.75,0.75,0.75,0.75,0.75,0.75,0.75,0.25,0.75,0.5,0.5,0.25,0.25,0.5,0.25,0.5,0.75,0.75,0.25,0.5,0.25,0.75,0.75,0.25,0.25,0.75,0.5,0.5,0.75,0.75,0.25,0.75,0.25,0.75,0.5,0.75,0.5,0.25,0.5,0.25,0.5,0.5,0.75,0.75,0.75,0.75,0.5,0.25,0.5,0.75,0.25,0.75,0.5,0.25,0.75,0.75,0.5,0.25,0.75,0.75,0.5,0.5,0.25,0.75,0.5,0.5,0.25,0.75,0.5,0.25,0.25,0.25,0.5,0.25,0.75,0.75,0.5,0.25,0.75,0.25,0.25,0.75,0.25,0.75,0.25,0.5,0.75,0.25,0.75,0.5,0.25,0.5,0.5,0.25,0.75,0.5,0.5,0.25,0.75,0.75,0.25,0.5,0.25,0.5,0.25,0.5,0.5,0.75,0.25,0.5,0.5,0.25,0.25,0.25,0.75,0.25,0.5,0.25,0.25,0.75,0.5,0.25,0.25
47,0.5,0.75,0.75,0.75,0.75,0.75,0.75,0.75,0.75,0.25,0.75,0.5,0.5,0.25,0.5,0.5,0.25,0.5,0.75,0.5,0.75,0.5,0.5,0.75,0.75,0.25,0.25,0.75,0.5,0.5,0.5,0.75,0.25,0.75,0.5,0.75,0.5,0.75,0.5,0.25,0.5,0.25,0.5,0.5,0.75,0.75,0.75,0.25,0.5,0.25,0.5,0.75,0.25,0.75,0.75,0.25,0.75,0.75,0.5,0.25,0.75,0.75,0.5,0.5,0.25,0.75,0.5,0.5,0.25,0.5,0.5,0.25,0.25,0.25,0.5,0.5,0.75,0.75,0.5,0.25,0.75,0.25,0.25,0.75,0.25,0.5,0.25,0.75,0.75,0.25,0.75,0.5,0.5,0.25,0.5,0.25,0.75,0.5,0.5,0.25,0.75,0.25,0.25,0.5,0.25,0.5,0.25,0.75,0.5,0.75,0.25,0.5,0.5,0.25,0.25,0.25,0.75,0.25,0.5,0.25,0.75,0.75,0.5,0.25,0.5
48,0.5,0.75,0.75,0.75,0.75,0.75,0.75,0.75,0.75,0.75,0.75,0.5,0.5,0.25,0.5,0.5,0.25,0.75,0.75,0.5,0.75,0.5,0.5,0.75,0.75,0.25,0.25,0.75,0.5,0.5,0.25,0.75,0.25,0.75,0.5,0.75,0.5,0.75,0.75,0.25,0.5,0.25,0.5,0.5,0.75,0.75,0.75,0.75,0.5,0.25,0.5,0.75,0.25,0.75,0.75,0.25,0.75,0.75,0.5,0.25,0.75,0.75,0.75,0.5,0.25,0.75,0.5,0.5,0.25,0.25,0.5,0.25,0.25,0.25,0.5,0.5,0.75,0.75,0.5,0.5,0.75,0.25,0.25,0.75,0.25,0.25,0.25,0.5,0.75,0.25,0.75,0.5,0.75,0.5,0.5,0.25,0.75,0.5,0.5,0.25,0.75,0.25,0.5,0.5,0.25,0.5,0.25,0.75,0.5,0.75,0.25,0.5,0.5,0.25,0.25,0.25,0.75,0.25,0.5,0.25,0.5,0.75,0.5,0.25,0.5
49,0.5,0.75,0.25,0.75,0.75,0.75,0.75,0.75,0.75,0.75,0.75,0.75,0.5,0.75,0.25,0.5,0.25,0.5,0.75,0.75,0.25,0.5,0.25,0.75,0.75,0.25,0.25,0.75,0.75,0.5,0.25,0.75,0.25,0.75,0.5,0.75,0.5,0.75,0.5,0.25,0.5,0.25,0.5,0.5,0.75,0.75,0.75,0.75,0.5,0.25,0.5,0.75,0.25,0.75,0.75,0.25,0.75,0.75,0.5,0.25,0.75,0.75,0.5,0.5,0.25,0.75,0.5,0.5,0.25,0.5,0.5,0.25,0.25,0.25,0.5,0.25,0.75,0.75,0.5,0.5,0.75,0.75,0.75,0.75,0.25,0.25,0.25,0.75,0.75,0.25,0.75,0.5,0.75,0.25,0.5,0.25,0.75,0.5,0.5,0.25,0.75,0.75,0.5,0.5,0.75,0.5,0.25,0.5,0.5,0.75,0.25,0.5,0.5,0.25,0.25,0.25,0.75,0.25,0.75,0.25,0.75,0.75,0.5,0.25,0.25
50,0.5,0.5,0.5,0.75,0.75,0.75,0.5,0.75,0.75,0.75,0.75,0.75,0.5,0.75,0.25,0.5,0.25,0.75,0.75,0.75,0.25,0.5,0.25,0.75,0.75,0.25,0.25,0.75,0.75,0.5,0.25,0.75,0.25,0.75,0.75,0.75,0.5,0.75,0.75,0.25,0.5,0.25,0.5,0.5,0.75,0.75,0.75,0.25,0.5,0.25,0.5,0.75,0.25,0.75,0.5,0.25,0.75,0.75,0.5,0.25,0.75,0.75,0.75,0.5,0.25,0.75,0.5,0.5,0.5,0.5,0.5,0.25,0.25,0.25,0.5,0.25,0.75,0.75,0.5,0.5,0.75,0.75,0.75,0.75,0.25,0.25,0.25,0.5,0.75,0.25,0.75,0.5,0.75,0.5,0.5,0.25,0.75,0.5,0.5,0.25,0.75,0.25,0.25,0.5,0.75,0.5,0.25,0.75,0.5,0.75,0.25,0.5,0.5,0.25,0.25,0.25,0.75,0.25,0.75,0.25,0.5,0.75,0.5,0.25,0.5
51,0.5,0.5,0.5,0.75,0.75,0.75,0.5,0.75,0.75,0.75,0.75,0.75,0.5,0.75,0.25,0.5,0.25,0.5,0.75,0.25,0.75,0.5,0.25,0.75,0.75,0.25,0.25,0.75,0.75,0.5,0.5,0.75,0.25,0.75,0.75,0.75,0.5,0.75,0.5,0.5,0.5,0.25,0.5,0.5,0.75,0.75,0.75,0.75,0.5,0.25,0.5,0.75,0.25,0.75,0.5,0.25,0.75,0.75,0.5,0.5,0.75,0.75,0.5,0.5,0.25,0.75,0.5,0.5,0.5,0.5,0.5,0.25,0.25,0.25,0.5,0.25,0.75,0.75,0.5,0.75,0.75,0.75,0.75,0.75,0.25,0.25,0.25,0.75,0.75,0.25,0.75,0.5,0.5,0.5,0.5,0.5,0.75,0.5,0.5,0.25,0.75,0.75,0.75,0.5,0.75,0.5,0.25,0.75,0.5,0.75,0.25,0.5,0.5,0.25,0.25,0.25,0.75,0.25,0.75,0.25,0.25,0.75,0.5,0.25,0.25
52,0.5,0.5,0.5,0.75,0.75,0.75,0.25,0.75,0.75,0.25,0.75,0.75,0.5,0.25,0.5,0.5,0.25,0.75,0.75,0.5,0.5,0.5,0.5,0.5,0.75,0.25,0.25,0.75,0.25,0.5,0.25,0.75,0.25,0.75,0.5,0.75,0.5,0.75,0.75,0.25,0.5,0.25,0.5,0.5,0.75,0.75,0.75,0.75,0.5,0.25,0.75,0.75,0.25,0.75,0.5,0.25,0.75,0.5,0.5,0.25,0.75,0.25,0.75,0.5,0.25,0.75,0.5,0.5,0.5,0.5,0.5,0.25,0.25,0.25,0.5,0.5,0.75,0.75,0.5,0.25,0.75,0.25,0.25,0.75,0.25,0.5,0.5,0.75,0.75,0.25,0.75,0.5,0.5,0.5,0.5,0.25,0.5,0.5,0.5,0.25,0.75,0.75,0.75,0.5,0.25,0.5,0.25,0.75,0.5,0.75,0.25,0.5,0.5,0.25,0.25,0.25,0.75,0.25,0.75,0.25,0.5,0.75,0.5,0.25,0.25
53,0.5,0.75,0.75,0.75,0.75,0.75,0.25,0.75,0.75,0.25,0.75,0.75,0.5,0.25,0.25,0.5,0.25,0.75,0.75,0.5,0.25,0.5,0.25,0.75,0.75,0.25,0.25,0.75,0.75,0.5,0.75,0.75,0.25,0.75,0.5,0.75,0.5,0.75,0.75,0.25,0.5,0.25,0.5,0.5,0.75,0.75,0.75,0.75,0.5,0.25,0.75,0.75,0.25,0.75,0.75,0.25,0.75,0.75,0.5,0.25,0.75,0.75,0.75,0.5,0.25,0.75,0.5,0.5,0.5,0.5,0.5,0.25,0.25,0.25,0.5,0.25,0.75,0.75,0.5,0.75,0.75,0.25,0.25,0.75,0.25,0.25,0.25,0.75,0.75,0.25,0.75,0.5,0.5,0.5,0.5,0.5,0.75,0.5,0.5,0.25,0.75,0.75,0.5,0.5,0.25,0.5,0.25,0.75,0.5,0.75,0.25,0.5,0.5,0.25,0.25,0.25,0.75,0.25,0.75,0.25,0.5,0.75,0.5,0.25,0.5
54,0.5,0.75,0.75,0.75,0.75,0.75,0.25,0.75,0.75,0.75,0.75,0.75,0.5,0.25,0.25,0.5,0.25,0.75,0.75,0.25,0.25,0.5,0.25,0.75,0.75,0.25,0.25,0.75,0.75,0.5,0.75,0.75,0.25,0.75,0.5,0.75,0.5,0.75,0.75,0.25,0.5,0.25,0.5,0.5,0.75,0.75,0.75,0.75,0.5,0.25,0.5,0.75,0.25,0.75,0.75,0.25,0.75,0.75,0.5,0.25,0.75,0.25,0.75,0.5,0.25,0.75,0.5,0.5,0.5,0.5,0.5,0.25,0.25,0.25,0.5,0.25,0.75,0.75,0.5,0.5,0.75,0.25,0.25,0.75,0.25,0.75,0.25,0.75,0.75,0.25,0.75,0.5,0.25,0.5,0.5,0.5,0.75,0.5,0.5,0.25,0.75,0.75,0.25,0.75,0.25,0.5,0.25,0.75,0.5,0.75,0.25,0.5,0.5,0.25,0.25,0.25,0.75,0.25,0.75,0.25,0.5,0.75,0.5,0.25,0.5
55,0.5,0.5,0.75,0.75,0.75,0.75,0.25,0.75,0.75,0.25,0.75,0.75,0.5,0.25,0.25,0.5,0.25,0.5,0.75,0.75,0.25,0.5,0.25,0.5,0.75,0.25,0.25,0.75,0.5,0.5,0.25,0.75,0.25,0.75,0.75,0.75,0.5,0.75,0.5,0.25,0.5,0.25,0.5,0.5,0.75,0.75,0.75,0.75,0.5,0.25,0.5,0.75,0.25,0.75,0.5,0.25,0.75,0.5,0.5,0.25,0.75,0.75,0.5,0.5,0.25,0.75,0.5,0.5,0.25,0.75,0.75,0.75,0.25,0.25,0.5,0.5,0.75,0.75,0.5,0.75,0.75,0.25,0.25,0.75,0.25,0.25,0.25,0.5,0.75,0.25,0.75,0.5,0.25,0.25,0.5,0.5,0.5,0.5,0.5,0.25,0.75,0.25,0.5,0.5,0.25,0.5,0.75,0.75,0.5,0.75,0.25,0.5,0.5,0.25,0.25,0.25,0.75,0.25,0.5,0.25,0.75,0.75,0.5,0.25,0.5
56,0.5,0.75,0.5,0.75,0.75,0.75,0.25,0.75,0.75,0.25,0.75,0.75,0.5,0.25,0.25,0.5,0.25,0.75,0.75,0.75,0.25,0.5,0.25,0.5,0.75,0.25,0.25,0.75,0.75,0.5,0.5,0.75,0.25,0.75,0.75,0.75,0.5,0.75,0.75,0.25,0.5,0.25,0.5,0.5,0.75,0.75,0.75,0.25,0.5,0.25,0.5,0.75,0.25,0.75,0.75,0.25,0.75,0.5,0.5,0.25,0.75,0.75,0.75,0.5,0.25,0.75,0.5,0.5,0.25,0.75,0.75,0.25,0.25,0.25,0.5,0.25,0.75,0.75,0.5,0.75,0.75,0.25,0.25,0.75,0.25,0.5,0.25,0.5,0.75,0.25,0.75,0.5,0.5,0.25,0.5,0.25,0.5,0.5,0.5,0.25,0.75,0.75,0.75,0.5,0.25,0.5,0.25,0.5,0.5,0.75,0.25,0.5,0.5,0.25,0.25,0.25,0.75,0.25,0.25,0.25,0.5,0.75,0.5,0.25,0.75
57,0.5,0.75,0.5,0.75,0.75,0.75,0.25,0.75,0.75,0.75,0.75,0.75,0.5,0.75,0.25,0.5,0.25,0.75,0.75,0.25,0.25,0.5,0.25,0.5,0.75,0.25,0.25,0.75,0.75,0.25,0.5,0.75,0.25,0.75,0.5,0.75,0.5,0.75,0.75,0.25,0.5,0.25,0.5,0.5,0.75,0.75,0.75,0.25,0.5,0.25,0.75,0.75,0.25,0.75,0.75,0.25,0.75,0.5,0.5,0.25,0.75,0.75,0.75,0.5,0.25,0.75,0.5,0.5,0.5,0.25,0.75,0.25,0.25,0.25,0.5,0.25,0.75,0.75,0.5,0.25,0.75,0.75,0.75,0.75,0.25,0.5,0.25,0.75,0.75,0.25,0.75,0.5,0.25,0.5,0.5,0.25,0.5,0.5,0.5,0.25,0.75,0.75,0.75,0.75,0.75,0.5,0.25,0.5,0.5,0.75,0.25,0.5,0.5,0.25,0.25,0.25,0.75,0.25,0.5,0.25,0.25,0.75,0.5,0.25,0.75
58,0.5,0.75,0.5,0.75,0.75,0.75,0.25,0.75,0.75,0.25,0.75,0.75,0.5,0.25,0.25,0.5,0.25,0.75,0.75,0.75,0.5,0.5,0.25,0.5,0.75,0.25,0.25,0.75,0.75,0.25,0.25,0.75,0.25,0.75,0.75,0.75,0.5,0.75,0.75,0.5,0.5,0.25,0.5,0.5,0.75,0.75,0.75,0.25,0.5,0.25,0.5,0.75,0.25,0.75,0.75,0.25,0.75,0.5,0.5,0.5,0.75,0.25,0.75,0.5,0.75,0.75,0.5,0.5,0.5,0.75,0.75,0.25,0.25,0.25,0.5,0.25,0.75,0.75,0.5,0.25,0.75,0.25,0.25,0.75,0.25,0.75,0.25,0.75,0.75,0.25,0.75,0.5,0.5,0.5,0.5,0.25,0.5,0.5,0.5,0.25,0.75,0.25,0.25,0.5,0.25,0.5,0.25,0.75,0.5,0.75,0.25,0.5,0.5,0.25,0.25,0.25,0.75,0.25,0.5,0.25,0.5,0.75,0.5,0.25,0.25
59,0.25,0.5,0.25,0.75,0.75,0.75,0.25,0.75,0.75,0.75,0.75,0.5,0.5,0.75,0.5,0.5,0.25,0.5,0.75,0.75,0.25,0.5,0.5,0.75,0.75,0.25,0.25,0.75,0.75,0.25,0.25,0.75,0.25,0.75,0.5,0.75,0.5,0.75,0.5,0.25,0.5,0.25,0.5,0.5,0.75,0.75,0.75,0.25,0.5,0.25,0.5,0.75,0.25,0.75,0.5,0.25,0.75,0.75,0.5,0.25,0.75,0.75,0.5,0.5,0.75,0.75,0.5,0.5,0.5,0.75,0.75,0.25,0.25,0.25,0.5,0.5,0.75,0.75,0.5,0.25,0.75,0.75,0.75,0.75,0.25,0.5,0.25,0.75,0.75,0.25,0.75,0.25,0.5,0.5,0.5,0.25,0.75,0.5,0.5,0.25,0.75,0.75,0.5,0.5,0.75,0.5,0.25,0.5,0.5,0.75,0.25,0.5,0.5,0.25,0.25,0.25,0.75,0.25,0.75,0.25,0.5,0.75,0.5,0.25,0.25
60,0.25,0.75,0.25,0.75,0.75,0.75,0.5,0.75,0.75,0.25,0.75,0.5,0.5,0.25,0.5,0.5,0.25,0.5,0.75,0.75,0.75,0.5,0.5,0.75,0.75,0.25,0.25,0.75,0.75,0.5,0.5,0.75,0.25,0.75,0.5,0.75,0.75,0.75,0.5,0.25,0.5,0.25,0.5,0.75,0.75,0.75,0.75,0.5,0.5,0.25,0.5,0.75,0.25,0.75,0.75,0.25,0.75,0.75,0.5,0.25,0.75,0.75,0.5,0.5,0.75,0.75,0.5,0.5,0.25,0.75,0.75,0.25,0.25,0.25,0.5,0.5,0.75,0.75,0.5,0.5,0.75,0.25,0.25,0.75,0.25,0.25,0.25,0.5,0.75,0.25,0.75,0.25,0.25,0.25,0.5,0.25,0.75,0.5,0.5,0.25,0.75,0.75,0.5,0.5,0.25,0.5,0.25,0.5,0.5,0.75,0.25,0.5,0.5,0.25,0.25,0.25,0.75,0.25,0.75,0.25,0.25,0.75,0.5,0.25,0.5
61,0.25,0.75,0.25,0.75,0.75,0.75,0.5,0.75,0.75,0.25,0.75,0.5,0.5,0.25,0.25,0.5,0.25,0.75,0.75,0.75,0.75,0.5,0.25,0.75,0.75,0.25,0.25,0.75,0.75,0.5,0.25,0.75,0.25,0.75,0.5,0.75,0.75,0.75,0.75,0.25,0.5,0.25,0.5,0.75,0.75,0.75,0.75,0.25,0.5,0.25,0.5,0.75,0.25,0.75,0.75,0.25,0.75,0.75,0.5,0.25,0.75,0.75,0.75,0.5,0.75,0.75,0.5,0.5,0.75,0.5,0.75,0.25,0.25,0.25,0.5,0.5,0.75,0.75,0.5,0.5,0.75,0.25,0.25,0.75,0.25,0.75,0.25,0.75,0.75,0.25,0.75,0.25,0.75,0.25,0.5,0.25,0.75,0.5,0.5,0.25,0.75,0.25,0.75,0.5,0.25,0.5,0.25,0.5,0.5,0.75,0.25,0.5,0.5,0.25,0.25,0.25,0.75,0.25,0.5,0.25,0.75,0.75,0.5,0.25,0.5
62,0.25,0.75,0.25,0.75,0.75,0.75,0.25,0.75,0.75,0.75,0.75,0.25,0.5,0.75,0.5,0.5,0.25,0.75,0.75,0.75,0.25,0.5,0.5,0.75,0.75,0.25,0.25,0.75,0.25,0.5,0.25,0.75,0.25,0.75,0.75,0.75,0.75,0.75,0.75,0.5,0.5,0.25,0.5,0.75,0.75,0.75,0.75,0.25,0.5,0.25,0.5,0.75,0.25,0.75,0.75,0.25,0.75,0.75,0.5,0.5,0.75,0.75,0.75,0.5,0.75,0.75,0.5,0.5,0.5,0.5,0.75,0.25,0.25,0.25,0.5,0.25,0.75,0.75,0.5,0.5,0.75,0.75,0.75,0.75,0.25,0.5,0.25,0.5,0.75,0.25,0.75,0.25,0.5,0.25,0.5,0.25,0.75,0.5,0.5,0.25,0.75,0.75,0.75,0.75,0.75,0.5,0.25,0.5,0.5,0.75,0.25,0.5,0.5,0.25,0.25,0.25,0.75,0.25,0.25,0.25,0.75,0.75,0.5,0.25,0.25
63,0.25,0.5,0.75,0.75,0.75,0.75,0.25,0.75,0.75,0.5,0.75,0.25,0.5,0.25,0.5,0.5,0.25,0.75,0.75,0.5,0.25,0.5,0.5,0.5,0.75,0.25,0.25,0.75,0.5,0.5,0.75,0.75,0.25,0.75,0.5,0.5,0.5,0.75,0.75,0.25,0.5,0.25,0.5,0.5,0.75,0.75,0.75,0.75,0.5,0.25,0.5,0.5,0.25,0.75,0.5,0.75,0.75,0.5,0.5,0.25,0.75,0.75,0.75,0.5,0.75,0.75,0.5,0.5,0.25,0.5,0.5,0.25,0.75,0.25,0.5,0.25,0.75,0.75,0.5,0.25,0.75,0.25,0.25,0.75,0.25,0.5,0.25,0.75,0.75,0.25,0.75,0.25,0.25,0.25,0.5,0.5,0.5,0.5,0.5,0.25,0.75,0.75,0.25,0.5,0.25,0.5,0.25,0.5,0.5,0.75,0.25,0.5,0.5,0.25,0.75,0.25,0.75,0.25,0.25,0.25,0.75,0.75,0.5,0.25,0.25
64,0.25,0.5,0.75,0.75,0.75,0.75,0.25,0.75,0.75,0.25,0.75,0.25,0.5,0.25,0.25,0.5,0.25,0.5,0.75,0.25,0.25,0.5,0.25,0.5,0.75,0.25,0.25,0.75,0.5,0.5,0.5,0.75,0.25,0.75,0.5,0.5,0.75,0.75,0.5,0.25,0.5,0.25,0.5,0.75,0.75,0.75,0.75,0.25,0.5,0.25,0.5,0.5,0.25,0.75,0.5,0.75,0.75,0.5,0.5,0.25,0.75,0.75,0.5,0.5,0.75,0.75,0.5,0.5,0.25,0.5,0.5,0.75,0.75,0.25,0.5,0.5,0.75,0.75,0.5,0.25,0.75,0.25,0.25,0.75,0.25,0.25,0.25,0.75,0.75,0.25,0.75,0.25,0.25,0.5,0.5,0.25,0.5,0.5,0.5,0.25,0.75,0.5,0.25,0.5,0.25,0.5,0.75,0.5,0.5,0.75,0.25,0.5,0.5,0.25,0.75,0.25,0.75,0.25,0.25,0.25,0.75,0.75,0.5,0.25,0.25
65,0.25,0.5,0.75,0.75,0.75,0.75,0.75,0.75,0.75,0.75,0.75,0.5,0.5,0.25,0.25,0.5,0.25,0.75,0.75,0.5,0.75,0.5,0.25,0.5,0.75,0.25,0.25,0.75,0.75,0.5,0.25,0.75,0.5,0.75,0.25,0.5,0.5,0.75,0.75,0.5,0.5,0.25,0.5,0.5,0.75,0.75,0.75,0.25,0.5,0.25,0.5,0.5,0.25,0.75,0.5,0.75,0.75,0.5,0.5,0.5,0.75,0.75,0.75,0.5,0.75,0.75,0.5,0.5,0.25,0.5,0.5,0.25,0.75,0.25,0.5,0.25,0.75,0.75,0.5,0.25,0.75,0.25,0.25,0.75,0.5,0.75,0.25,0.5,0.75,0.25,0.75,0.25,0.25,0.5,0.5,0.25,0.5,0.5,0.5,0.25,0.75,0.25,0.25,0.5,0.25,0.5,0.25,0.5,0.5,0.75,0.25,0.5,0.5,0.25,0.75,0.25,0.75,0.5,0.75,0.25,0.75,0.75,0.5,0.25,0.25
66,0.25,0.75,0.5,0.75,0.75,0.75,0.75,0.75,0.75,0.25,0.75,0.5,0.5,0.75,0.5,0.5,0.25,0.75,0.75,0.25,0.75,0.5,0.5,0.5,0.75,0.25,0.25,0.75,0.25,0.5,0.5,0.75,0.5,0.75,0.25,0.5,0.5,0.75,0.75,0.5,0.5,0.25,0.5,0.5,0.75,0.75,0.75,0.5,0.5,0.25,0.75,0.5,0.25,0.75,0.75,0.75,0.75,0.5,0.5,0.5,0.75,0.75,0.75,0.5,0.75,0.75,0.5,0.5,0.25,0.5,0.75,0.25,0.75,0.25,0.5,0.5,0.75,0.75,0.5,0.25,0.75,0.75,0.75,0.75,0.5,0.25,0.25,0.5,0.75,0.25,0.75,0.25,0.25,0.25,0.5,0.25,0.5,0.5,0.5,0.25,0.75,0.25,0.75,0.5,0.75,0.5,0.25,0.5,0.5,0.75,0.25,0.5,0.5,0.25,0.75,0.25,0.75,0.5,0.75,0.25,0.75,0.75,0.5,0.25,0.25
67,0.25,0.5,0.75,0.75,0.75,0.75,0.75,0.75,0.75,0.25,0.75,0.75,0.5,0.25,0.5,0.5,0.25,0.5,0.75,0.75,0.75,0.5,0.5,0.5,0.75,0.25,0.25,0.75,0.75,0.5,0.5,0.75,0.5,0.75,0.25,0.5,0.5,0.75,0.5,0.5,0.5,0.25,0.5,0.5,0.75,0.75,0.75,0.5,0.5,0.25,0.5,0.5,0.25,0.75,0.5,0.25,0.75,0.5,0.5,0.5,0.75,0.75,0.5,0.5,0.75,0.75,0.5,0.5,0.5,0.75,0.75,0.25,0.25,0.25,0.5,0.5,0.75,0.75,0.5,0.75,0.75,0.25,0.25,0.75,0.5,0.25,0.25,0.5,0.75,0.25,0.75,0.25,0.5,0.5,0.5,0.5,0.5,0.5,0.5,0.25,0.75,0.25,0.25,0.5,0.25,0.5,0.25,0.5,0.5,0.75,0.25,0.5,0.5,0.25,0.25,0.25,0.75,0.5,0.75,0.25,0.25,0.75,0.5,0.25,0.5
68,0.25,0.75,0.25,0.75,0.75,0.75,0.75,0.75,0.75,0.25,0.75,0.5,0.5,0.25,0.25,0.5,0.25,0.5,0.75,0.75,0.75,0.5,0.25,0.5,0.75,0.25,0.25,0.75,0.25,0.25,0.5,0.75,0.5,0.75,0.25,0.5,0.5,0.75,0.5,0.5,0.5,0.25,0.5,0.5,0.75,0.75,0.75,0.5,0.5,0.25,0.5,0.5,0.25,0.75,0.75,0.25,0.75,0.5,0.5,0.5,0.75,0.75,0.5,0.5,0.75,0.75,0.5,0.5,0.5,0.75,0.75,0.25,0.25,0.25,0.5,0.25,0.75,0.75,0.5,0.25,0.75,0.25,0.25,0.75,0.5,0.5,0.25,0.5,0.75,0.25,0.75,0.25,0.5,0.5,0.5,0.5,0.5,0.5,0.5,0.25,0.75,0.75,0.25,0.5,0.25,0.5,0.25,0.75,0.5,0.75,0.25,0.5,0.5,0.25,0.25,0.25,0.75,0.5,0.75,0.25,0.75,0.75,0.5,0.25,0.25
69,0.25,0.5,0.75,0.75,0.75,0.75,0.75,0.75,0.75,0.25,0.75,0.5,0.5,0.25,0.25,0.5,0.25,0.75,0.75,0.75,0.75,0.5,0.25,0.5,0.75,0.25,0.25,0.75,0.75,0.25,0.25,0.75,0.5,0.75,0.25,0.5,0.5,0.75,0.75,0.5,0.5,0.25,0.5,0.5,0.75,0.75,0.75,0.5,0.5,0.25,0.75,0.5,0.25,0.75,0.5,0.25,0.75,0.5,0.5,0.5,0.75,0.75,0.75,0.5,0.75,0.75,0.5,0.5,0.25,0.5,0.5,0.25,0.25,0.25,0.5,0.5,0.75,0.75,0.5,0.75,0.75,0.25,0.25,0.75,0.5,0.75,0.25,0.75,0.75,0.25,0.75,0.25,0.25,0.5,0.5,0.25,0.5,0.5,0.5,0.25,0.75,0.75,0.75,0.5,0.25,0.5,0.25,0.75,0.5,0.75,0.25,0.5,0.5,0.25,0.25,0.25,0.75,0.5,0.75,0.25,0.5,0.75,0.5,0.25,0.5
70,0.25,0.5,0.5,0.75,0.75,0.75,0.75,0.75,0.75,0.25,0.75,0.75,0.5,0.75,0.25,0.5,0.25,0.75,0.75,0.5,0.5,0.5,0.25,0.5,0.75,0.25,0.25,0.75,0.25,0.25,0.25,0.75,0.5,0.75,0.5,0.5,0.75,0.75,0.75,0.5,0.5,0.25,0.5,0.75,0.75,0.75,0.75,0.5,0.5,0.25,0.5,0.5,0.25,0.75,0.5,0.25,0.75,0.5,0.5,0.5,0.75,0.75,0.75,0.5,0.25,0.75,0.5,0.5,0.5,0.5,0.75,0.25,0.25,0.25,0.5,0.25,0.75,0.75,0.5,0.25,0.75,0.75,0.75,0.75,0.5,0.75,0.25,0.75,0.75,0.25,0.75,0.25,0.25,0.25,0.5,0.25,0.5,0.5,0.5,0.25,0.75,0.25,0.75,0.5,0.75,0.5,0.25,0.5,0.5,0.75,0.25,0.5,0.5,0.25,0.25,0.25,0.75,0.5,0.75,0.25,0.5,0.75,0.5,0.25,0.25
71,0.25,0.5,0.5,0.75,0.75,0.75,0.5,0.75,0.75,0.75,0.75,0.75,0.5,0.25,0.25,0.5,0.25,0.75,0.75,0.5,0.5,0.5,0.25,0.5,0.75,0.25,0.25,0.75,0.5,0.5,0.5,0.75,0.5,0.75,0.5,0.5,0.5,0.75,0.75,0.25,0.5,0.25,0.5,0.5,0.75,0.75,0.75,0.25,0.5,0.25,0.5,0.5,0.25,0.75,0.5,0.75,0.75,0.5,0.5,0.25,0.75,0.25,0.75,0.5,0.25,0.75,0.5,0.5,0.25,0.25,0.5,0.25,0.75,0.25,0.5,0.5,0.75,0.75,0.5,0.25,0.75,0.25,0.25,0.75,0.5,0.75,0.25,0.5,0.75,0.25,0.75,0.25,0.75,0.25,0.5,0.5,0.5,0.5,0.5,0.25,0.75,0.25,0.5,0.5,0.25,0.5,0.25,0.5,0.5,0.75,0.25,0.5,0.5,0.25,0.75,0.25,0.75,0.5,0.75,0.25,0.75,0.75,0.5,0.25,0.25
72,0.25,0.75,0.25,0.75,0.75,0.75,0.5,0.75,0.75,0.75,0.75,0.25,0.5,0.25,0.25,0.5,0.25,0.75,0.75,0.5,0.5,0.5,0.25,0.5,0.75,0.25,0.25,0.75,0.5,0.5,0.25,0.75,0.5,0.75,0.25,0.5,0.5,0.75,0.75,0.25,0.5,0.25,0.5,0.5,0.75,0.75,0.75,0.75,0.5,0.25,0.75,0.5,0.25,0.75,0.75,0.25,0.75,0.5,0.5,0.25,0.75,0.75,0.75,0.5,0.25,0.75,0.5,0.5,0.25,0.25,0.5,0.25,0.25,0.25,0.5,0.25,0.75,0.75,0.5,0.25,0.75,0.25,0.25,0.75,0.5,0.75,0.25,0.5,0.75,0.25,0.75,0.25,0.75,0.5,0.5,0.5,0.5,0.5,0.5,0.25,0.75,0.25,0.75,0.5,0.25,0.25,0.25,0.5,0.5,0.75,0.25,0.5,0.5,0.25,0.25,0.25,0.75,0.5,0.75,0.25,0.5,0.75,0.5,0.25,0.5
73,0.25,0.5,0.75,0.75,0.75,0.75,0.5,0.75,0.75,0.25,0.75,0.5,0.5,0.25,0.5,0.5,0.25,0.5,0.75,0.75,0.5,0.5,0.5,0.5,0.75,0.25,0.25,0.75,0.75,0.5,0.5,0.75,0.5,0.75,0.75,0.5,0.5,0.75,0.5,0.5,0.5,0.25,0.5,0.5,0.75,0.75,0.75,0.5,0.5,0.25,0.5,0.5,0.25,0.75,0.5,0.75,0.75,0.5,0.5,0.5,0.75,0.75,0.5,0.5,0.75,0.75,0.5,0.5,0.5,0.25,0.5,0.25,0.75,0.25,0.5,0.5,0.75,0.75,0.5,0.5,0.75,0.25,0.25,0.75,0.5,0.5,0.25,0.5,0.75,0.25,0.75,0.25,0.25,0.5,0.5,0.5,0.5,0.5,0.5,0.25,0.75,0.75,0.25,0.5,0.25,0.25,0.25,0.5,0.5,0.75,0.25,0.5,0.5,0.25,0.75,0.25,0.75,0.5,0.5,0.25,0.75,0.75,0.5,0.25,0.5
74,0.25,0.75,0.5,0.75,0.75,0.75,0.5,0.75,0.75,0.25,0.75,0.5,0.5,0.25,0.25,0.5,0.25,0.75,0.75,0.75,0.25,0.5,0.25,0.75,0.75,0.25,0.25,0.75,0.75,0.5,0.5,0.75,0.5,0.75,0.75,0.5,0.75,0.75,0.75,0.5,0.5,0.25,0.5,0.75,0.75,0.5,0.75,0.5,0.5,0.25,0.5,0.5,0.25,0.75,0.75,0.75,0.75,0.75,0.5,0.5,0.75,0.75,0.75,0.5,0.25,0.75,0.5,0.5,0.75,0.25,0.5,0.75,0.75,0.25,0.5,0.5,0.75,0.75,0.5,0.5,0.75,0.25,0.25,0.75,0.5,0.25,0.5,0.5,0.75,0.25,0.75,0.25,0.75,0.25,0.5,0.25,0.75,0.5,0.5,0.25,0.75,0.75,0.75,0.75,0.25,0.25,0.75,0.5,0.5,0.75,0.25,0.5,0.5,0.25,0.75,0.25,0.75,0.5,0.75,0.25,0.75,0.75,0.5,0.25,0.5
75,0.25,0.5,0.75,0.75,0.75,0.75,0.25,0.75,0.75,0.25,0.75,0.5,0.5,0.75,0.25,0.5,0.25,0.5,0.75,0.25,0.25,0.5,0.25,0.75,0.75,0.25,0.25,0.75,0.75,0.5,0.75,0.75,0.5,0.75,0.75,0.5,0.5,0.75,0.5,0.25,0.5,0.25,0.5,0.5,0.75,0.5,0.75,0.5,0.5,0.25,0.5,0.5,0.25,0.75,0.5,0.75,0.75,0.75,0.5,0.25,0.75,0.75,0.5,0.5,0.25,0.75,0.5,0.5,0.75,0.25,0.5,0.75,0.75,0.25,0.5,0.75,0.75,0.75,0.5,0.25,0.75,0.75,0.75,0.75,0.5,0.5,0.5,0.75,0.75,0.25,0.75,0.25,0.75,0.5,0.5,0.5,0.75,0.5,0.5,0.25,0.75,0.75,0.75,0.75,0.75,0.25,0.75,0.5,0.5,0.75,0.25,0.5,0.5,0.25,0.75,0.25,0.75,0.5,0.25,0.25,0.75,0.75,0.5,0.25,0.5
76,0.25,0.75,0.5,0.75,0.75,0.75,0.25,0.75,0.75,0.75,0.75,0.5,0.5,0.25,0.5,0.5,0.25,0.5,0.75,0.75,0.25,0.5,0.5,0.75,0.75,0.25,0.25,0.5,0.75,0.25,0.5,0.75,0.5,0.75,0.5,0.5,0.5,0.75,0.5,0.25,0.5,0.25,0.5,0.5,0.75,0.5,0.75,0.75,0.5,0.25,0.5,0.5,0.25,0.75,0.75,0.75,0.75,0.75,0.5,0.25,0.75,0.75,0.5,0.5,0.25,0.75,0.5,0.5,0.75,0.25,0.5,0.75,0.75,0.25,0.5,0.75,0.75,0.75,0.5,0.75,0.75,0.25,0.25,0.75,0.5,0.75,0.5,0.75,0.75,0.25,0.75,0.25,0.75,0.25,0.5,0.25,0.75,0.5,0.5,0.25,0.75,0.25,0.75,0.75,0.25,0.25,0.75,0.5,0.5,0.75,0.25,0.5,0.5,0.25,0.75,0.25,0.75,0.5,0.75,0.25,0.25,0.75,0.5,0.25,0.5
77,0.25,0.5,0.5,0.75,0.75,0.75,0.75,0.75,0.75,0.25,0.75,0.5,0.5,0.75,0.25,0.5,0.25,0.75,0.75,0.25,0.25,0.5,0.25,0.5,0.75,0.25,0.25,0.75,0.5,0.25,0.25,0.75,0.5,0.75,0.75,0.5,0.5,0.75,0.75,0.25,0.5,0.25,0.5,0.5,0.75,0.5,0.75,0.25,0.5,0.25,0.5,0.5,0.25,0.75,0.5,0.75,0.75,0.5,0.5,0.25,0.75,0.25,0.75,0.5,0.25,0.75,0.5,0.5,0.75,0.75,0.5,0.75,0.75,0.25,0.5,0.75,0.75,0.75,0.5,0.25,0.75,0.75,0.75,0.75,0.5,0.25,0.5,0.75,0.75,0.25,0.75,0.25,0.75,0.25,0.5,0.5,0.5,0.5,0.5,0.25,0.75,0.25,0.25,0.5,0.75,0.25,0.75,0.5,0.5,0.75,0.25,0.5,0.5,0.25,0.75,0.25,0.75,0.5,0.75,0.25,0.75,0.75,0.5,0.25,0.25
78,0.25,0.75,0.25,0.75,0.75,0.75,0.25,0.75,0.75,0.5,0.75,0.75,0.5,0.25,0.25,0.5,0.25,0.75,0.75,0.5,0.75,0.5,0.25,0.5,0.75,0.75,0.25,0.75,0.25,0.5,0.5,0.75,0.5,0.75,0.5,0.5,0.75,0.75,0.75,0.25,0.5,0.25,0.5,0.75,0.75,0.5,0.75,0.25,0.5,0.25,0.75,0.5,0.25,0.75,0.75,0.25,0.75,0.5,0.5,0.25,0.75,0.75,0.75,0.5,0.25,0.75,0.5,0.5,0.75,0.25,0.5,0.75,0.25,0.25,0.5,0.75,0.75,0.75,0.5,0.5,0.75,0.25,0.25,0.75,0.5,0.25,0.5,0.5,0.75,0.25,0.75,0.25,0.75,0.5,0.5,0.25,0.5,0.5,0.5,0.25,0.75,0.75,0.5,0.75,0.25,0.25,0.75,0.75,0.5,0.75,0.25,0.5,0.5,0.25,0.25,0.25,0.75,0.5,0.5,0.25,0.75,0.75,0.5,0.25,0.25
79,0.25,0.5,0.25,0.75,0.75,0.75,0.5,0.75,0.75,0.5,0.75,0.25,0.5,0.25,0.25,0.5,0.25,0.75,0.75,0.25,0.75,0.5,0.25,0.5,0.75,0.75,0.25,0.5,0.5,0.5,0.25,0.75,0.5,0.75,0.5,0.75,0.5,0.75,0.75,0.5,0.5,0.25,0.5,0.5,0.75,0.5,0.75,0.5,0.5,0.25,0.5,0.75,0.25,0.75,0.5,0.25,0.75,0.5,0.5,0.5,0.75,0.75,0.75,0.5,0.25,0.75,0.5,0.5,0.75,0.75,0.5,0.75,0.25,0.25,0.5,0.75,0.75,0.75,0.5,0.5,0.75,0.25,0.25,0.75,0.5,0.5,0.5,0.75,0.75,0.25,0.75,0.25,0.75,0.25,0.5,0.25,0.5,0.5,0.5,0.25,0.75,0.75,0.5,0.5,0.25,0.25,0.75,0.75,0.5,0.75,0.25,0.5,0.5,0.25,0.25,0.25,0.75,0.5,0.5,0.25,0.5,0.75,0.5,0.25,0.5
80,0.25,0.75,0.75,0.75,0.75,0.75,0.5,0.75,0.75,0.5,0.75,0.25,0.5,0.25,0.5,0.5,0.25,0.5,0.75,0.5,0.25,0.5,0.5,0.5,0.75,0.75,0.25,0.5,0.5,0.5,0.5,0.75,0.25,0.75,0.75,0.5,0.5,0.75,0.5,0.25,0.5,0.25,0.5,0.5,0.75,0.5,0.75,0.25,0.5,0.25,0.5,0.5,0.25,0.75,0.75,0.75,0.75,0.5,0.5,0.25,0.75,0.75,0.5,0.5,0.25,0.75,0.5,0.5,0.75,0.25,0.5,0.75,0.75,0.25,0.5,0.75,0.75,0.75,0.5,0.25,0.75,0.25,0.25,0.75,0.25,0.75,0.25,0.5,0.75,0.25,0.75,0.25,0.5,0.25,0.5,0.25,0.5,0.5,0.5,0.25,0.75,0.75,0.75,0.75,0.25,0.25,0.75,0.75,0.5,0.75,0.25,0.5,0.5,0.25,0.75,0.25,0.75,0.25,0.5,0.25,0.75,0.75,0.5,0.25,0.25
81,0.25,0.5,0.75,0.75,0.75,0.75,0.5,0.75,0.75,0.75,0.75,0.25,0.5,0.25,0.25,0.5,0.25,0.5,0.75,0.25,0.5,0.5,0.25,0.5,0.75,0.75,0.25,0.5,0.5,0.5,0.25,0.75,0.5,0.75,0.75,0.5,0.5,0.75,0.5,0.25,0.5,0.25,0.5,0.5,0.75,0.5,0.75,0.25,0.5,0.25,0.5,0.5,0.25,0.75,0.5,0.25,0.75,0.5,0.5,0.25,0.75,0.25,0.5,0.5,0.75,0.75,0.5,0.5,0.75,0.75,0.5,0.75,0.25,0.25,0.5,0.75,0.75,0.75,0.5,0.75,0.75,0.25,0.25,0.75,0.5,0.75,0.5,0.5,0.75,0.25,0.75,0.25,0.5,0.25,0.5,0.25,0.5,0.5,0.5,0.25,0.75,0.75,0.75,0.5,0.25,0.25,0.75,0.25,0.5,0.75,0.25,0.5,0.5,0.25,0.25,0.25,0.75,0.5,0.25,0.25,0.75,0.75,0.5,0.25,0.75
82,0.25,0.5,0.5,0.75,0.75,0.75,0.75,0.75,0.75,0.75,0.75,0.25,0.5,0.75,0.25,0.5,0.25,0.75,0.75,0.75,0.25,0.5,0.25,0.5,0.75,0.75,0.25,0.5,0.5,0.5,0.75,0.75,0.25,0.75,0.5,0.5,0.5,0.75,0.75,0.25,0.5,0.25,0.5,0.5,0.75,0.5,0.75,0.5,0.5,0.25,0.75,0.5,0.25,0.75,0.5,0.25,0.75,0.5,0.5,0.25,0.75,0.25,0.75,0.5,0.75,0.75,0.5,0.5,0.75,0.75,0.5,0.75,0.25,0.25,0.75,0.75,0.75,0.75,0.5,0.75,0.75,0.75,0.75,0.75,0.25,0.5,0.5,0.75,0.75,0.25,0.75,0.25,0.5,0.5,0.5,0.5,0.5,0.5,0.5,0.25,0.75,0.25,0.25,0.5,0.75,0.25,0.75,0.25,0.75,0.75,0.25,0.5,0.5,0.25,0.25,0.25,0.75,0.25,0.75,0.25,0.25,0.75,0.5,0.25,0.75
83,0.25,0.75,0.75,0.75,0.75,0.75,0.75,0.75,0.75,0.75,0.75,0.75,0.5,0.25,0.25,0.5,0.25,0.75,0.75,0.25,0.75,0.5,0.25,0.5,0.75,0.75,0.25,0.75,0.75,0.5,0.25,0.75,0.5,0.75,0.75,0.5,0.5,0.75,0.75,0.25,0.5,0.25,0.5,0.5,0.75,0.5,0.75,0.25,0.5,0.25,0.5,0.5,0.25,0.75,0.75,0.75,0.75,0.5,0.5,0.25,0.75,0.75,0.75,0.5,0.75,0.75,0.5,0.5,0.75,0.25,0.75,0.25,0.75,0.25,0.75,0.75,0.75,0.75,0.5,0.75,0.75,0.25,0.25,0.75,0.5,0.75,0.5,0.5,0.75,0.25,0.75,0.25,0.5,0.25,0.5,0.75,0.5,0.5,0.5,0.25,0.75,0.75,0.5,0.5,0.25,0.5,0.25,0.25,0.75,0.75,0.25,0.5,0.5,0.25,0.75,0.25,0.75,0.5,0.5,0.25,0.5,0.75,0.5,0.25,0.5
84,0.25,0.5,0.75,0.75,0.75,0.75,0.75,0.75,0.75,0.75,0.75,0.5,0.5,0.25,0.5,0.5,0.25,0.5,0.75,0.75,0.75,0.5,0.5,0.75,0.75,0.75,0.25,0.75,0.75,0.25,0.5,0.75,0.25,0.75,0.75,0.75,0.75,0.75,0.5,0.25,0.5,0.25,0.5,0.75,0.75,0.5,0.75,0.5,0.5,0.25,0.5,0.75,0.25,0.75,0.5,0.75,0.75,0.75,0.5,0.25,0.75,0.75,0.5,0.5,0.75,0.75,0.5,0.5,0.75,0.25,0.75,0.25,0.75,0.25,0.75,0.75,0.75,0.75,0.5,0.25,0.75,0.25,0.25,0.75,0.25,0.25,0.25,0.75,0.75,0.25,0.75,0.25,0.5,0.5,0.5,0.75,0.75,0.5,0.5,0.25,0.75,0.25,0.25,0.5,0.25,0.5,0.25,0.25,0.75,0.75,0.25,0.5,0.5,0.25,0.75,0.25,0.75,0.25,0.25,0.25,0.75,0.75,0.5,0.25,0.5
85,0.5,0.5,0.5,0.75,0.75,0.75,0.25,0.75,0.75,0.25,0.75,0.5,0.5,0.25,0.5,0.5,0.25,0.75,0.75,0.75,0.75,0.5,0.5,0.75,0.75,0.75,0.25,0.75,0.5,0.5,0.25,0.75,0.25,0.75,0.25,0.75,0.75,0.75,0.75,0.25,0.5,0.25,0.5,0.75,0.75,0.5,0.75,0.25,0.5,0.25,0.75,0.75,0.25,0.75,0.5,0.75,0.75,0.75,0.5,0.25,0.75,0.25,0.75,0.5,0.25,0.75,0.5,0.5,0.75,0.25,0.5,0.75,0.75,0.25,0.75,0.75,0.75,0.75,0.5,0.5,0.75,0.25,0.25,0.75,0.25,0.25,0.25,0.5,0.75,0.25,0.75,0.5,0.25,0.25,0.5,0.75,0.75,0.5,0.5,0.25,0.75,0.5,0.75,0.75,0.25,0.25,0.75,0.25,0.75,0.75,0.25,0.5,0.5,0.25,0.75,0.25,0.75,0.25,0.5,0.25,0.75,0.75,0.5,0.25,0.75
86,0.5,0.75,0.25,0.75,0.75,0.75,0.5,0.75,0.75,0.75,0.75,0.5,0.5,0.25,0.25,0.5,0.25,0.75,0.75,0.25,0.25,0.5,0.25,0.75,0.75,0.75,0.25,0.75,0.75,0.25,0.75,0.75,0.25,0.75,0.5,0.75,0.5,0.75,0.75,0.5,0.5,0.25,0.5,0.5,0.75,0.5,0.75,0.25,0.5,0.25,0.5,0.75,0.25,0.75,0.75,0.75,0.75,0.75,0.5,0.5,0.75,0.75,0.75,0.5,0.25,0.75,0.5,0.5,0.75,0.25,0.75,0.75,0.75,0.25,0.75,0.75,0.75,0.75,0.5,0.5,0.75,0.25,0.25,0.75,0.25,0.75,0.25,0.5,0.75,0.25,0.75,0.5,0.25,0.25,0.5,0.75,0.75,0.5,0.5,0.25,0.75,0.5,0.75,0.5,0.25,0.25,0.75,0.25,0.75,0.75,0.25,0.5,0.5,0.25,0.75,0.25,0.75,0.25,0.5,0.25,0.5,0.75,0.5,0.25,0.75
87,0.5,0.75,0.5,0.75,0.75,0.75,0.25,0.75,0.75,0.5,0.75,0.25,0.5,0.25,0.25,0.5,0.25,0.75,0.5,0.5,0.25,0.5,0.25,0.5,0.75,0.75,0.25,0.75,0.75,0.5,0.5,0.75,0.25,0.75,0.25,0.5,0.5,0.75,0.75,0.25,0.5,0.25,0.5,0.5,0.75,0.5,0.75,0.75,0.5,0.25,0.5,0.5,0.25,0.75,0.75,0.75,0.75,0.5,0.5,0.25,0.75,0.25,0.75,0.5,0.25,0.75,0.5,0.5,0.75,0.75,0.5,0.25,0.75,0.25,0.75,0.75,0.75,0.75,0.5,0.75,0.75,0.25,0.25,0.75,0.25,0.5,0.5,0.25,0.75,0.25,0.75,0.5,0.5,0.5,0.5,0.75,0.5,0.5,0.5,0.25,0.75,0.5,0.75,0.5,0.25,0.5,0.25,0.25,0.75,0.75,0.25,0.5,0.5,0.25,0.75,0.25,0.75,0.25,0.75,0.25,0.5,0.75,0.5,0.25,0.25
88,0.25,0.5,0.5,0.75,0.75,0.75,0.5,0.75,0.75,0.5,0.75,0.5,0.5,0.25,0.5,0.5,0.25,0.75,0.5,0.25,0.5,0.5,0.5,0.5,0.75,0.75,0.25,0.75,0.75,0.25,0.5,0.75,0.5,0.75,0.5,0.75,0.5,0.75,0.75,0.25,0.5,0.25,0.5,0.5,0.75,0.5,0.75,0.75,0.5,0.25,0.5,0.75,0.25,0.75,0.5,0.75,0.75,0.5,0.5,0.25,0.75,0.75,0.75,0.5,0.25,0.75,0.5,0.5,0.75,0.5,0.75,0.75,0.75,0.25,0.75,0.75,0.75,0.75,0.5,0.25,0.75,0.25,0.25,0.75,0.5,0.25,0.25,0.25,0.75,0.25,0.75,0.25,0.25,0.25,0.5,0.75,0.5,0.5,0.5,0.25,0.75,0.5,0.75,0.5,0.25,0.5,0.75,0.25,0.75,0.75,0.25,0.5,0.5,0.25,0.75,0.25,0.75,0.5,0.25,0.25,0.25,0.75,0.5,0.25,0.75
89,0.25,0.75,0.75,0.75,0.75,0.75,0.25,0.75,0.75,0.5,0.75,0.25,0.5,0.25,0.5,0.5,0.25,0.5,0.5,0.5,0.75,0.5,0.5,0.5,0.75,0.75,0.25,0.75,0.75,0.5,0.5,0.75,0.5,0.75,0.5,0.75,0.5,0.75,0.5,0.5,0.5,0.25,0.5,0.5,0.75,0.5,0.75,0.5,0.5,0.25,0.5,0.75,0.25,0.75,0.75,0.25,0.75,0.5,0.5,0.5,0.75,0.25,0.5,0.5,0.25,0.75,0.5,0.5,0.75,0.5,0.5,0.25,0.25,0.25,0.5,0.5,0.75,0.75,0.5,0.5,0.75,0.25,0.25,0.75,0.5,0.5,0.25,0.25,0.75,0.25,0.75,0.25,0.5,0.5,0.5,0.75,0.5,0.5,0.5,0.25,0.75,0.5,0.25,0.75,0.25,0.5,0.25,0.25,0.5,0.75,0.25,0.5,0.5,0.25,0.25,0.25,0.75,0.5,0.5,0.25,0.5,0.75,0.5,0.25,0.25
90,0.5,0.5,0.75,0.75,0.75,0.75,0.25,0.75,0.75,0.5,0.75,0.5,0.5,0.25,0.25,0.5,0.25,0.75,0.5,0.25,0.25,0.5,0.25,0.75,0.75,0.25,0.25,0.75,0.75,0.5,0.5,0.75,0.25,0.75,0.75,0.75,0.75,0.75,0.75,0.25,0.5,0.25,0.5,0.75,0.75,0.5,0.75,0.5,0.5,0.25,0.5,0.75,0.25,0.75,0.5,0.25,0.75,0.75,0.5,0.25,0.75,0.75,0.75,0.5,0.75,0.75,0.5,0.5,0.25,0.25,0.75,0.25,0.25,0.25,0.5,0.75,0.75,0.75,0.5,0.75,0.75,0.25,0.25,0.75,0.25,0.5,0.5,0.25,0.75,0.25,0.75,0.5,0.5,0.5,0.5,0.75,0.75,0.5,0.5,0.25,0.75,0.5,0.5,0.5,0.25,0.5,0.25,0.25,0.5,0.75,0.25,0.5,0.5,0.25,0.25,0.25,0.75,0.25,0.5,0.25,0.75,0.75,0.5,0.25,0.5
91,0.5,0.75,0.75,0.75,0.75,0.75,0.25,0.75,0.75,0.25,0.75,0.5,0.5,0.25,0.25,0.5,0.25,0.5,0.5,0.75,0.75,0.5,0.25,0.5,0.75,0.25,0.25,0.75,0.25,0.25,0.25,0.75,0.5,0.75,0.5,0.75,0.5,0.75,0.5,0.25,0.5,0.25,0.5,0.5,0.75,0.75,0.75,0.75,0.5,0.25,0.75,0.75,0.25,0.75,0.75,0.25,0.75,0.5,0.5,0.25,0.75,0.25,0.5,0.5,0.75,0.75,0.5,0.5,0.25,0.75,0.5,0.25,0.25,0.25,0.5,0.75,0.75,0.75,0.5,0.25,0.75,0.25,0.25,0.75,0.5,0.25,0.25,0.25,0.75,0.25,0.75,0.5,0.25,0.25,0.5,0.75,0.5,0.5,0.5,0.25,0.75,0.75,0.75,0.5,0.25,0.25,0.25,0.25,0.5,0.75,0.25,0.5,0.5,0.25,0.25,0.25,0.75,0.5,0.75,0.25,0.25,0.75,0.5,0.25,0.75
92,0.5,0.5,0.5,0.75,0.75,0.75,0.5,0.75,0.75,0.25,0.75,0.5,0.5,0.25,0.25,0.5,0.25,0.75,0.5,0.5,0.75,0.5,0.25,0.5,0.75,0.25,0.25,0.75,0.25,0.5,0.25,0.5,0.5,0.75,0.75,0.75,0.5,0.75,0.75,0.5,0.5,0.25,0.5,0.5,0.75,0.5,0.75,0.25,0.5,0.25,0.5,0.75,0.25,0.75,0.5,0.25,0.75,0.5,0.5,0.5,0.75,0.75,0.75,0.5,0.25,0.75,0.5,0.5,0.75,0.25,0.5,0.25,0.25,0.25,0.75,0.75,0.75,0.75,0.5,0.5,0.75,0.25,0.25,0.75,0.5,0.75,0.25,0.25,0.75,0.25,0.75,0.5,0.25,0.5,0.5,0.75,0.5,0.5,0.5,0.25,0.5,0.75,0.5,0.5,0.25,0.5,0.25,0.25,0.75,0.75,0.25,0.5,0.5,0.25,0.25,0.25,0.75,0.5,0.25,0.25,0.25,0.75,0.5,0.25,0.25
93,0.25,0.75,0.75,0.75,0.75,0.75,0.5,0.75,0.75,0.75,0.75,0.25,0.5,0.75,0.25,0.5,0.25,0.5,0.5,0.25,0.5,0.5,0.25,0.75,0.75,0.25,0.25,0.5,0.5,0.5,0.25,0.5,0.25,0.75,0.5,0.75,0.75,0.75,0.5,0.25,0.5,0.25,0.5,0.75,0.75,0.75,0.75,0.75,0.5,0.25,0.5,0.75,0.25,0.75,0.75,0.25,0.75,0.75,0.5,0.25,0.75,0.75,0.5,0.5,0.25,0.75,0.5,0.5,0.75,0.25,0.5,0.25,0.25,0.25,0.5,0.5,0.75,0.75,0.5,0.25,0.75,0.75,0.75,0.75,0.25,0.25,0.25,0.25,0.75,0.25,0.75,0.25,0.75,0.25,0.5,0.75,0.75,0.5,0.5,0.25,0.5,0.25,0.25,0.5,0.75,0.5,0.25,0.25,0.5,0.75,0.25,0.5,0.5,0.25,0.25,0.25,0.75,0.25,0.25,0.25,0.25,0.75,0.5,0.25,0.75
94,0.5,0.5,0.5,0.75,0.75,0.75,0.75,0.75,0.75,0.75,0.75,0.25,0.5,0.25,0.5,0.5,0.25,0.75,0.5,0.75,0.5,0.5,0.5,0.75,0.75,0.25,0.25,0.75,0.75,0.5,0.5,0.5,0.5,0.75,0.75,0.5,0.5,0.75,0.75,0.25,0.5,0.25,0.5,0.5,0.75,0.75,0.75,0.75,0.5,0.25,0.5,0.5,0.25,0.75,0.5,0.75,0.75,0.75,0.5,0.25,0.75,0.25,0.75,0.5,0.25,0.75,0.5,0.5,0.75,0.25,0.5,0.25,0.75,0.25,0.5,0.5,0.75,0.75,0.5,0.25,0.75,0.25,0.25,0.75,0.5,0.25,0.5,0.25,0.75,0.25,0.75,0.5,0.75,0.25,0.5,0.75,0.75,0.5,0.5,0.25,0.5,0.5,0.75,0.5,0.25,0.25,0.25,0.25,0.5,0.75,0.25,0.5,0.5,0.25,0.75,0.25,0.75,0.5,0.25,0.25,0.75,0.75,0.5,0.25,0.25
95,0.5,0.5,0.75,0.75,0.75,0.75,0.75,0.75,0.75,0.75,0.75,0.25,0.5,0.25,0.25,0.5,0.25,0.75,0.5,0.25,0.75,0.5,0.25,0.75,0.75,0.25,0.25,0.75,0.5,0.25,0.25,0.5,0.5,0.75,0.75,0.75,0.5,0.75,0.75,0.25,0.5,0.25,0.5,0.5,0.75,0.5,0.75,0.5,0.5,0.25,0.75,0.75,0.25,0.75,0.5,0.75,0.75,0.75,0.5,0.25,0.75,0.75,0.75,0.5,0.75,0.75,0.5,0.5,0.75,0.5,0.75,0.25,0.75,0.25,0.5,0.25,0.75,0.75,0.5,0.25,0.75,0.25,0.25,0.75,0.5,0.25,0.25,0.25,0.75,0.25,0.75,0.5,0.5,0.5,0.5,0.75,0.75,0.5,0.5,0.25,0.5,0.75,0.75,0.75,0.25,0.5,0.25,0.25,0.5,0.75,0.25,0.5,0.5,0.25,0.75,0.25,0.75,0.5,0.5,0.25,0.75,0.75,0.5,0.25,0.25
96,0.25,0.5,0.75,0.75,0.75,0.75,0.75,0.75,0.75,0.25,0.75,0.75,0.5,0.75,0.25,0.5,0.25,0.75,0.5,0.5,0.5,0.5,0.25,0.75,0.75,0.75,0.25,0.75,0.5,0.25,0.25,0.5,0.5,0.75,0.5,0.75,0.5,0.75,0.75,0.5,0.5,0.25,0.5,0.5,0.75,0.5,0.75,0.5,0.5,0.25,0.5,0.75,0.25,0.75,0.5,0.75,0.75,0.75,0.5,0.5,0.75,0.25,0.75,0.5,0.75,0.75,0.5,0.5,0.75,0.25,0.5,0.25,0.75,0.25,0.75,0.5,0.75,0.75,0.5,0.75,0.75,0.75,0.75,0.75,0.5,0.5,0.25,0.25,0.75,0.25,0.75,0.25,0.5,0.5,0.5,0.75,0.75,0.5,0.5,0.25,0.5,0.5,0.5,0.5,0.75,0.25,0.25,0.25,0.75,0.75,0.25,0.5,0.5,0.25,0.75,0.25,0.75,0.5,0.25,0.25,0.25,0.75,0.5,0.25,0.5
97,0.5,0.75,0.75,0.75,0.75,0.75,0.75,0.75,0.75,0.75,0.75,0.75,0.5,0.25,0.25,0.5,0.25,0.5,0.5,0.75,0.25,0.5,0.25,0.5,0.75,0.75,0.25,0.75,0.75,0.5,0.5,0.75,0.5,0.75,0.5,0.5,0.5,0.75,0.5,0.25,0.5,0.25,0.5,0.5,0.75,0.75,0.75,0.75,0.5,0.25,0.5,0.5,0.25,0.75,0.75,0.75,0.75,0.5,0.5,0.25,0.75,0.75,0.5,0.5,0.25,0.75,0.5,0.5,0.5,0.5,0.75,0.25,0.75,0.25,0.5,0.5,0.75,0.75,0.5,0.5,0.75,0.25,0.25,0.75,0.5,0.5,0.25,0.25,0.75,0.25,0.75,0.5,0.25,0.25,0.5,0.5,0.5,0.5,0.5,0.25,0.75,0.5,0.75,0.5,0.25,0.5,0.25,0.25,0.5,0.75,0.5,0.5,0.5,0.25,0.75,0.25,0.75,0.5,0.25,0.25,0.5,0.75,0.5,0.25,0.25
98,0.25,0.5,,0.75,0.75,0.75,,0.75,0.75,,0.75,,0.5,0.25,0.25,0.5,0.25,0.75,0.5,,,0.5,0.25,0.75,0.75,0.25,0.25,0.5,,0.5,,0.5,0.25,0.75,,0.75,0.75,0.75,0.75,0.5,0.5,0.25,0.5,0.75,0.75,0.75,0.75,,0.5,0.25,0.5,0.75,0.25,0.75,0.5,0.75,0.75,0.75,0.5,0.5,0.75,0.75,0.75,0.5,0.25,0.75,0.5,0.5,,,0.5,0.75,0.75,0.25,0.5,,0.75,0.75,0.5,,0.75,0.25,0.25,0.75,0.25,,0.25,,0.75,0.25,0.75,0.25,,,0.5,,0.75,0.5,0.5,0.25,0.5,,,0.5,0.25,0.5,0.75,,0.5,0.75,0.5,0.5,0.5,0.25,0.75,0.25,0.75,0.25,,0.25,,0.75,0.5,0.25,
99,0.25,0.5,,0.75,0.75,0.75,,0.75,0.75,,0.75,,0.5,0.75,0.5,0.5,0.25,0.75,0.5,,,0.5,0.5,0.75,0.75,0.25,0.25,0.75,,0.25,,0.5,0.5,0.75,,0.75,0.5,0.75,0.75,0.5,0.5,0.25,0.5,0.5,0.75,0.5,0.75,,0.5,0.25,0.5,0.75,0.25,0.75,0.5,0.25,0.75,0.75,0.5,0.5,0.75,0.25,0.75,0.5,0.75,0.75,0.5,0.5,,,0.5,0.25,0.25,0.25,0.5,,0.75,0.75,0.5,,0.75,0.75,0.75,0.75,0.5,,0.5,,0.75,0.25,0.75,0.25,,,0.5,,0.75,0.5,0.5,0.25,0.5,,,0.5,0.75,0.5,0.25,,0.5,0.75,0.5,0.5,0.5,0.25,0.25,0.25,0.75,0.5,,0.25,,0.75,0.5,0.25,
100,0.5,0.75,,0.75,0.75,0.75,,0.75,0.75,,0.75,,0.5,0.75,0.25,0.5,0.25,0.75,0.5,,,0.5,0.25,0.5,0.75,0.25,0.25,0.5,,0.25,,0.5,0.25,0.75,,0.5,0.5,0.75,0.75,0.25,0.5,0.25,0.5,0.5,0.75,0.75,0.75,,0.5,0.25,0.5,0.5,0.25,0.75,0.75,0.75,0.75,0.5,0.5,0.25,0.75,0.75,0.75,0.5,0.75,0.75,0.5,0.5,,,0.5,0.25,0.75,0.25,0.5,,0.75,0.75,0.5,,0.75,0.75,0.75,0.75,0.25,,0.25,,0.75,0.25,0.75,0.5,,,0.5,,0.5,0.5,0.5,0.25,0.5,,,0.75,0.75,0.25,0.25,,0.5,0.75,0.5,0.5,0.5,0.25,0.75,0.25,0.75,0.25,,0.25,,0.75,0.5,0.25,
101,0.25,0.75,,0.75,0.75,0.75,,0.75,0.75,,0.75,,0.5,0.25,0.25,0.5,0.25,0.5,0.5,,,0.5,0.25,0.5,0.75,0.25,0.25,0.75,,0.5,,0.75,0.25,0.75,,0.75,0.5,0.75,0.5,0.5,0.5,0.25,0.5,0.5,0.75,0.75,0.75,,0.5,0.25,0.75,0.75,0.25,0.75,0.75,0.25,0.75,0.5,0.5,0.5,0.75,0.75,0.5,0.5,0.75,0.75,0.5,0.5,,,0.75,0.25,0.25,0.25,0.5,,0.75,0.75,0.5,,0.75,0.25,0.25,0.75,0.25,,0.25,,0.75,0.25,0.75,0.25,,,0.5,,0.5,0.5,0.5,0.25,0.75,,,0.5,0.25,0.5,0.25,,0.5,0.75,0.5,0.5,0.5,0.25,0.25,0.25,0.75,0.25,,0.25,,0.75,0.5,0.25,
