Iteration,Sim_0,Sim_1,Sim_2,Sim_3,Sim_4,Sim_5,Sim_6,Sim_7,Sim_8,Sim_9,Sim_10,Sim_11,Sim_12,Sim_13,Sim_14,Sim_15,Sim_16,Sim_17,Sim_18,Sim_19,Sim_20,Sim_21,Sim_22,Sim_23,Sim_24
0,[438.0],[220.0],[338.0],[109.0],[319.0],[37.0],[228.0],[65.0],[253.0],[358.0],[110.0],[436.0],[480.0],[364.0],[321.0],[269.0],[67.0],[220.0],[139.0],[117.0],[420.0],[418.0],[442.0],[17.0],[15.0]
1,[145.0],[442.0],[46.0],[326.0],[141.0],[120.0],[358.0],[167.0],[364.0],[228.0],[471.0],[20.0],[228.0],[166.0],[445.0],[472.0],[435.0],[396.0],[136.0],[240.0],[21.0],[88.0],[309.0],[78.0],[57.0]
2,[66.0],[309.0],[431.0],[76.0],[199.0],[53.0],[477.0],[338.0],[424.0],[73.0],[262.0],[494.0],[10.0],[245.0],[292.0],[43.0],[294.0],[57.0],[4.0],[79.0],[226.0],[380.0],[82.0],[271.0],[494.0]
3,[139.0],[358.0],[56.0],[250.0],[363.0],[109.0],[275.0],[15.0],[137.0],[221.0],[171.0],[46.0],[299.0],[151.0],[432.0],[175.0],[287.0],[209.0],[82.0],[307.0],[257.0],[286.0],[246.0],[140.0],[276.0]
4,[325.0],[246.0],[358.0],[221.0],[468.0],[238.0],[338.0],[319.0],[323.0],[10.0],[271.0],[67.0],[13.0],[130.0],[412.0],[141.0],[198.0],[245.0],[465.0],[321.0],[463.0],[140.0],[358.0],[439.0],[46.0]
5,[200.0],[204.0],[424.0],[179.0],[171.0],[111.0],[4.0],[436.0],[222.0],[246.0],[398.0],[136.0],[390.0],[336.0],[78.0],[335.0],[279.0],[371.0],[35.0],[31.0],[88.0],[220.0],[240.0],[268.0],[20.0]
6,[242.0],[11.0],[242.0],[456.0],[449.0],[216.0],[167.0],[464.0],[388.0],[222.0],[30.0],[29.0],[273.0],[13.0],[36.0],[202.0],[153.0],[482.0],[304.0],[454.0],[286.0],[403.0],[390.0],[117.0],[463.0]
7,[387.0],[472.0],[4.0],[39.0],[5.0],[321.0],[408.0],[23.0],[439.0],[276.0],[246.0],[240.0],[242.0],[137.0],[124.0],[150.0],[473.0],[288.0],[200.0],[194.0],[473.0],[77.0],[229.0],[492.0],[480.0]
8,[120.0],[328.0],[221.0],[127.0],[73.0],[477.0],[194.0],[222.0],[372.0],[490.0],[190.0],[327.0],[312.0],[315.0],[477.0],[286.0],[347.0],[29.0],[303.0],[73.0],[204.0],[465.0],[428.0],[343.0],[78.0]
9,[294.0],[343.0],[191.0],[111.0],[472.0],[348.0],[403.0],[449.0],[232.0],[111.0],[31.0],[181.0],[421.0],[64.0],[306.0],[451.0],[471.0],[305.0],[480.0],[303.0],[254.0],[408.0],[306.0],[276.0],[228.0]
10,[193.0],[319.0],[100.0],[343.0],[80.0],[221.0],[204.0],[80.0],[492.0],[388.0],[103.0],[273.0],[455.0],[290.0],[220.0],[36.0],[215.0],[311.0],[111.0],[72.0],[95.0],[423.0],[204.0],[86.0],[194.0]
11,[11.0],[133.0],[23.0],[472.0],[71.0],[253.0],[110.0],[36.0],[116.0],[289.0],[376.0],[437.0],[137.0],[333.0],[311.0],[185.0],[80.0],[442.0],[1.0],[336.0],[117.0],[152.0],[335.0],[431.0],[246.0]
12,[440.0],[212.0],[111.0],[299.0],[143.0],[496.0],[348.0],[348.0],[217.0],[424.0],[422.0],[245.0],[260.0],[480.0],[403.0],[292.0],[201.0],[229.0],[228.0],[222.0],[152.0],[174.0],[469.0],[181.0],[490.0]
13,[31.0],[117.0],[393.0],[450.0],[138.0],[46.0],[494.0],[311.0],[51.0],[109.0],[326.0],[49.0],[477.0],[348.0],[309.0],[273.0],[237.0],[97.0],[299.0],[200.0],[404.0],[415.0],[348.0],[23.0],[129.0]
14,[458.0],[229.0],[185.0],[59.0],[225.0],[245.0],[235.0],[19.0],[235.0],[339.0],[71.0],[365.0],[333.0],[228.0],[246.0],[117.0],[337.0],[212.0],[477.0],[486.0],[380.0],[268.0],[403.0],[257.0],[273.0]
15,[374.0],[221.0],[352.0],[477.0],[246.0],[71.0],[20.0],[352.0],[276.0],[209.0],[274.0],[2.0],[377.0],[170.0],[81.0],[142.0],[15.0],[394.0],[208.0],[450.0],[168.0],[109.0],[288.0],[56.0],[321.0]
16,[72.0],[82.0],[217.0],[77.0],[127.0],[280.0],[136.0],[471.0],[20.0],[189.0],[442.0],[12.0],[0.0],[458.0],[358.0],[170.0],[65.0],[294.0],[127.0],[348.0],[119.0],[236.0],[274.0],[20.0],[395.0]
17,[176.0],[428.0],[310.0],[328.0],[109.0],[439.0],[12.0],[54.0],[15.0],[348.0],[309.0],[145.0],[321.0],[477.0],[171.0],[242.0],[329.0],[108.0],[328.0],[477.0],[343.0],[253.0],[175.0],[490.0],[73.0]
18,[187.0],[469.0],[490.0],[443.0],[64.0],[191.0],[46.0],[143.0],[46.0],[116.0],[358.0],[358.0],[29.0],[374.0],[262.0],[281.0],[365.0],[5.0],[450.0],[127.0],[174.0],[336.0],[465.0],[289.0],[424.0]
19,[53.0],[372.0],[439.0],[476.0],[137.0],[276.0],[436.0],[328.0],[436.0],[129.0],[229.0],[246.0],[107.0],[382.0],[274.0],[295.0],[484.0],[309.0],[290.0],[350.0],[317.0],[243.0],[57.0],[365.0],[440.0]
20,[116.0],[288.0],[238.0],[219.0],[59.0],[116.0],[245.0],[272.0],[49.0],[390.0],[288.0],[167.0],[315.0],[497.0],[360.0],[365.0],[393.0],[360.0],[183.0],[59.0],[243.0],[188.0],[410.0],[30.0],[200.0]
21,[4.0],[245.0],[184.0],[274.0],[273.0],[51.0],[327.0],[213.0],[365.0],[299.0],[148.0],[204.0],[135.0],[470.0],[145.0],[205.0],[204.0],[306.0],[138.0],[280.0],[291.0],[9.0],[343.0],[436.0],[380.0]
22,[480.0],[49.0],[166.0],[497.0],[100.0],[78.0],[57.0],[266.0],[490.0],[236.0],[423.0],[112.0],[458.0],[418.0],[209.0],[140.0],[105.0],[348.0],[157.0],[139.0],[458.0],[111.0],[220.0],[246.0],[397.0]
23,[39.0],[97.0],[289.0],[408.0],[311.0],[129.0],[387.0],[46.0],[494.0],[321.0],[415.0],[57.0],[194.0],[494.0],[469.0],[332.0],[49.0],[246.0],[319.0],[27.0],[31.0],[120.0],[5.0],[430.0],[99.0]
24,[111.0],[423.0],[80.0],[348.0],[77.0],[454.0],[311.0],[57.0],[289.0],[344.0],[212.0],[490.0],[384.0],[456.0],[183.0],[201.0],[163.0],[204.0],[71.0],[290.0],[336.0],[234.0],[382.0],[46.0],[289.0]
25,[228.0],[324.0],[198.0],[195.0],[348.0],[72.0],[66.0],[455.0],[309.0],[285.0],[204.0],[289.0],[187.0],[205.0],[71.0],[317.0],[338.0],[372.0],[309.0],[418.0],[476.0],[200.0],[364.0],[326.0],[71.0]
26,[477.0],[410.0],[276.0],[491.0],[309.0],[189.0],[216.0],[253.0],[246.0],[99.0],[378.0],[4.0],[12.0],[116.0],[352.0],[497.0],[420.0],[185.0],[145.0],[331.0],[395.0],[484.0],[12.0],[175.0],[390.0]
27,[321.0],[480.0],[20.0],[100.0],[167.0],[117.0],[120.0],[494.0],[328.0],[22.0],[280.0],[410.0],[253.0],[27.0],[127.0],[81.0],[261.0],[343.0],[152.0],[320.0],[331.0],[348.0],[423.0],[129.0],[240.0]
28,[251.0],[265.0],[273.0],[319.0],[360.0],[343.0],[220.0],[377.0],[358.0],[204.0],[311.0],[198.0],[436.0],[42.0],[410.0],[311.0],[275.0],[364.0],[66.0],[88.0],[472.0],[82.0],[359.0],[95.0],[310.0]
29,[71.0],[327.0],[471.0],[345.0],[49.0],[410.0],[223.0],[159.0],[469.0],[241.0],[53.0],[253.0],[494.0],[320.0],[253.0],[346.0],[356.0],[50.0],[116.0],[384.0],[60.0],[359.0],[338.0],[450.0],[111.0]
30,[191.0],[4.0],[215.0],[375.0],[204.0],[436.0],[372.0],[287.0],[258.0],[442.0],[319.0],[309.0],[348.0],[2.0],[450.0],[220.0],[396.0],[135.0],[384.0],[448.0],[455.0],[332.0],[327.0],[380.0],[331.0]
31,[73.0],[124.0],[222.0],[141.0],[494.0],[458.0],[398.0],[97.0],[111.0],[215.0],[469.0],[360.0],[167.0],[10.0],[419.0],[338.0],[394.0],[49.0],[420.0],[390.0],[20.0],[221.0],[319.0],[152.0],[23.0]
32,[339.0],[280.0],[228.0],[169.0],[12.0],[288.0],[111.0],[335.0],[324.0],[301.0],[485.0],[423.0],[57.0],[313.0],[465.0],[204.0],[116.0],[469.0],[387.0],[308.0],[207.0],[361.0],[321.0],[273.0],[344.0]
33,[328.0],[338.0],[463.0],[63.0],[327.0],[220.0],[221.0],[128.0],[442.0],[338.0],[364.0],[373.0],[77.0],[384.0],[251.0],[492.0],[222.0],[398.0],[321.0],[380.0],[480.0],[326.0],[344.0],[119.0],[439.0]
34,[240.0],[321.0],[199.0],[144.0],[31.0],[148.0],[442.0],[232.0],[417.0],[203.0],[244.0],[319.0],[46.0],[273.0],[382.0],[310.0],[26.0],[171.0],[59.0],[353.0],[228.0],[343.0],[71.0],[350.0],[140.0]
35,[203.0],[194.0],[142.0],[315.0],[423.0],[420.0],[212.0],[122.0],[215.0],[487.0],[97.0],[425.0],[325.0],[117.0],[45.0],[171.0],[57.0],[435.0],[20.0],[77.0],[265.0],[273.0],[494.0],[176.0],[184.0]
36,[338.0],[29.0],[401.0],[422.0],[415.0],[192.0],[451.0],[375.0],[5.0],[343.0],[141.0],[288.0],[87.0],[12.0],[348.0],[408.0],[343.0],[144.0],[325.0],[493.0],[175.0],[458.0],[432.0],[127.0],[477.0]
37,[221.0],[364.0],[298.0],[130.0],[288.0],[209.0],[246.0],[376.0],[124.0],[136.0],[352.0],[148.0],[430.0],[57.0],[390.0],[465.0],[229.0],[253.0],[187.0],[328.0],[477.0],[309.0],[73.0],[309.0],[352.0]
38,[492.0],[348.0],[286.0],[349.0],[372.0],[440.0],[215.0],[30.0],[273.0],[280.0],[108.0],[364.0],[469.0],[78.0],[476.0],[464.0],[213.0],[2.0],[380.0],[400.0],[13.0],[321.0],[94.0],[71.0],[88.0]
39,[418.0],[111.0],[216.0],[41.0],[469.0],[204.0],[319.0],[318.0],[129.0],[262.0],[100.0],[372.0],[394.0],[410.0],[59.0],[249.0],[107.0],[308.0],[338.0],[399.0],[290.0],[412.0],[372.0],[319.0],[309.0]
40,[238.0],[149.0],[116.0],[103.0],[29.0],[359.0],[195.0],[204.0],[71.0],[473.0],[343.0],[310.0],[246.0],[344.0],[299.0],[121.0],[230.0],[417.0],[109.0],[312.0],[450.0],[71.0],[215.0],[183.0],[204.0]
41,[465.0],[297.0],[246.0],[180.0],[480.0],[175.0],[262.0],[29.0],[212.0],[72.0],[268.0],[150.0],[374.0],[254.0],[328.0],[203.0],[357.0],[413.0],[273.0],[140.0],[2.0],[204.0],[258.0],[64.0],[328.0]
42,[348.0],[2.0],[343.0],[157.0],[2.0],[338.0],[135.0],[480.0],[171.0],[143.0],[310.0],[258.0],[245.0],[436.0],[64.0],[423.0],[341.0],[221.0],[190.0],[281.0],[127.0],[10.0],[148.0],[458.0],[415.0]
43,[395.0],[145.0],[344.0],[457.0],[149.0],[290.0],[280.0],[207.0],[97.0],[439.0],[465.0],[140.0],[330.0],[194.0],[204.0],[103.0],[23.0],[145.0],[220.0],[188.0],[100.0],[382.0],[171.0],[213.0],[360.0]
44,[273.0],[72.0],[315.0],[468.0],[486.0],[372.0],[82.0],[315.0],[410.0],[309.0],[150.0],[124.0],[124.0],[452.0],[344.0],[65.0],[383.0],[299.0],[57.0],[198.0],[390.0],[164.0],[100.0],[262.0],[253.0]
45,[140.0],[413.0],[78.0],[245.0],[324.0],[258.0],[288.0],[228.0],[360.0],[297.0],[360.0],[220.0],[84.0],[325.0],[140.0],[128.0],[135.0],[280.0],[83.0],[71.0],[27.0],[328.0],[110.0],[5.0],[319.0]
46,[142.0],[465.0],[458.0],[262.0],[140.0],[184.0],[49.0],[290.0],[2.0],[328.0],[12.0],[424.0],[300.0],[135.0],[338.0],[245.0],[335.0],[148.0],[204.0],[305.0],[77.0],[450.0],[262.0],[27.0],[423.0]
47,[359.0],[152.0],[494.0],[110.0],[139.0],[360.0],[492.0],[13.0],[204.0],[423.0],[15.0],[440.0],[136.0],[84.0],[49.0],[352.0],[318.0],[382.0],[120.0],[253.0],[137.0],[27.0],[88.0],[250.0],[288.0]
48,[252.0],[273.0],[423.0],[172.0],[4.0],[5.0],[273.0],[458.0],[41.0],[494.0],[306.0],[82.0],[456.0],[490.0],[83.0],[23.0],[136.0],[307.0],[439.0],[157.0],[328.0],[262.0],[398.0],[281.0],[364.0]
49,[202.0],[382.0],[202.0],[171.0],[352.0],[49.0],[422.0],[312.0],[135.0],[2.0],[220.0],[300.0],[344.0],[424.0],[60.0],[32.0],[164.0],[67.0],[336.0],[49.0],[333.0],[443.0],[4.0],[138.0],[465.0]
50,[231.0],[477.0],[150.0],[376.0],[477.0],[309.0],[73.0],[78.0],[102.0],[360.0],[145.0],[431.0],[64.0],[276.0],[100.0],[222.0],[28.0],[410.0],[486.0],[243.0],[138.0],[390.0],[149.0],[109.0],[372.0]
51,[12.0],[135.0],[225.0],[232.0],[65.0],[382.0],[72.0],[333.0],[149.0],[364.0],[245.0],[439.0],[290.0],[289.0],[372.0],[326.0],[32.0],[177.0],[360.0],[1.0],[418.0],[374.0],[375.0],[440.0],[36.0]
52,[436.0],[177.0],[140.0],[360.0],[365.0],[246.0],[157.0],[58.0],[473.0],[410.0],[397.0],[397.0],[27.0],[420.0],[380.0],[388.0],[456.0],[103.0],[253.0],[332.0],[350.0],[138.0],[472.0],[313.0],[334.0]
53,[46.0],[451.0],[252.0],[220.0],[222.0],[297.0],[229.0],[374.0],[390.0],[12.0],[5.0],[489.0],[82.0],[440.0],[27.0],[21.0],[376.0],[83.0],[364.0],[42.0],[195.0],[281.0],[268.0],[170.0],[18.0]
54,[304.0],[5.0],[362.0],[398.0],[418.0],[212.0],[175.0],[279.0],[145.0],[306.0],[372.0],[469.0],[450.0],[431.0],[5.0],[288.0],[36.0],[363.0],[403.0],[251.0],[430.0],[157.0],[66.0],[477.0],[431.0]
55,[167.0],[73.0],[129.0],[79.0],[23.0],[364.0],[23.0],[26.0],[348.0],[327.0],[49.0],[213.0],[350.0],[21.0],[395.0],[29.0],[178.0],[129.0],[410.0],[273.0],[399.0],[2.0],[238.0],[328.0],[29.0]
56,[57.0],[167.0],[385.0],[32.0],[220.0],[4.0],[431.0],[477.0],[159.0],[436.0],[4.0],[222.0],[138.0],[323.0],[331.0],[347.0],[352.0],[12.0],[49.0],[26.0],[111.0],[58.0],[227.0],[238.0],[422.0]
57,[253.0],[15.0],[484.0],[483.0],[471.0],[390.0],[56.0],[27.0],[435.0],[4.0],[327.0],[348.0],[59.0],[111.0],[0.0],[309.0],[242.0],[82.0],[390.0],[317.0],[59.0],[238.0],[117.0],[423.0],[143.0]
58,[494.0],[213.0],[326.0],[253.0],[328.0],[66.0],[5.0],[137.0],[472.0],[465.0],[494.0],[103.0],[281.0],[275.0],[205.0],[364.0],[454.0],[249.0],[423.0],[207.0],[315.0],[410.0],[193.0],[349.0],[244.0]
59,[136.0],[403.0],[193.0],[83.0],[337.0],[469.0],[343.0],[344.0],[263.0],[46.0],[324.0],[111.0],[71.0],[99.0],[374.0],[328.0],[212.0],[258.0],[310.0],[13.0],[84.0],[49.0],[16.0],[465.0],[82.0]
60,[331.0],[286.0],[250.0],[347.0],[82.0],[494.0],[285.0],[0.0],[449.0],[124.0],[410.0],[0.0],[121.0],[439.0],[143.0],[71.0],[451.0],[297.0],[359.0],[374.0],[273.0],[170.0],[11.0],[497.0],[121.0]
61,[390.0],[12.0],[192.0],[30.0],[133.0],[136.0],[148.0],[325.0],[108.0],[240.0],[348.0],[221.0],[33.0],[221.0],[418.0],[145.0],[182.0],[327.0],[73.0],[315.0],[384.0],[364.0],[438.0],[116.0],[358.0]
62,[334.0],[78.0],[123.0],[246.0],[458.0],[149.0],[432.0],[252.0],[230.0],[28.0],[382.0],[361.0],[313.0],[455.0],[195.0],[455.0],[53.0],[53.0],[382.0],[64.0],[142.0],[215.0],[250.0],[100.0],[97.0]
63,[121.0],[404.0],[453.0],[45.0],[306.0],[334.0],[420.0],[98.0],[164.0],[417.0],[232.0],[116.0],[426.0],[360.0],[165.0],[358.0],[326.0],[494.0],[487.0],[458.0],[374.0],[17.0],[221.0],[360.0],[302.0]
64,[260.0],[143.0],[404.0],[336.0],[349.0],[451.0],[362.0],[201.0],[122.0],[397.0],[149.0],[149.0],[205.0],[423.0],[174.0],[442.0],[171.0],[451.0],[372.0],[228.0],[494.0],[469.0],[280.0],[410.0],[285.0]
65,[246.0],[376.0],[175.0],[371.0],[212.0],[499.0],[174.0],[320.0],[287.0],[288.0],[130.0],[52.0],[446.0],[309.0],[442.0],[246.0],[360.0],[149.0],[274.0],[100.0],[349.0],[154.0],[412.0],[253.0],[51.0]
66,[412.0],[0.0],[248.0],[305.0],[81.0],[289.0],[143.0],[79.0],[335.0],[349.0],[321.0],[328.0],[100.0],[82.0],[212.0],[360.0],[253.0],[328.0],[209.0],[121.0],[107.0],[100.0],[97.0],[220.0],[199.0]
67,[184.0],[110.0],[440.0],[485.0],[262.0],[228.0],[384.0],[371.0],[153.0],[29.0],[215.0],[127.0],[424.0],[204.0],[157.0],[253.0],[309.0],[124.0],[191.0],[137.0],[12.0],[205.0],[313.0],[480.0],[139.0]
68,[28.0],[171.0],[53.0],[364.0],[364.0],[300.0],[133.0],[468.0],[376.0],[372.0],[159.0],[143.0],[490.0],[349.0],[38.0],[15.0],[423.0],[117.0],[60.0],[0.0],[348.0],[12.0],[245.0],[327.0],[274.0]
69,[245.0],[53.0],[31.0],[350.0],[384.0],[242.0],[258.0],[32.0],[279.0],[273.0],[435.0],[477.0],[276.0],[306.0],[221.0],[147.0],[156.0],[81.0],[246.0],[366.0],[57.0],[494.0],[49.0],[348.0],[442.0]
70,[384.0],[71.0],[11.0],[26.0],[402.0],[398.0],[469.0],[73.0],[256.0],[382.0],[153.0],[450.0],[118.0],[145.0],[280.0],[410.0],[469.0],[262.0],[412.0],[333.0],[235.0],[338.0],[209.0],[403.0],[171.0]
71,[235.0],[148.0],[220.0],[49.0],[97.0],[194.0],[209.0],[473.0],[471.0],[212.0],[237.0],[480.0],[116.0],[136.0],[315.0],[229.0],[348.0],[352.0],[12.0],[84.0],[46.0],[352.0],[253.0],[288.0],[212.0]
72,[372.0],[253.0],[82.0],[139.0],[124.0],[73.0],[259.0],[10.0],[346.0],[145.0],[201.0],[183.0],[189.0],[20.0],[313.0],[49.0],[246.0],[48.0],[133.0],[480.0],[436.0],[480.0],[31.0],[364.0],[135.0]
73,[288.0],[150.0],[274.0],[42.0],[110.0],[423.0],[97.0],[64.0],[140.0],[258.0],[427.0],[331.0],[109.0],[7.0],[324.0],[124.0],[328.0],[319.0],[235.0],[313.0],[139.0],[477.0],[53.0],[372.0],[72.0]
74,[49.0],[183.0],[209.0],[309.0],[57.0],[110.0],[171.0],[313.0],[36.0],[174.0],[449.0],[27.0],[39.0],[109.0],[88.0],[348.0],[324.0],[476.0],[494.0],[260.0],[29.0],[395.0],[174.0],[399.0],[394.0]
75,[410.0],[136.0],[167.0],[71.0],[145.0],[412.0],[365.0],[170.0],[65.0],[440.0],[65.0],[403.0],[111.0],[107.0],[57.0],[337.0],[358.0],[235.0],[46.0],[87.0],[136.0],[335.0],[263.0],[41.0],[451.0]
76,[220.0],[103.0],[359.0],[308.0],[403.0],[306.0],[108.0],[60.0],[352.0],[149.0],[365.0],[205.0],[259.0],[376.0],[288.0],[110.0],[494.0],[436.0],[469.0],[201.0],[49.0],[1.0],[58.0],[2.0],[182.0]
77,[10.0],[420.0],[487.0],[288.0],[358.0],[29.0],[349.0],[2.0],[79.0],[20.0],[468.0],[207.0],[397.0],[212.0],[408.0],[212.0],[442.0],[390.0],[327.0],[17.0],[469.0],[66.0],[68.0],[143.0],[435.0]
78,[327.0],[198.0],[257.0],[81.0],[221.0],[319.0],[440.0],[336.0],[32.0],[431.0],[11.0],[77.0],[217.0],[451.0],[97.0],[72.0],[220.0],[464.0],[436.0],[53.0],[167.0],[187.0],[29.0],[145.0],[294.0]
79,[349.0],[398.0],[51.0],[311.0],[114.0],[2.0],[29.0],[164.0],[219.0],[181.0],[57.0],[13.0],[316.0],[404.0],[417.0],[97.0],[288.0],[357.0],[149.0],[180.0],[410.0],[57.0],[459.0],[324.0],[262.0]
80,[29.0],[81.0],[231.0],[352.0],[135.0],[259.0],[328.0],[390.0],[180.0],[205.0],[478.0],[312.0],[438.0],[4.0],[135.0],[275.0],[2.0],[36.0],[288.0],[497.0],[276.0],[145.0],[282.0],[137.0],[311.0]
81,[48.0],[262.0],[348.0],[482.0],[108.0],[463.0],[337.0],[275.0],[476.0],[319.0],[357.0],[315.0],[40.0],[321.0],[108.0],[193.0],[297.0],[30.0],[258.0],[221.0],[490.0],[235.0],[427.0],[37.0],[365.0]
82,[112.0],[352.0],[327.0],[324.0],[435.0],[119.0],[282.0],[353.0],[305.0],[59.0],[279.0],[137.0],[440.0],[465.0],[482.0],[53.0],[262.0],[110.0],[365.0],[45.0],[440.0],[436.0],[112.0],[110.0],[307.0]
83,[2.0],[16.0],[162.0],[97.0],[280.0],[181.0],[62.0],[341.0],[468.0],[97.0],[346.0],[170.0],[323.0],[53.0],[51.0],[363.0],[108.0],[51.0],[239.0],[58.0],[289.0],[136.0],[2.0],[192.0],[110.0]
84,[124.0],[157.0],[229.0],[498.0],[162.0],[215.0],[53.0],[145.0],[371.0],[182.0],[417.0],[344.0],[404.0],[124.0],[194.0],[20.0],[382.0],[161.0],[347.0],[162.0],[424.0],[73.0],[235.0],[99.0],[103.0]
85,[360.0],[337.0],[442.0],[358.0],[454.0],[190.0],[149.0],[329.0],[274.0],[157.0],[230.0],[333.0],[268.0],[220.0],[30.0],[11.0],[408.0],[274.0],[276.0],[229.0],[299.0],[280.0],[145.0],[29.0],[473.0]
86,[309.0],[402.0],[472.0],[128.0],[275.0],[124.0],[474.0],[242.0],[382.0],[315.0],[287.0],[353.0],[202.0],[5.0],[121.0],[402.0],[103.0],[210.0],[56.0],[363.0],[189.0],[53.0],[436.0],[382.0],[420.0]
87,[149.0],[282.0],[319.0],[454.0],[380.0],[30.0],[472.0],[254.0],[110.0],[192.0],[335.0],[458.0],[439.0],[338.0],[402.0],[13.0],[477.0],[107.0],[490.0],[430.0],[116.0],[31.0],[287.0],[398.0],[124.0]
88,[382.0],[62.0],[335.0],[442.0],[315.0],[328.0],[250.0],[81.0],[195.0],[171.0],[111.0],[228.0],[2.0],[127.0],[364.0],[207.0],[12.0],[15.0],[129.0],[455.0],[205.0],[327.0],[212.0],[193.0],[472.0]
89,[469.0],[453.0],[212.0],[417.0],[394.0],[465.0],[222.0],[171.0],[169.0],[81.0],[143.0],[98.0],[31.0],[450.0],[139.0],[315.0],[148.0],[4.0],[198.0],[143.0],[145.0],[149.0],[294.0],[274.0],[341.0]
90,[423.0],[274.0],[171.0],[480.0],[294.0],[492.0],[145.0],[402.0],[411.0],[311.0],[26.0],[84.0],[309.0],[319.0],[72.0],[333.0],[410.0],[466.0],[221.0],[443.0],[0.0],[486.0],[111.0],[361.0],[215.0]
91,[398.0],[482.0],[97.0],[2.0],[279.0],[274.0],[11.0],[262.0],[319.0],[402.0],[205.0],[161.0],[212.0],[403.0],[170.0],[480.0],[145.0],[165.0],[424.0],[246.0],[133.0],[98.0],[311.0],[1.0],[202.0]
92,[82.0],[65.0],[262.0],[12.0],[216.0],[438.0],[276.0],[72.0],[345.0],[110.0],[73.0],[322.0],[220.0],[149.0],[319.0],[228.0],[349.0],[335.0],[289.0],[166.0],[149.0],[344.0],[337.0],[483.0],[499.0]
93,[403.0],[153.0],[280.0],[494.0],[343.0],[123.0],[129.0],[437.0],[103.0],[103.0],[238.0],[352.0],[204.0],[359.0],[401.0],[100.0],[5.0],[193.0],[285.0],[142.0],[309.0],[317.0],[357.0],[362.0],[335.0]
94,[148.0],[222.0],[81.0],[145.0],[299.0],[384.0],[424.0],[393.0],[100.0],[201.0],[269.0],[142.0],[364.0],[97.0],[110.0],[477.0],[436.0],[438.0],[431.0],[12.0],[360.0],[266.0],[273.0],[404.0],[116.0]
95,[209.0],[466.0],[311.0],[410.0],[27.0],[231.0],[181.0],[125.0],[114.0],[65.0],[222.0],[58.0],[328.0],[239.0],[103.0],[458.0],[122.0],[116.0],[362.0],[436.0],[403.0],[320.0],[84.0],[81.0],[2.0]
96,[364.0],[454.0],[103.0],[327.0],[484.0],[16.0],[364.0],[114.0],[308.0],[23.0],[253.0],[470.0],[97.0],[71.0],[359.0],[321.0],[71.0],[119.0],[51.0],[319.0],[319.0],[32.0],[21.0],[36.0],[410.0]
97,[319.0],[279.0],[398.0],[382.0],[53.0],[341.0],[184.0],[71.0],[288.0],[365.0],[182.0],[374.0],[148.0],[138.0],[273.0],[137.0],[143.0],[16.0],[352.0],[274.0],[50.0],[496.0],[135.0],[149.0],[145.0]
98,[258.0],[291.0],[275.0],[124.0],[335.0],[205.0],[499.0],[305.0],[220.0],[352.0],[80.0],[380.0],[324.0],[251.0],[312.0],[418.0],[311.0],[41.0],[284.0],[4.0],[423.0],[254.0],[190.0],[384.0],[108.0]
99,[300.0],[215.0],[121.0],[218.0],[451.0],[315.0],[83.0],[384.0],[262.0],[274.0],[214.0],[418.0],[360.0],[49.0],[294.0],[27.0],[431.0],[420.0],[24.0],[187.0],[288.0],[312.0],[130.0],[358.0],[49.0]
100,[100.0],[6.0],[110.0],[346.0],[6.0],[31.0],[60.0],[299.0],[337.0],[62.0],[299.0],[290.0],[83.0],[73.0],[464.0],[194.0],[319.0],[205.0],[192.0],[205.0],[382.0],[137.0],[440.0],[352.0],[220.0]
101,[312.0],[464.0],[364.0],[152.0],[253.0],[82.0],[294.0],[499.0],[362.0],[220.0],[124.0],[66.0],[50.0],[77.0],[458.0],[359.0],[149.0],[3.0],[176.0],[161.0],[220.0],[128.0],[141.0],[417.0],[148.0]
102,[205.0],[161.0],[66.0],[335.0],[205.0],[294.0],[190.0],[136.0],[499.0],[167.0],[266.0],[384.0],[319.0],[100.0],[219.0],[290.0],[412.0],[275.0],[181.0],[252.0],[372.0],[231.0],[363.0],[424.0],[398.0]
103,[274.0],[54.0],[337.0],[150.0],[201.0],[200.0],[397.0],[121.0],[422.0],[398.0],[23.0],[64.0],[24.0],[426.0],[73.0],[374.0],[398.0],[488.0],[458.0],[54.0],[209.0],[455.0],[234.0],[438.0],[100.0]
104,[435.0],[105.0],[135.0],[212.0],[283.0],[403.0],[105.0],[398.0],[242.0],[161.0],[98.0],[242.0],[420.0],[395.0],[375.0],[0.0],[95.0],[11.0],[99.0],[78.0],[242.0],[420.0],[185.0],[124.0],[403.0]
105,[212.0],[201.0],[108.0],[436.0],[103.0],[145.0],[130.0],[161.0],[209.0],[403.0],[157.0],[100.0],[288.0],[189.0],[308.0],[312.0],[152.0],[250.0],[300.0],[2.0],[82.0],[275.0],[146.0],[111.0],[290.0]
106,[441.0],[300.0],[460.0],[183.0],[85.0],[75.0],[153.0],[442.0],[107.0],[359.0],[2.0],[23.0],[306.0],[463.0],[472.0],[2.0],[174.0],[422.0],[110.0],[135.0],[364.0],[417.0],[123.0],[321.0],[412.0]
107,[135.0],[269.0],[161.0],[4.0],[420.0],[325.0],[279.0],[358.0],[493.0],[148.0],[107.0],[189.0],[213.0],[443.0],[371.0],[432.0],[450.0],[384.0],[440.0],[145.0],[166.0],[7.0],[187.0],[157.0],[30.0]
108,[451.0],[223.0],[261.0],[149.0],[300.0],[198.0],[218.0],[246.0],[29.0],[45.0],[291.0],[499.0],[294.0],[316.0],[332.0],[344.0],[472.0],[487.0],[86.0],[398.0],[339.0],[4.0],[46.0],[13.0],[0.0]
109,[250.0],[205.0],[160.0],[244.0],[417.0],[139.0],[316.0],[212.0],[136.0],[117.0],[275.0],[39.0],[175.0],[379.0],[366.0],[384.0],[123.0],[160.0],[492.0],[238.0],[258.0],[175.0],[103.0],[207.0],[282.0]
110,[81.0],[258.0],[271.0],[397.0],[436.0],[450.0],[24.0],[417.0],[380.0],[472.0],[81.0],[118.0],[171.0],[294.0],[345.0],[125.0],[380.0],[404.0],[27.0],[80.0],[39.0],[26.0],[453.0],[315.0],[286.0]
111,[262.0],[478.0],[394.0],[36.0],[382.0],[183.0],[125.0],[182.0],[398.0],[56.0],[137.0],[192.0],[382.0],[380.0],[2.0],[469.0],[403.0],[224.0],[17.0],[254.0],[36.0],[353.0],[490.0],[333.0],[260.0]
112,[311.0],[36.0],[190.0],[393.0],[24.0],[127.0],[291.0],[400.0],[497.0],[375.0],[344.0],[78.0],[69.0],[398.0],[305.0],[412.0],[138.0],[337.0],[140.0],[29.0],[121.0],[143.0],[276.0],[312.0],[64.0]
113,[30.0],[108.0],[122.0],[3.0],[291.0],[380.0],[286.0],[220.0],[457.0],[324.0],[41.0],[117.0],[238.0],[352.0],[65.0],[80.0],[418.0],[315.0],[69.0],[468.0],[221.0],[282.0],[424.0],[374.0],[458.0]
114,[315.0],[170.0],[435.0],[5.0],[232.0],[64.0],[6.0],[77.0],[440.0],[304.0],[436.0],[443.0],[463.0],[101.0],[114.0],[107.0],[124.0],[238.0],[257.0],[170.0],[110.0],[472.0],[20.0],[228.0],[17.0]
115,[408.0],[344.0],[109.0],[199.0],[215.0],[89.0],[36.0],[243.0],[403.0],[300.0],[164.0],[56.0],[362.0],[327.0],[455.0],[413.0],[315.0],[172.0],[331.0],[344.0],[499.0],[141.0],[116.0],[84.0],[43.0]
116,[5.0],[243.0],[119.0],[187.0],[128.0],[188.0],[261.0],[110.0],[357.0],[135.0],[384.0],[464.0],[280.0],[438.0],[105.0],[325.0],[29.0],[346.0],[207.0],[158.0],[181.0],[247.0],[289.0],[58.0],[313.0]
117,[358.0],[408.0],[426.0],[74.0],[11.0],[100.0],[340.0],[346.0],[167.0],[51.0],[13.0],[313.0],[451.0],[39.0],[41.0],[34.0],[282.0],[232.0],[13.0],[223.0],[438.0],[23.0],[439.0],[97.0],[24.0]
118,[182.0],[436.0],[33.0],[473.0],[198.0],[313.0],[81.0],[343.0],[141.0],[232.0],[207.0],[243.0],[140.0],[192.0],[198.0],[382.0],[236.0],[376.0],[315.0],[457.0],[300.0],[13.0],[189.0],[142.0],[207.0]
119,[352.0],[232.0],[159.0],[448.0],[26.0],[399.0],[352.0],[67.0],[363.0],[499.0],[315.0],[16.0],[327.0],[387.0],[67.0],[73.0],[385.0],[485.0],[64.0],[300.0],[274.0],[207.0],[181.0],[337.0],[315.0]
120,[472.0],[271.0],[449.0],[462.0],[296.0],[331.0],[103.0],[490.0],[311.0],[108.0],[228.0],[59.0],[410.0],[129.0],[250.0],[473.0],[404.0],[26.0],[170.0],[95.0],[64.0],[246.0],[125.0],[394.0],[77.0]
121,[171.0],[234.0],[287.0],[251.0],[54.0],[207.0],[454.0],[276.0],[99.0],[335.0],[458.0],[486.0],[403.0],[437.0],[346.0],[355.0],[286.0],[150.0],[137.0],[361.0],[312.0],[315.0],[426.0],[290.0],[13.0]
122,[97.0],[46.0],[357.0],[338.0],[193.0],[13.0],[30.0],[424.0],[485.0],[5.0],[333.0],[487.0],[78.0],[140.0],[161.0],[78.0],[417.0],[440.0],[344.0],[217.0],[398.0],[228.0],[323.0],[11.0],[84.0]
123,[276.0],[84.0],[189.0],[138.0],[116.0],[77.0],[119.0],[420.0],[332.0],[112.0],[33.0],[209.0],[372.0],[119.0],[247.0],[430.0],[84.0],[268.0],[142.0],[420.0],[124.0],[84.0],[231.0],[89.0],[137.0]
124,[397.0],[162.0],[237.0],[384.0],[183.0],[137.0],[464.0],[111.0],[427.0],[100.0],[480.0],[472.0],[460.0],[334.0],[4.0],[64.0],[205.0],[219.0],[77.0],[326.0],[135.0],[333.0],[129.0],[455.0],[333.0]
125,[51.0],[412.0],[96.0],[403.0],[111.0],[170.0],[490.0],[474.0],[420.0],[49.0],[27.0],[160.0],[258.0],[181.0],[153.0],[320.0],[181.0],[332.0],[333.0],[286.0],[99.0],[290.0],[182.0],[471.0],[374.0]
126,[117.0],[310.0],[437.0],[31.0],[431.0],[353.0],[289.0],[221.0],[56.0],[455.0],[374.0],[320.0],[127.0],[250.0],[282.0],[138.0],[458.0],[468.0],[374.0],[291.0],[193.0],[384.0],[184.0],[242.0],[27.0]
127,[217.0],[399.0],[329.0],[57.0],[388.0],[142.0],[109.0],[289.0],[202.0],[409.0],[170.0],[485.0],[221.0],[143.0],[222.0],[56.0],[0.0],[169.0],[353.0],[168.0],[443.0],[0.0],[28.0],[135.0],[170.0]
128,[442.0],[237.0],[318.0],[202.0],[413.0],[333.0],[86.0],[103.0],[408.0],[53.0],[320.0],[75.0],[184.0],[8.0],[230.0],[438.0],[399.0],[345.0],[121.0],[119.0],[313.0],[323.0],[152.0],[171.0],[312.0]
129,[490.0],[485.0],[402.0],[390.0],[56.0],[273.0],[439.0],[99.0],[385.0],[471.0],[29.0],[201.0],[358.0],[184.0],[182.0],[216.0],[131.0],[324.0],[98.0],[23.0],[250.0],[201.0],[95.0],[148.0],[142.0]
130,[215.0],[357.0],[263.0],[182.0],[83.0],[374.0],[192.0],[476.0],[269.0],[177.0],[402.0],[109.0],[162.0],[28.0],[201.0],[343.0],[486.0],[98.0],[252.0],[404.0],[162.0],[222.0],[286.0],[79.0],[222.0]
131,[103.0],[365.0],[164.0],[238.0],[79.0],[27.0],[51.0],[20.0],[404.0],[238.0],[393.0],[382.0],[53.0],[469.0],[335.0],[12.0],[480.0],[471.0],[262.0],[383.0],[53.0],[121.0],[380.0],[336.0],[166.0]
132,[108.0],[98.0],[294.0],[190.0],[88.0],[312.0],[198.0],[209.0],[201.0],[458.0],[166.0],[343.0],[339.0],[332.0],[125.0],[494.0],[256.0],[483.0],[313.0],[176.0],[170.0],[142.0],[477.0],[338.0],[353.0]
133,[181.0],[159.0],[201.0],[469.0],[174.0],[140.0],[361.0],[198.0],[150.0],[408.0],[273.0],[438.0],[229.0],[38.0],[8.0],[436.0],[193.0],[31.0],[81.0],[464.0],[352.0],[288.0],[162.0],[408.0],[205.0]
134,[229.0],[435.0],[346.0],[47.0],[269.0],[135.0],[78.0],[183.0],[282.0],[463.0],[312.0],[38.0],[437.0],[87.0],[164.0],[135.0],[273.0],[322.0],[36.0],[472.0],[417.0],[372.0],[23.0],[305.0],[11.0]
135,[159.0],[287.0],[68.0],[137.0],[115.0],[98.0],[19.0],[116.0],[88.0],[183.0],[300.0],[40.0],[392.0],[300.0],[233.0],[30.0],[127.0],[226.0],[275.0],[352.0],[327.0],[258.0],[257.0],[83.0],[198.0]
136,[263.0],[141.0],[91.0],[29.0],[457.0],[58.0],[214.0],[94.0],[401.0],[57.0],[125.0],[200.0],[443.0],[201.0],[304.0],[398.0],[290.0],[195.0],[171.0],[343.0],[238.0],[29.0],[404.0],[60.0],[408.0]
137,[376.0],[185.0],[479.0],[280.0],[20.0],[352.0],[253.0],[485.0],[80.0],[121.0],[58.0],[325.0],[149.0],[262.0],[239.0],[353.0],[64.0],[411.0],[311.0],[282.0],[322.0],[250.0],[328.0],[88.0],[281.0]
138,[449.0],[335.0],[379.0],[418.0],[464.0],[275.0],[237.0],[139.0],[291.0],[24.0],[426.0],[53.0],[49.0],[33.0],[436.0],[417.0],[313.0],[242.0],[320.0],[236.0],[426.0],[87.0],[109.0],[121.0],[5.0]
139,[287.0],[261.0],[316.0],[52.0],[123.0],[99.0],[201.0],[138.0],[175.0],[126.0],[409.0],[430.0],[352.0],[142.0],[245.0],[116.0],[232.0],[303.0],[54.0],[266.0],[11.0],[245.0],[168.0],[355.0],[489.0]
140,[154.0],[437.0],[92.0],[143.0],[341.0],[222.0],[357.0],[418.0],[453.0],[229.0],[78.0],[89.0],[380.0],[59.0],[349.0],[403.0],[11.0],[405.0],[125.0],[128.0],[129.0],[117.0],[332.0],[204.0],[430.0]
141,[344.0],[275.0],[365.0],[395.0],[460.0],[81.0],[207.0],[100.0],[350.0],[7.0],[0.0],[83.0],[81.0],[252.0],[452.0],[84.0],[216.0],[456.0],[58.0],[107.0],[321.0],[473.0],[119.0],[280.0],[81.0]
142,[122.0],[32.0],[207.0],[331.0],[282.0],[262.0],[315.0],[330.0],[226.0],[361.0],[379.0],[299.0],[36.0],[449.0],[98.0],[306.0],[269.0],[159.0],[30.0],[65.0],[465.0],[325.0],[154.0],[49.0],[337.0]
143,[143.0],[322.0],[13.0],[380.0],[238.0],[442.0],[13.0],[244.0],[66.0],[362.0],[250.0],[99.0],[311.0],[159.0],[327.0],[327.0],[299.0],[393.0],[84.0],[99.0],[184.0],[430.0],[80.0],[459.0],[402.0]
144,[459.0],[230.0],[77.0],[140.0],[274.0],[243.0],[353.0],[112.0],[154.0],[184.0],[32.0],[355.0],[262.0],[287.0],[494.0],[341.0],[81.0],[263.0],[212.0],[105.0],[408.0],[291.0],[317.0],[205.0],[470.0]
145,[94.0],[182.0],[333.0],[88.0],[336.0],[320.0],[333.0],[322.0],[130.0],[80.0],[316.0],[238.0],[402.0],[435.0],[210.0],[215.0],[384.0],[202.0],[97.0],[397.0],[69.0],[300.0],[408.0],[141.0],[127.0]
146,[175.0],[22.0],[374.0],[23.0],[175.0],[481.0],[27.0],[300.0],[144.0],[78.0],[122.0],[463.0],[398.0],[237.0],[497.0],[10.0],[4.0],[170.0],[294.0],[60.0],[323.0],[392.0],[217.0],[311.0],[450.0]
147,[80.0],[318.0],[27.0],[275.0],[404.0],[322.0],[58.0],[419.0],[174.0],[286.0],[289.0],[138.0],[322.0],[229.0],[492.0],[435.0],[402.0],[237.0],[337.0],[335.0],[33.0],[379.0],[62.0],[442.0],[418.0]
148,[357.0],[80.0],[170.0],[229.0],[19.0],[473.0],[374.0],[268.0],[394.0],[66.0],[473.0],[54.0],[170.0],[318.0],[48.0],[167.0],[3.0],[164.0],[346.0],[32.0],[287.0],[257.0],[170.0],[212.0],[86.0]
149,[343.0],[248.0],[58.0],[0.0],[62.0],[17.0],[344.0],[109.0],[19.0],[16.0],[437.0],[323.0],[165.0],[153.0],[12.0],[148.0],[89.0],[201.0],[179.0],[16.0],[496.0],[78.0],[92.0],[472.0],[12.0]
150,[170.0],[3.0],[312.0],[281.0],[373.0],[201.0],[137.0],[140.0],[451.0],[384.0],[121.0],[202.0],[11.0],[279.0],[300.0],[254.0],[274.0],[143.0],[100.0],[441.0],[123.0],[279.0],[499.0],[229.0],[327.0]
151,[402.0],[341.0],[137.0],[167.0],[237.0],[199.0],[142.0],[84.0],[286.0],[267.0],[403.0],[193.0],[23.0],[232.0],[136.0],[300.0],[300.0],[437.0],[402.0],[405.0],[194.0],[322.0],[300.0],[53.0],[133.0]
152,[92.0],[481.0],[325.0],[46.0],[32.0],[311.0],[312.0],[392.0],[181.0],[296.0],[416.0],[262.0],[289.0],[65.0],[137.0],[274.0],[128.0],[408.0],[22.0],[123.0],[491.0],[6.0],[124.0],[451.0],[149.0]
153,[230.0],[128.0],[230.0],[136.0],[416.0],[430.0],[252.0],[273.0],[343.0],[396.0],[243.0],[190.0],[408.0],[164.0],[454.0],[322.0],[175.0],[122.0],[78.0],[193.0],[23.0],[99.0],[91.0],[198.0],[192.0]
154,[237.0],[209.0],[0.0],[209.0],[226.0],[103.0],[390.0],[440.0],[373.0],[193.0],[496.0],[291.0],[58.0],[171.0],[343.0],[389.0],[6.0],[287.0],[271.0],[231.0],[73.0],[46.0],[81.0],[215.0],[306.0]
155,[65.0],[83.0],[353.0],[464.0],[271.0],[97.0],[458.0],[129.0],[157.0],[438.0],[341.0],[250.0],[125.0],[24.0],[151.0],[329.0],[320.0],[22.0],[135.0],[114.0],[188.0],[163.0],[464.0],[294.0],[300.0]
156,[471.0],[60.0],[98.0],[107.0],[290.0],[171.0],[170.0],[396.0],[418.0],[130.0],[412.0],[152.0],[222.0],[222.0],[133.0],[136.0],[62.0],[459.0],[499.0],[438.0],[246.0],[269.0],[352.0],[103.0],[75.0]
157,[222.0],[24.0],[330.0],[161.0],[159.0],[402.0],[54.0],[450.0],[62.0],[418.0],[338.0],[398.0],[182.0],[464.0],[42.0],[95.0],[238.0],[190.0],[312.0],[115.0],[292.0],[193.0],[65.0],[174.0],[325.0]
158,[23.0],[93.0],[480.0],[174.0],[287.0],[229.0],[98.0],[380.0],[198.0],[394.0],[477.0],[224.0],[250.0],[54.0],[149.0],[450.0],[478.0],[140.0],[474.0],[451.0],[379.0],[438.0],[237.0],[464.0],[54.0]
159,[150.0],[191.0],[477.0],[374.0],[122.0],[125.0],[32.0],[205.0],[26.0],[451.0],[140.0],[24.0],[442.0],[394.0],[350.0],[380.0],[344.0],[100.0],[65.0],[250.0],[192.0],[202.0],[346.0],[297.0],[190.0]
160,[98.0],[490.0],[41.0],[164.0],[263.0],[418.0],[243.0],[88.0],[223.0],[294.0],[77.0],[429.0],[103.0],[266.0],[46.0],[404.0],[372.0],[449.0],[143.0],[482.0],[305.0],[127.0],[222.0],[412.0],[16.0]
161,[470.0],[289.0],[320.0],[273.0],[154.0],[394.0],[320.0],[408.0],[294.0],[413.0],[184.0],[1.0],[117.0],[471.0],[368.0],[399.0],[438.0],[142.0],[242.0],[354.0],[488.0],[64.0],[161.0],[392.0],[350.0]
162,[177.0],[285.0],[64.0],[420.0],[164.0],[108.0],[435.0],[108.0],[326.0],[11.0],[142.0],[261.0],[72.0],[128.0],[317.0],[440.0],[125.0],[7.0],[205.0],[485.0],[432.0],[313.0],[470.0],[108.0],[138.0]
163,[279.0],[431.0],[290.0],[431.0],[256.0],[462.0],[346.0],[127.0],[214.0],[250.0],[332.0],[321.0],[353.0],[459.0],[223.0],[361.0],[141.0],[141.0],[201.0],[185.0],[402.0],[373.0],[157.0],[469.0],[53.0]
164,[153.0],[388.0],[313.0],[86.0],[318.0],[187.0],[394.0],[309.0],[229.0],[435.0],[286.0],[412.0],[417.0],[311.0],[266.0],[58.0],[280.0],[96.0],[161.0],[11.0],[201.0],[399.0],[463.0],[486.0],[50.0]
165,[164.0],[86.0],[380.0],[181.0],[185.0],[235.0],[299.0],[360.0],[448.0],[468.0],[254.0],[465.0],[30.0],[58.0],[54.0],[89.0],[460.0],[282.0],[485.0],[294.0],[392.0],[274.0],[295.0],[247.0],[195.0]
166,[485.0],[20.0],[125.0],[56.0],[344.0],[54.0],[335.0],[403.0],[205.0],[450.0],[438.0],[435.0],[347.0],[108.0],[32.0],[420.0],[207.0],[153.0],[222.0],[153.0],[425.0],[65.0],[402.0],[474.0],[105.0]
167,[141.0],[181.0],[322.0],[362.0],[58.0],[143.0],[80.0],[382.0],[329.0],[350.0],[146.0],[394.0],[471.0],[473.0],[107.0],[3.0],[13.0],[279.0],[153.0],[279.0],[112.0],[36.0],[105.0],[299.0],[322.0]
168,[88.0],[192.0],[143.0],[21.0],[96.0],[335.0],[290.0],[195.0],[81.0],[138.0],[395.0],[135.0],[193.0],[0.0],[142.0],[486.0],[228.0],[88.0],[454.0],[473.0],[381.0],[81.0],[201.0],[0.0],[491.0]
169,[129.0],[276.0],[341.0],[361.0],[286.0],[435.0],[473.0],[410.0],[402.0],[127.0],[75.0],[404.0],[73.0],[223.0],[470.0],[112.0],[333.0],[72.0],[2.0],[36.0],[429.0],[171.0],[163.0],[468.0],[243.0]
170,[244.0],[51.0],[59.0],[402.0],[376.0],[179.0],[84.0],[149.0],[161.0],[380.0],[446.0],[473.0],[5.0],[244.0],[322.0],[9.0],[374.0],[65.0],[19.0],[375.0],[412.0],[311.0],[122.0],[353.0],[469.0]
171,[157.0],[214.0],[117.0],[69.0],[163.0],[87.0],[242.0],[181.0],[35.0],[313.0],[187.0],[279.0],[361.0],[322.0],[77.0],[280.0],[58.0],[80.0],[124.0],[496.0],[78.0],[464.0],[266.0],[202.0],[201.0]
172,[19.0],[99.0],[363.0],[198.0],[440.0],[425.0],[161.0],[439.0],[170.0],[202.0],[325.0],[218.0],[80.0],[114.0],[84.0],[299.0],[27.0],[492.0],[232.0],[203.0],[196.0],[346.0],[455.0],[222.0],[305.0]
173,[190.0],[228.0],[282.0],[257.0],[93.0],[282.0],[77.0],[82.0],[464.0],[399.0],[464.0],[65.0],[291.0],[102.0],[168.0],[192.0],[312.0],[125.0],[282.0],[412.0],[38.0],[442.0],[435.0],[150.0],[4.0]
174,[232.0],[499.0],[485.0],[116.0],[242.0],[291.0],[277.0],[486.0],[68.0],[30.0],[16.0],[184.0],[143.0],[22.0],[357.0],[350.0],[392.0],[478.0],[435.0],[465.0],[118.0],[212.0],[128.0],[165.0],[349.0]
175,[36.0],[129.0],[476.0],[291.0],[202.0],[269.0],[26.0],[321.0],[261.0],[415.0],[430.0],[36.0],[142.0],[402.0],[275.0],[109.0],[137.0],[312.0],[473.0],[494.0],[40.0],[97.0],[254.0],[26.0],[213.0]
176,[439.0],[123.0],[45.0],[344.0],[383.0],[472.0],[71.0],[465.0],[216.0],[195.0],[200.0],[26.0],[166.0],[23.0],[399.0],[152.0],[78.0],[222.0],[279.0],[338.0],[325.0],[402.0],[384.0],[31.0],[486.0]
177,[32.0],[179.0],[324.0],[479.0],[129.0],[286.0],[179.0],[470.0],[484.0],[139.0],[443.0],[159.0],[28.0],[412.0],[11.0],[257.0],[321.0],[365.0],[291.0],[136.0],[185.0],[435.0],[394.0],[77.0],[66.0]
178,[58.0],[121.0],[299.0],[242.0],[184.0],[11.0],[205.0],[185.0],[1.0],[82.0],[165.0],[287.0],[122.0],[81.0],[23.0],[351.0],[465.0],[344.0],[6.0],[423.0],[486.0],[394.0],[275.0],[161.0],[330.0]
179,[337.0],[67.0],[174.0],[459.0],[86.0],[159.0],[405.0],[176.0],[454.0],[486.0],[194.0],[122.0],[261.0],[271.0],[310.0],[466.0],[157.0],[452.0],[62.0],[310.0],[237.0],[135.0],[72.0],[51.0],[320.0]
180,[275.0],[440.0],[219.0],[271.0],[361.0],[287.0],[417.0],[53.0],[341.0],[27.0],[17.0],[441.0],[499.0],[125.0],[297.0],[198.0],[87.0],[402.0],[166.0],[364.0],[122.0],[358.0],[243.0],[300.0],[280.0]
181,[290.0],[7.0],[195.0],[493.0],[485.0],[279.0],[7.0],[423.0],[83.0],[137.0],[441.0],[153.0],[459.0],[105.0],[320.0],[342.0],[33.0],[266.0],[361.0],[267.0],[437.0],[451.0],[159.0],[230.0],[58.0]
182,[83.0],[263.0],[305.0],[121.0],[463.0],[237.0],[441.0],[157.0],[299.0],[337.0],[3.0],[19.0],[435.0],[26.0],[29.0],[268.0],[426.0],[473.0],[244.0],[297.0],[28.0],[103.0],[449.0],[335.0],[1.0]
183,[420.0],[154.0],[345.0],[65.0],[250.0],[69.0],[325.0],[288.0],[455.0],[333.0],[91.0],[263.0],[108.0],[460.0],[473.0],[77.0],[184.0],[32.0],[29.0],[309.0],[262.0],[108.0],[279.0],[57.0],[176.0]
184,[218.0],[361.0],[127.0],[114.0],[142.0],[26.0],[322.0],[364.0],[400.0],[198.0],[432.0],[318.0],[26.0],[32.0],[290.0],[282.0],[142.0],[454.0],[131.0],[360.0],[464.0],[294.0],[318.0],[164.0],[7.0]
185,[194.0],[21.0],[309.0],[340.0],[312.0],[230.0],[224.0],[372.0],[344.0],[140.0],[318.0],[154.0],[195.0],[121.0],[18.0],[279.0],[353.0],[317.0],[322.0],[410.0],[54.0],[229.0],[99.0],[267.0],[229.0]
186,[499.0],[96.0],[71.0],[105.0],[356.0],[164.0],[269.0],[359.0],[3.0],[153.0],[353.0],[164.0],[177.0],[91.0],[215.0],[108.0],[166.0],[128.0],[225.0],[327.0],[3.0],[237.0],[153.0],[448.0],[150.0]
187,[341.0],[449.0],[328.0],[94.0],[459.0],[62.0],[193.0],[142.0],[307.0],[279.0],[455.0],[232.0],[277.0],[346.0],[461.0],[291.0],[91.0],[91.0],[394.0],[124.0],[275.0],[125.0],[232.0],[224.0],[428.0]
188,[69.0],[346.0],[450.0],[153.0],[37.0],[141.0],[438.0],[152.0],[7.0],[269.0],[404.0],[256.0],[215.0],[261.0],[172.0],[496.0],[449.0],[330.0],[451.0],[403.0],[449.0],[363.0],[330.0],[275.0],[41.0]
189,[363.0],[19.0],[308.0],[135.0],[398.0],[363.0],[99.0],[274.0],[139.0],[159.0],[85.0],[11.0],[15.0],[310.0],[232.0],[35.0],[332.0],[366.0],[442.0],[220.0],[229.0],[19.0],[291.0],[85.0],[242.0]
190,[454.0],[474.0],[139.0],[215.0],[313.0],[122.0],[0.0],[454.0],[148.0],[287.0],[221.0],[80.0],[161.0],[499.0],[483.0],[153.0],[170.0],[23.0],[358.0],[469.0],[22.0],[337.0],[26.0],[279.0],[33.0]
191,[322.0],[441.0],[375.0],[466.0],[112.0],[449.0],[388.0],[327.0],[280.0],[237.0],[355.0],[451.0],[41.0],[88.0],[376.0],[161.0],[437.0],[59.0],[229.0],[288.0],[165.0],[165.0],[205.0],[402.0],[426.0]
192,[404.0],[326.0],[169.0],[452.0],[390.0],[67.0],[202.0],[50.0],[290.0],[263.0],[1.0],[376.0],[431.0],[103.0],[414.0],[237.0],[250.0],[496.0],[16.0],[149.0],[397.0],[310.0],[36.0],[435.0],[323.0]
193,[127.0],[424.0],[183.0],[272.0],[473.0],[91.0],[16.0],[492.0],[53.0],[449.0],[199.0],[166.0],[47.0],[139.0],[485.0],[26.0],[363.0],[99.0],[165.0],[148.0],[252.0],[482.0],[409.0],[159.0],[165.0]
194,[450.0],[330.0],[266.0],[175.0],[136.0],[150.0],[165.0],[7.0],[6.0],[357.0],[322.0],[32.0],[470.0],[76.0],[242.0],[357.0],[243.0],[136.0],[5.0],[488.0],[89.0],[470.0],[32.0],[287.0],[62.0]
195,[380.0],[184.0],[408.0],[148.0],[146.0],[6.0],[231.0],[223.0],[117.0],[154.0],[54.0],[294.0],[86.0],[288.0],[263.0],[261.0],[317.0],[154.0],[215.0],[204.0],[266.0],[190.0],[177.0],[376.0],[91.0]
196,[271.0],[142.0],[468.0],[170.0],[326.0],[437.0],[41.0],[238.0],[126.0],[261.0],[35.0],[417.0],[56.0],[29.0],[150.0],[461.0],[455.0],[432.0],[159.0],[296.0],[320.0],[24.0],[461.0],[237.0],[343.0]
197,[486.0],[470.0],[422.0],[19.0],[456.0],[417.0],[470.0],[22.0],[11.0],[19.0],[290.0],[157.0],[181.0],[372.0],[159.0],[159.0],[323.0],[320.0],[287.0],[372.0],[279.0],[357.0],[418.0],[201.0],[388.0]
198,[313.0],[238.0],[63.0],[54.0],[357.0],[22.0],[274.0],[324.0],[60.0],[483.0],[139.0],[449.0],[247.0],[148.0],[237.0],[232.0],[496.0],[174.0],[237.0],[487.0],[222.0],[11.0],[230.0],[65.0],[236.0]
199,[353.0],[156.0],[317.0],[329.0],[247.0],[483.0],[232.0],[307.0],[38.0],[441.0],[128.0],[311.0],[150.0],[441.0],[393.0],[287.0],[325.0],[269.0],[230.0],[382.0],[72.0],[54.0],[242.0],[478.0],[474.0]
200,[183.0],[320.0],[279.0],[72.0],[362.0],[256.0],[64.0],[174.0],[315.0],[122.0],[10.0],[187.0],[91.0],[161.0],[449.0],[122.0],[140.0],[291.0],[472.0],[492.0],[65.0],[242.0],[484.0],[318.0],[177.0]
201,[0.0],[100.0],[65.0],[389.0],[60.0],[250.0],[313.0],[124.0],[176.0],[318.0],[420.0],[280.0],[110.0],[256.0],[122.0],[453.0],[379.0],[218.0],[263.0],[415.0],[153.0],[177.0],[33.0],[393.0],[379.0]
202,[483.0],[458.0],[26.0],[214.0],[385.0],[318.0],[382.0],[280.0],[477.0],[376.0],[36.0],[282.0],[472.0],[242.0],[58.0],[449.0],[346.0],[286.0],[330.0],[82.0],[19.0],[216.0],[437.0],[357.0],[376.0]
203,[422.0],[315.0],[372.0],[108.0],[257.0],[153.0],[112.0],[350.0],[243.0],[242.0],[408.0],[459.0],[79.0],[96.0],[437.0],[105.0],[168.0],[336.0],[164.0],[413.0],[114.0],[85.0],[341.0],[449.0],[275.0]
204,[133.0],[69.0],[371.0],[235.0],[207.0],[65.0],[380.0],[306.0],[327.0],[125.0],[451.0],[91.0],[468.0],[182.0],[287.0],[230.0],[361.0],[379.0],[343.0],[48.0],[232.0],[261.0],[150.0],[122.0],[362.0]
205,[350.0],[362.0],[153.0],[368.0],[13.0],[232.0],[257.0],[229.0],[105.0],[58.0],[459.0],[337.0],[448.0],[493.0],[318.0],[59.0],[98.0],[207.0],[122.0],[460.0],[105.0],[159.0],[83.0],[3.0],[141.0]
206,[305.0],[26.0],[128.0],[142.0],[228.0],[80.0],[483.0],[441.0],[233.0],[464.0],[263.0],[347.0],[336.0],[357.0],[453.0],[376.0],[264.0],[13.0],[318.0],[46.0],[177.0],[232.0],[60.0],[182.0],[109.0]
207,[16.0],[116.0],[88.0],[58.0],[333.0],[357.0],[124.0],[269.0],[239.0],[114.0],[281.0],[81.0],[44.0],[274.0],[7.0],[459.0],[386.0],[78.0],[376.0],[163.0],[344.0],[122.0],[249.0],[166.0],[252.0]
208,[329.0],[363.0],[154.0],[252.0],[374.0],[330.0],[230.0],[11.0],[452.0],[32.0],[330.0],[454.0],[400.0],[454.0],[96.0],[83.0],[462.0],[228.0],[335.0],[155.0],[212.0],[376.0],[397.0],[322.0],[189.0]
209,[346.0],[114.0],[433.0],[207.0],[170.0],[460.0],[164.0],[291.0],[57.0],[141.0],[216.0],[171.0],[389.0],[185.0],[82.0],[164.0],[96.0],[333.0],[108.0],[213.0],[171.0],[185.0],[194.0],[499.0],[181.0]
210,[138.0],[409.0],[107.0],[13.0],[353.0],[23.0],[2.0],[385.0],[265.0],[485.0],[484.0],[442.0],[307.0],[203.0],[173.0],[149.0],[390.0],[137.0],[441.0],[177.0],[435.0],[449.0],[329.0],[7.0],[338.0]
211,[152.0],[384.0],[483.0],[64.0],[78.0],[464.0],[373.0],[286.0],[12.0],[346.0],[185.0],[212.0],[479.0],[79.0],[52.0],[372.0],[121.0],[374.0],[277.0],[347.0],[394.0],[341.0],[192.0],[153.0],[361.0]
212,[95.0],[216.0],[84.0],[312.0],[33.0],[337.0],[219.0],[453.0],[349.0],[216.0],[52.0],[97.0],[99.0],[66.0],[459.0],[283.0],[234.0],[0.0],[269.0],[408.0],[451.0],[161.0],[121.0],[470.0],[153.0]
213,[399.0],[484.0],[448.0],[458.0],[426.0],[459.0],[308.0],[472.0],[491.0],[234.0],[231.0],[229.0],[139.0],[400.0],[229.0],[33.0],[100.0],[58.0],[449.0],[215.0],[294.0],[153.0],[131.0],[24.0],[232.0]
214,[27.0],[438.0],[464.0],[320.0],[91.0],[455.0],[305.0],[463.0],[359.0],[291.0],[135.0],[30.0],[42.0],[430.0],[394.0],[426.0],[165.0],[64.0],[11.0],[262.0],[58.0],[93.0],[320.0],[232.0],[39.0]
215,[427.0],[394.0],[32.0],[353.0],[22.0],[167.0],[371.0],[404.0],[419.0],[330.0],[64.0],[108.0],[493.0],[285.0],[365.0],[437.0],[172.0],[458.0],[33.0],[392.0],[26.0],[454.0],[450.0],[454.0],[466.0]
216,[289.0],[417.0],[454.0],[201.0],[121.0],[24.0],[375.0],[363.0],[173.0],[175.0],[380.0],[269.0],[251.0],[209.0],[435.0],[91.0],[190.0],[27.0],[426.0],[329.0],[218.0],[318.0],[142.0],[19.0],[318.0]
217,[50.0],[176.0],[368.0],[84.0],[322.0],[261.0],[355.0],[409.0],[127.0],[96.0],[72.0],[74.0],[88.0],[363.0],[279.0],[101.0],[224.0],[77.0],[184.0],[396.0],[311.0],[437.0],[350.0],[243.0],[131.0]
218,[464.0],[166.0],[151.0],[290.0],[325.0],[376.0],[345.0],[448.0],[480.0],[26.0],[105.0],[286.0],[464.0],[147.0],[314.0],[362.0],[314.0],[273.0],[91.0],[359.0],[446.0],[133.0],[138.0],[184.0],[186.0]
219,[165.0],[473.0],[8.0],[166.0],[346.0],[33.0],[309.0],[466.0],[63.0],[454.0],[313.0],[482.0],[65.0],[375.0],[377.0],[478.0],[485.0],[325.0],[39.0],[440.0],[128.0],[314.0],[166.0],[419.0],[482.0]
220,[487.0],[9.0],[44.0],[313.0],[490.0],[426.0],[360.0],[95.0],[158.0],[484.0],[94.0],[338.0],[114.0],[41.0],[50.0],[323.0],[150.0],[313.0],[316.0],[184.0],[318.0],[487.0],[420.0],[80.0],[230.0]
221,[455.0],[193.0],[323.0],[98.0],[439.0],[323.0],[410.0],[399.0],[119.0],[123.0],[282.0],[110.0],[153.0],[165.0],[178.0],[163.0],[77.0],[375.0],[385.0],[125.0],[97.0],[89.0],[478.0],[456.0],[467.0]
222,[330.0],[85.0],[210.0],[322.0],[289.0],[39.0],[324.0],[165.0],[450.0],[416.0],[82.0],[6.0],[232.0],[277.0],[187.0],[250.0],[41.0],[480.0],[80.0],[81.0],[230.0],[184.0],[399.0],[98.0],[459.0]
223,[24.0],[242.0],[168.0],[332.0],[387.0],[165.0],[300.0],[431.0],[59.0],[341.0],[136.0],[92.0],[105.0],[190.0],[224.0],[62.0],[483.0],[380.0],[323.0],[212.0],[335.0],[80.0],[373.0],[32.0],[237.0]
224,[291.0],[91.0],[223.0],[24.0],[424.0],[118.0],[350.0],[51.0],[138.0],[36.0],[385.0],[230.0],[365.0],[353.0],[218.0],[123.0],[194.0],[341.0],[286.0],[442.0],[306.0],[16.0],[292.0],[291.0],[159.0]
225,[137.0],[483.0],[411.0],[243.0],[276.0],[56.0],[141.0],[226.0],[310.0],[363.0],[418.0],[275.0],[54.0],[335.0],[471.0],[243.0],[83.0],[314.0],[123.0],[358.0],[353.0],[230.0],[127.0],[397.0],[287.0]
226,[54.0],[23.0],[39.0],[492.0],[192.0],[105.0],[326.0],[160.0],[48.0],[0.0],[331.0],[123.0],[388.0],[263.0],[130.0],[174.0],[468.0],[121.0],[26.0],[30.0],[32.0],[166.0],[392.0],[216.0],[279.0]
227,[473.0],[190.0],[232.0],[317.0],[7.0],[166.0],[307.0],[117.0],[356.0],[426.0],[202.0],[173.0],[19.0],[19.0],[141.0],[166.0],[366.0],[183.0],[193.0],[103.0],[282.0],[459.0],[480.0],[263.0],[449.0]
228,[96.0],[231.0],[69.0],[119.0],[478.0],[271.0],[476.0],[282.0],[183.0],[33.0],[294.0],[21.0],[357.0],[280.0],[190.0],[484.0],[30.0],[123.0],[357.0],[171.0],[131.0],[91.0],[486.0],[154.0],[122.0]
229,[268.0],[379.0],[382.0],[266.0],[125.0],[38.0],[450.0],[123.0],[112.0],[91.0],[454.0],[341.0],[454.0],[393.0],[451.0],[28.0],[289.0],[455.0],[437.0],[97.0],[182.0],[41.0],[216.0],[341.0],[441.0]
230,[179.0],[57.0],[218.0],[254.0],[379.0],[361.0],[138.0],[357.0],[428.0],[150.0],[257.0],[271.0],[20.0],[330.0],[252.0],[318.0],[490.0],[418.0],[363.0],[337.0],[103.0],[3.0],[379.0],[33.0],[256.0]
231,[20.0],[173.0],[350.0],[455.0],[51.0],[409.0],[425.0],[412.0],[45.0],[164.0],[7.0],[466.0],[465.0],[468.0],[128.0],[182.0],[276.0],[401.0],[101.0],[402.0],[24.0],[365.0],[207.0],[426.0],[462.0]
232,[261.0],[189.0],[138.0],[93.0],[323.0],[424.0],[50.0],[236.0],[152.0],[152.0],[84.0],[330.0],[157.0],[3.0],[433.0],[316.0],[221.0],[44.0],[427.0],[311.0],[164.0],[139.0],[315.0],[91.0],[464.0]
233,[316.0],[56.0],[455.0],[333.0],[189.0],[247.0],[100.0],[135.0],[336.0],[433.0],[6.0],[62.0],[337.0],[36.0],[468.0],[127.0],[189.0],[216.0],[238.0],[108.0],[143.0],[194.0],[13.0],[22.0],[357.0]
234,[195.0],[415.0],[488.0],[78.0],[181.0],[236.0],[95.0],[89.0],[182.0],[88.0],[186.0],[125.0],[185.0],[350.0],[269.0],[98.0],[99.0],[349.0],[189.0],[98.0],[96.0],[33.0],[228.0],[128.0],[118.0]
235,[373.0],[463.0],[254.0],[225.0],[39.0],[94.0],[152.0],[24.0],[238.0],[185.0],[386.0],[260.0],[305.0],[157.0],[462.0],[16.0],[192.0],[215.0],[256.0],[183.0],[108.0],[426.0],[77.0],[429.0],[316.0]
236,[307.0],[163.0],[397.0],[300.0],[118.0],[182.0],[127.0],[428.0],[192.0],[422.0],[24.0],[216.0],[279.0],[50.0],[243.0],[462.0],[370.0],[163.0],[453.0],[322.0],[361.0],[150.0],[27.0],[261.0],[80.0]
237,[241.0],[307.0],[158.0],[294.0],[84.0],[416.0],[392.0],[173.0],[437.0],[303.0],[86.0],[478.0],[201.0],[422.0],[207.0],[195.0],[56.0],[430.0],[53.0],[91.0],[316.0],[375.0],[312.0],[282.0],[263.0]
238,[361.0],[79.0],[251.0],[222.0],[321.0],[379.0],[399.0],[478.0],[185.0],[55.0],[181.0],[182.0],[180.0],[174.0],[228.0],[50.0],[7.0],[497.0],[41.0],[7.0],[365.0],[92.0],[374.0],[62.0],[3.0]
239,[9.0],[336.0],[76.0],[337.0],[412.0],[3.0],[89.0],[239.0],[84.0],[9.0],[69.0],[17.0],[466.0],[195.0],[13.0],[394.0],[119.0],[68.0],[341.0],[5.0],[261.0],[123.0],[78.0],[59.0],[295.0]
240,[484.0],[88.0],[99.0],[316.0],[0.0],[356.0],[332.0],[184.0],[231.0],[170.0],[20.0],[141.0],[98.0],[83.0],[333.0],[183.0],[499.0],[433.0],[3.0],[165.0],[307.0],[397.0],[333.0],[331.0],[269.0]
241,[379.0],[457.0],[360.0],[306.0],[157.0],[487.0],[317.0],[107.0],[31.0],[244.0],[490.0],[363.0],[32.0],[93.0],[3.0],[168.0],[129.0],[127.0],[117.0],[6.0],[245.0],[289.0],[353.0],[177.0],[455.0]
242,[216.0],[380.0],[410.0],[60.0],[465.0],[83.0],[266.0],[216.0],[317.0],[429.0],[439.0],[274.0],[457.0],[167.0],[184.0],[460.0],[291.0],[139.0],[150.0],[57.0],[303.0],[398.0],[0.0],[383.0],[261.0]
243,[295.0],[202.0],[403.0],[321.0],[470.0],[60.0],[455.0],[175.0],[254.0],[93.0],[99.0],[15.0],[318.0],[491.0],[286.0],[330.0],[70.0],[71.0],[243.0],[89.0],[389.0],[148.0],[322.0],[50.0],[216.0]
244,[266.0],[305.0],[149.0],[423.0],[38.0],[346.0],[486.0],[215.0],[355.0],[107.0],[109.0],[175.0],[393.0],[46.0],[179.0],[409.0],[20.0],[6.0],[216.0],[41.0],[329.0],[324.0],[202.0],[252.0],[164.0]
245,[396.0],[383.0],[145.0],[465.0],[182.0],[177.0],[234.0],[86.0],[321.0],[186.0],[440.0],[25.0],[6.0],[492.0],[91.0],[454.0],[111.0],[450.0],[404.0],[160.0],[492.0],[468.0],[137.0],[330.0],[257.0]
246,[320.0],[31.0],[165.0],[412.0],[188.0],[131.0],[139.0],[257.0],[423.0],[165.0],[362.0],[186.0],[67.0],[308.0],[80.0],[294.0],[316.0],[403.0],[118.0],[346.0],[126.0],[393.0],[236.0],[323.0],[264.0]
247,[332.0],[272.0],[300.0],[396.0],[72.0],[202.0],[323.0],[361.0],[465.0],[312.0],[256.0],[87.0],[3.0],[92.0],[188.0],[75.0],[161.0],[138.0],[417.0],[334.0],[442.0],[62.0],[454.0],[189.0],[38.0]
248,[64.0],[175.0],[35.0],[433.0],[437.0],[163.0],[457.0],[332.0],[412.0],[54.0],[66.0],[214.0],[159.0],[183.0],[22.0],[200.0],[109.0],[151.0],[250.0],[85.0],[202.0],[331.0],[498.0],[6.0],[92.0]
249,[109.0],[266.0],[361.0],[282.0],[161.0],[173.0],[79.0],[256.0],[496.0],[308.0],[276.0],[215.0],[287.0],[442.0],[341.0],[66.0],[459.0],[267.0],[438.0],[394.0],[358.0],[483.0],[473.0],[496.0],[26.0]
250,[89.0],[455.0],[400.0],[499.0],[165.0],[484.0],[88.0],[33.0],[320.0],[128.0],[51.0],[165.0],[237.0],[358.0],[384.0],[221.0],[470.0],[415.0],[280.0],[19.0],[141.0],[94.0],[325.0],[415.0],[478.0]
251,[207.0],[127.0],[239.0],[366.0],[409.0],[162.0],[180.0],[426.0],[189.0],[77.0],[21.0],[484.0],[164.0],[216.0],[420.0],[6.0],[24.0],[465.0],[463.0],[202.0],[256.0],[110.0],[139.0],[325.0],[19.0]
252,[13.0],[450.0],[492.0],[186.0],[194.0],[283.0],[468.0],[250.0],[121.0],[243.0],[123.0],[295.0],[449.0],[343.0],[238.0],[379.0],[160.0],[321.0],[202.0],[324.0],[215.0],[316.0],[98.0],[463.0],[291.0]
253,[317.0],[390.0],[491.0],[474.0],[46.0],[193.0],[336.0],[166.0],[16.0],[95.0],[101.0],[362.0],[332.0],[141.0],[44.0],[85.0],[185.0],[157.0],[182.0],[94.0],[4.0],[197.0],[7.0],[236.0],[437.0]
254,[323.0],[139.0],[307.0],[20.0],[148.0],[146.0],[497.0],[323.0],[4.0],[459.0],[363.0],[350.0],[230.0],[329.0],[6.0],[187.0],[218.0],[412.0],[107.0],[195.0],[81.0],[431.0],[165.0],[379.0],[277.0]
255,[174.0],[107.0],[181.0],[276.0],[99.0],[264.0],[114.0],[85.0],[123.0],[326.0],[154.0],[174.0],[335.0],[150.0],[53.0],[470.0],[85.0],[63.0],[261.0],[269.0],[14.0],[388.0],[303.0],[136.0],[185.0]
256,[84.0],[459.0],[355.0],[490.0],[30.0],[385.0],[107.0],[91.0],[54.0],[383.0],[308.0],[277.0],[383.0],[94.0],[87.0],[218.0],[446.0],[272.0],[141.0],[122.0],[482.0],[86.0],[252.0],[457.0],[363.0]
257,[119.0],[350.0],[243.0],[289.0],[231.0],[485.0],[426.0],[308.0],[338.0],[98.0],[328.0],[105.0],[497.0],[215.0],[68.0],[5.0],[283.0],[79.0],[483.0],[435.0],[98.0],[181.0],[299.0],[194.0],[112.0]
258,[392.0],[375.0],[499.0],[440.0],[397.0],[349.0],[33.0],[265.0],[72.0],[179.0],[258.0],[162.0],[412.0],[86.0],[291.0],[256.0],[387.0],[457.0],[214.0],[110.0],[41.0],[192.0],[336.0],[359.0],[158.0]
259,[426.0],[468.0],[234.0],[439.0],[187.0],[226.0],[91.0],[294.0],[487.0],[69.0],[361.0],[163.0],[427.0],[388.0],[426.0],[392.0],[176.0],[60.0],[416.0],[232.0],[346.0],[56.0],[69.0],[286.0],[299.0]
260,[78.0],[138.0],[336.0],[314.0],[95.0],[408.0],[31.0],[317.0],[184.0],[6.0],[189.0],[7.0],[441.0],[362.0],[33.0],[258.0],[263.0],[114.0],[459.0],[172.0],[376.0],[362.0],[151.0],[443.0],[454.0]
261,[77.0],[308.0],[383.0],[192.0],[399.0],[277.0],[166.0],[427.0],[300.0],[275.0],[28.0],[3.0],[141.0],[56.0],[226.0],[419.0],[54.0],[180.0],[85.0],[150.0],[470.0],[490.0],[164.0],[400.0],[373.0]
262,[33.0],[68.0],[163.0],[424.0],[392.0],[12.0],[247.0],[56.0],[91.0],[496.0],[433.0],[194.0],[179.0],[417.0],[323.0],[79.0],[226.0],[230.0],[332.0],[159.0],[454.0],[439.0],[50.0],[82.0],[427.0]
263,[280.0],[332.0],[486.0],[51.0],[152.0],[57.0],[437.0],[397.0],[8.0],[86.0],[356.0],[156.0],[151.0],[80.0],[166.0],[457.0],[439.0],[42.0],[88.0],[376.0],[459.0],[20.0],[183.0],[4.0],[404.0]
264,[430.0],[496.0],[19.0],[488.0],[177.0],[185.0],[42.0],[433.0],[190.0],[446.0],[116.0],[139.0],[496.0],[67.0],[89.0],[88.0],[278.0],[400.0],[386.0],[287.0],[264.0],[276.0],[107.0],[185.0],[161.0]
265,[298.0],[317.0],[416.0],[68.0],[455.0],[19.0],[404.0],[484.0],[426.0],[256.0],[498.0],[155.0],[45.0],[448.0],[123.0],[157.0],[202.0],[87.0],[339.0],[393.0],[485.0],[440.0],[460.0],[485.0],[400.0]
266,[93.0],[254.0],[247.0],[194.0],[330.0],[85.0],[59.0],[496.0],[228.0],[379.0],[394.0],[120.0],[275.0],[154.0],[383.0],[60.0],[433.0],[152.0],[28.0],[449.0],[277.0],[182.0],[496.0],[460.0],[485.0]
267,[125.0],[323.0],[3.0],[168.0],[351.0],[128.0],[292.0],[41.0],[22.0],[1.0],[175.0],[33.0],[308.0],[197.0],[330.0],[336.0],[225.0],[158.0],[379.0],[483.0],[247.0],[441.0],[430.0],[487.0],[157.0]
268,[166.0],[356.0],[291.0],[470.0],[89.0],[314.0],[128.0],[141.0],[33.0],[84.0],[453.0],[426.0],[485.0],[6.0],[289.0],[146.0],[257.0],[243.0],[433.0],[237.0],[278.0],[424.0],[307.0],[390.0],[175.0]
269,[17.0],[334.0],[288.0],[233.0],[375.0],[176.0],[251.0],[9.0],[166.0],[166.0],[377.0],[231.0],[359.0],[175.0],[446.0],[69.0],[498.0],[33.0],[464.0],[437.0],[43.0],[330.0],[415.0],[66.0],[63.0]
270,[91.0],[95.0],[152.0],[239.0],[492.0],[161.0],[433.0],[234.0],[379.0],[316.0],[499.0],[177.0],[423.0],[230.0],[385.0],[264.0],[31.0],[426.0],[174.0],[3.0],[94.0],[129.0],[277.0],[433.0],[496.0]
271,[429.0],[486.0],[95.0],[151.0],[277.0],[486.0],[465.0],[261.0],[446.0],[142.0],[118.0],[69.0],[376.0],[247.0],[231.0],[331.0],[430.0],[350.0],[400.0],[357.0],[15.0],[105.0],[64.0],[68.0],[359.0]
272,[99.0],[397.0],[321.0],[191.0],[98.0],[186.0],[363.0],[386.0],[64.0],[264.0],[424.0],[307.0],[310.0],[307.0],[379.0],[263.0],[69.0],[184.0],[375.0],[456.0],[159.0],[96.0],[290.0],[488.0],[89.0]
273,[433.0],[250.0],[412.0],[87.0],[405.0],[482.0],[117.0],[331.0],[207.0],[277.0],[217.0],[379.0],[60.0],[72.0],[400.0],[277.0],[117.0],[323.0],[146.0],[318.0],[357.0],[499.0],[3.0],[317.0],[271.0]
274,[254.0],[316.0],[465.0],[258.0],[195.0],[299.0],[485.0],[3.0],[13.0],[392.0],[180.0],[427.0],[216.0],[427.0],[430.0],[114.0],[188.0],[66.0],[484.0],[224.0],[93.0],[271.0],[431.0],[44.0],[247.0]
275,[256.0],[329.0],[399.0],[265.0],[243.0],[404.0],[76.0],[189.0],[374.0],[320.0],[79.0],[76.0],[473.0],[331.0],[185.0],[1.0],[66.0],[416.0],[38.0],[263.0],[186.0],[244.0],[51.0],[347.0],[21.0]
276,[22.0],[448.0],[157.0],[99.0],[168.0],[35.0],[185.0],[446.0],[77.0],[52.0],[457.0],[356.0],[174.0],[485.0],[69.0],[165.0],[9.0],[271.0],[455.0],[154.0],[52.0],[198.0],[224.0],[210.0],[209.0]
277,[282.0],[355.0],[194.0],[48.0],[150.0],[263.0],[423.0],[491.0],[333.0],[133.0],[383.0],[456.0],[283.0],[95.0],[116.0],[252.0],[88.0],[446.0],[31.0],[356.0],[363.0],[131.0],[416.0],[168.0],[32.0]
278,[123.0],[392.0],[497.0],[33.0],[496.0],[92.0],[63.0],[285.0],[458.0],[83.0],[44.0],[316.0],[317.0],[152.0],[281.0],[92.0],[51.0],[283.0],[430.0],[314.0],[405.0],[446.0],[247.0],[266.0],[399.0]
279,[189.0],[433.0],[29.0],[323.0],[408.0],[121.0],[303.0],[362.0],[313.0],[226.0],[68.0],[217.0],[320.0],[361.0],[489.0],[234.0],[375.0],[493.0],[168.0],[141.0],[66.0],[427.0],[96.0],[254.0],[93.0]
280,[437.0],[389.0],[124.0],[426.0],[40.0],[298.0],[412.0],[283.0],[250.0],[347.0],[450.0],[329.0],[271.0],[291.0],[326.0],[162.0],[247.0],[166.0],[456.0],[69.0],[216.0],[425.0],[24.0],[332.0],[314.0]
281,[21.0],[419.0],[24.0],[184.0],[186.0],[174.0],[383.0],[443.0],[78.0],[39.0],[59.0],[391.0],[22.0],[282.0],[132.0],[82.0],[39.0],[316.0],[401.0],[422.0],[239.0],[107.0],[39.0],[114.0],[28.0]
282,[243.0],[137.0],[405.0],[379.0],[36.0],[281.0],[68.0],[5.0],[27.0],[437.0],[8.0],[346.0],[433.0],[472.0],[156.0],[305.0],[16.0],[462.0],[50.0],[8.0],[30.0],[39.0],[41.0],[375.0],[85.0]
283,[478.0],[112.0],[182.0],[165.0],[320.0],[324.0],[401.0],[422.0],[252.0],[385.0],[336.0],[492.0],[243.0],[405.0],[353.0],[54.0],[118.0],[233.0],[251.0],[96.0],[9.0],[385.0],[19.0],[416.0],[95.0]
284,[456.0],[400.0],[6.0],[176.0],[446.0],[50.0],[351.0],[483.0],[0.0],[329.0],[127.0],[94.0],[16.0],[409.0],[92.0],[96.0],[38.0],[130.0],[106.0],[230.0],[283.0],[405.0],[118.0],[139.0],[152.0]
285,[308.0],[130.0],[496.0],[416.0],[462.0],[112.0],[271.0],[179.0],[58.0],[168.0],[390.0],[95.0],[346.0],[385.0],[443.0],[172.0],[463.0],[318.0],[373.0],[109.0],[484.0],[189.0],[38.0],[292.0],[492.0]
286,[286.0],[487.0],[113.0],[217.0],[190.0],[429.0],[448.0],[68.0],[98.0],[443.0],[493.0],[399.0],[210.0],[269.0],[441.0],[190.0],[186.0],[231.0],[418.0],[22.0],[67.0],[118.0],[483.0],[418.0],[483.0]
287,[446.0],[140.0],[417.0],[210.0],[117.0],[415.0],[368.0],[18.0],[30.0],[322.0],[138.0],[195.0],[415.0],[11.0],[95.0],[4.0],[362.0],[428.0],[466.0],[379.0],[431.0],[21.0],[351.0],[476.0],[308.0]
288,[356.0],[168.0],[148.0],[438.0],[166.0],[196.0],[491.0],[493.0],[397.0],[146.0],[114.0],[392.0],[269.0],[286.0],[234.0],[485.0],[8.0],[239.0],[217.0],[416.0],[341.0],[260.0],[198.0],[368.0],[183.0]
289,[428.0],[290.0],[369.0],[125.0],[69.0],[478.0],[162.0],[146.0],[109.0],[325.0],[191.0],[351.0],[476.0],[453.0],[404.0],[67.0],[492.0],[251.0],[317.0],[182.0],[362.0],[478.0],[30.0],[269.0],[409.0]
290,[269.0],[207.0],[409.0],[14.0],[499.0],[40.0],[419.0],[416.0],[142.0],[356.0],[96.0],[420.0],[341.0],[89.0],[486.0],[483.0],[73.0],[223.0],[32.0],[35.0],[356.0],[38.0],[260.0],[172.0],[98.0]
291,[6.0],[13.0],[37.0],[91.0],[42.0],[1.0],[456.0],[247.0],[312.0],[456.0],[152.0],[185.0],[385.0],[399.0],[488.0],[393.0],[235.0],[182.0],[266.0],[498.0],[76.0],[447.0],[362.0],[190.0],[76.0]
292,[409.0],[374.0],[438.0],[55.0],[400.0],[7.0],[449.0],[292.0],[271.0],[332.0],[283.0],[455.0],[286.0],[486.0],[258.0],[356.0],[482.0],[55.0],[92.0],[462.0],[456.0],[277.0],[195.0],[346.0],[69.0]
293,[257.0],[77.0],[339.0],[92.0],[107.0],[79.0],[187.0],[62.0],[325.0],[268.0],[89.0],[146.0],[314.0],[187.0],[260.0],[68.0],[139.0],[460.0],[128.0],[216.0],[393.0],[119.0],[186.0],[195.0],[488.0]
294,[128.0],[27.0],[89.0],[146.0],[209.0],[88.0],[341.0],[383.0],[275.0],[290.0],[463.0],[210.0],[453.0],[60.0],[216.0],[186.0],[196.0],[419.0],[446.0],[417.0],[56.0],[463.0],[417.0],[329.0],[484.0]
295,[198.0],[333.0],[441.0],[383.0],[487.0],[336.0],[176.0],[59.0],[331.0],[31.0],[482.0],[264.0],[482.0],[283.0],[158.0],[130.0],[373.0],[338.0],[254.0],[146.0],[483.0],[69.0],[487.0],[422.0],[219.0]
296,[481.0],[312.0],[177.0],[237.0],[350.0],[457.0],[96.0],[66.0],[463.0],[188.0],[371.0],[383.0],[173.0],[341.0],[387.0],[314.0],[350.0],[368.0],[178.0],[24.0],[183.0],[183.0],[89.0],[209.0],[169.0]
297,[3.0],[325.0],[444.0],[223.0],[307.0],[383.0],[254.0],[394.0],[433.0],[194.0],[375.0],[168.0],[486.0],[123.0],[177.0],[19.0],[415.0],[175.0],[43.0],[466.0],[5.0],[248.0],[22.0],[35.0],[368.0]
298,[405.0],[430.0],[87.0],[159.0],[234.0],[252.0],[168.0],[118.0],[438.0],[488.0],[431.0],[342.0],[272.0],[18.0],[193.0],[8.0],[209.0],[386.0],[96.0],[278.0],[6.0],[396.0],[485.0],[234.0],[452.0]
299,[248.0],[299.0],[446.0],[287.0],[3.0],[59.0],[39.0],[451.0],[44.0],[323.0],[462.0],[389.0],[96.0],[30.0],[31.0],[383.0],[351.0],[296.0],[368.0],[247.0],[35.0],[5.0],[256.0],[146.0],[375.0]
300,[389.0],[8.0],[376.0],[449.0],[92.0],[371.0],[131.0],[16.0],[322.0],[283.0],[161.0],[483.0],[257.0],[483.0],[438.0],[448.0],[112.0],[353.0],[371.0],[330.0],[55.0],[112.0],[271.0],[296.0],[119.0]
301,[146.0],[165.0],[205.0],[122.0],[467.0],[448.0],[478.0],[150.0],[210.0],[460.0],[400.0],[305.0],[363.0],[303.0],[386.0],[22.0],[368.0],[347.0],[44.0],[385.0],[150.0],[191.0],[264.0],[72.0],[258.0]
302,[391.0],[492.0],[256.0],[263.0],[369.0],[493.0],[182.0],[8.0],[168.0],[119.0],[19.0],[371.0],[282.0],[314.0],[271.0],[94.0],[305.0],[359.0],[95.0],[131.0],[314.0],[224.0],[6.0],[437.0],[45.0]
303,[197.0],[64.0],[28.0],[330.0],[316.0],[114.0],[347.0],[4.0],[87.0],[92.0],[252.0],[241.0],[422.0],[134.0],[197.0],[371.0],[154.0],[73.0],[470.0],[173.0],[478.0],[30.0],[293.0],[94.0],[8.0]
304,[105.0],[426.0],[62.0],[298.0],[21.0],[44.0],[233.0],[368.0],[163.0],[245.0],[224.0],[408.0],[219.0],[51.0],[99.0],[422.0],[133.0],[147.0],[234.0],[484.0],[198.0],[474.0],[54.0],[151.0],[401.0]
305,[226.0],[33.0],[38.0],[154.0],[8.0],[373.0],[239.0],[193.0],[392.0],[492.0],[92.0],[239.0],[169.0],[52.0],[86.0],[260.0],[183.0],[265.0],[399.0],[210.0],[263.0],[256.0],[389.0],[93.0],[223.0]
306,[168.0],[354.0],[7.0],[185.0],[179.0],[468.0],[8.0],[210.0],[69.0],[3.0],[399.0],[419.0],[345.0],[198.0],[361.0],[368.0],[195.0],[18.0],[162.0],[459.0],[467.0],[467.0],[491.0],[219.0],[392.0]
307,[47.0],[247.0],[22.0],[318.0],[498.0],[95.0],[134.0],[258.0],[386.0],[60.0],[133.0],[496.0],[209.0],[235.0],[217.0],[210.0],[68.0],[10.0],[219.0],[219.0],[295.0],[387.0],[305.0],[169.0],[136.0]
308,[415.0],[89.0],[5.0],[409.0],[113.0],[152.0],[460.0],[168.0],[285.0],[64.0],[209.0],[368.0],[491.0],[390.0],[236.0],[151.0],[210.0],[254.0],[422.0],[169.0],[370.0],[409.0],[492.0],[308.0],[497.0]
309,[385.0],[476.0],[356.0],[357.0],[252.0],[303.0],[210.0],[264.0],[339.0],[50.0],[38.0],[121.0],[492.0],[68.0],[109.0],[133.0],[479.0],[189.0],[308.0],[476.0],[7.0],[101.0],[132.0],[452.0],[6.0]
310,[498.0],[281.0],[467.0],[269.0],[466.0],[329.0],[132.0],[219.0],[82.0],[428.0],[210.0],[375.0],[452.0],[281.0],[175.0],[233.0],[371.0],[276.0],[195.0],[345.0],[471.0],[160.0],[35.0],[491.0],[332.0]
311,[443.0],[125.0],[30.0],[385.0],[105.0],[210.0],[183.0],[169.0],[316.0],[67.0],[223.0],[8.0],[334.0],[355.0],[257.0],[57.0],[359.0],[463.0],[169.0],[452.0],[234.0],[186.0],[87.0],[258.0],[317.0]
312,[393.0],[28.0],[283.0],[279.0],[28.0],[375.0],[151.0],[452.0],[96.0],[89.0],[444.0],[332.0],[252.0],[133.0],[356.0],[239.0],[42.0],[181.0],[119.0],[209.0],[51.0],[51.0],[444.0],[260.0],[266.0]
313,[299.0],[422.0],[12.0],[286.0],[285.0],[239.0],[329.0],[345.0],[151.0],[432.0],[448.0],[317.0],[158.0],[258.0],[325.0],[452.0],[44.0],[490.0],[45.0],[371.0],[85.0],[196.0],[167.0],[345.0],[433.0]
314,[460.0],[491.0],[420.0],[435.0],[411.0],[93.0],[163.0],[497.0],[368.0],[94.0],[42.0],[266.0],[130.0],[305.0],[336.0],[48.0],[63.0],[289.0],[158.0],[151.0],[260.0],[285.0],[140.0],[158.0],[168.0]
315,[351.0],[446.0],[36.0],[11.0],[218.0],[157.0],[318.0],[44.0],[76.0],[307.0],[497.0],[433.0],[119.0],[299.0],[351.0],[271.0],[244.0],[499.0],[476.0],[491.0],[1.0],[179.0],[419.0],[386.0],[174.0]
316,[479.0],[195.0],[474.0],[123.0],[491.0],[431.0],[44.0],[45.0],[128.0],[493.0],[345.0],[73.0],[198.0],[461.0],[24.0],[304.0],[241.0],[439.0],[148.0],[239.0],[163.0],[356.0],[422.0],[12.0],[233.0]
317,[277.0],[219.0],[93.0],[53.0],[210.0],[20.0],[21.0],[151.0],[165.0],[351.0],[305.0],[128.0],[112.0],[432.0],[460.0],[119.0],[252.0],[95.0],[350.0],[386.0],[16.0],[456.0],[308.0],[493.0],[210.0]
318,[463.0],[169.0],[388.0],[230.0],[368.0],[362.0],[122.0],[158.0],[89.0],[63.0],[261.0],[119.0],[89.0],[433.0],[160.0],[345.0],[46.0],[111.0],[408.0],[349.0],[285.0],[209.0],[476.0],[45.0],[239.0]
319,[7.0],[452.0],[176.0],[429.0],[429.0],[392.0],[428.0],[172.0],[95.0],[68.0],[317.0],[336.0],[355.0],[408.0],[478.0],[209.0],[199.0],[361.0],[305.0],[233.0],[172.0],[407.0],[259.0],[462.0],[366.0]
320,[188.0],[345.0],[136.0],[441.0],[261.0],[388.0],[147.0],[190.0],[486.0],[389.0],[67.0],[88.0],[254.0],[386.0],[355.0],[235.0],[419.0],[399.0],[210.0],[132.0],[190.0],[485.0],[283.0],[112.0],[134.0]
321,[234.0],[63.0],[133.0],[117.0],[239.0],[195.0],[461.0],[337.0],[399.0],[342.0],[168.0],[251.0],[342.0],[487.0],[298.0],[134.0],[72.0],[69.0],[497.0],[83.0],[224.0],[146.0],[482.0],[180.0],[345.0]
322,[355.0],[210.0],[54.0],[363.0],[266.0],[86.0],[18.0],[430.0],[483.0],[400.0],[368.0],[446.0],[62.0],[168.0],[316.0],[224.0],[233.0],[47.0],[89.0],[134.0],[487.0],[406.0],[59.0],[307.0],[493.0]
323,[186.0],[59.0],[85.0],[394.0],[223.0],[387.0],[150.0],[224.0],[460.0],[131.0],[264.0],[385.0],[126.0],[446.0],[431.0],[223.0],[239.0],[109.0],[8.0],[258.0],[354.0],[50.0],[241.0],[245.0],[151.0]
324,[314.0],[218.0],[226.0],[6.0],[305.0],[257.0],[188.0],[186.0],[303.0],[85.0],[55.0],[188.0],[285.0],[210.0],[490.0],[308.0],[452.0],[370.0],[324.0],[63.0],[324.0],[428.0],[368.0],[366.0],[254.0]
325,[68.0],[119.0],[258.0],[386.0],[217.0],[456.0],[278.0],[349.0],[443.0],[176.0],[183.0],[96.0],[21.0],[16.0],[439.0],[132.0],[258.0],[397.0],[491.0],[249.0],[113.0],[416.0],[219.0],[231.0],[324.0]
326,[131.0],[401.0],[314.0],[372.0],[90.0],[217.0],[389.0],[148.0],[409.0],[225.0],[297.0],[234.0],[223.0],[496.0],[276.0],[396.0],[147.0],[234.0],[496.0],[261.0],[498.0],[283.0],[169.0],[107.0],[87.0]
327,[118.0],[146.0],[188.0],[177.0],[444.0],[21.0],[203.0],[180.0],[478.0],[213.0],[147.0],[488.0],[134.0],[383.0],[181.0],[456.0],[50.0],[236.0],[223.0],[419.0],[146.0],[76.0],[448.0],[96.0],[101.0]
328,[38.0],[30.0],[351.0],[404.0],[339.0],[427.0],[379.0],[356.0],[86.0],[305.0],[350.0],[381.0],[265.0],[268.0],[20.0],[373.0],[18.0],[20.0],[460.0],[235.0],[401.0],[259.0],[452.0],[76.0],[446.0]
329,[86.0],[283.0],[430.0],[451.0],[314.0],[307.0],[264.0],[231.0],[146.0],[292.0],[447.0],[22.0],[478.0],[326.0],[56.0],[395.0],[428.0],[192.0],[233.0],[130.0],[419.0],[350.0],[210.0],[405.0],[67.0]
330,[192.0],[39.0],[233.0],[467.0],[9.0],[405.0],[359.0],[96.0],[481.0],[476.0],[95.0],[90.0],[489.0],[397.0],[484.0],[446.0],[223.0],[118.0],[452.0],[355.0],[173.0],[371.0],[45.0],[63.0],[283.0]
331,[56.0],[37.0],[452.0],[325.0],[50.0],[241.0],[493.0],[233.0],[283.0],[233.0],[461.0],[107.0],[63.0],[267.0],[261.0],[443.0],[134.0],[461.0],[245.0],[365.0],[87.0],[308.0],[44.0],[92.0],[188.0]
332,[431.0],[257.0],[134.0],[193.0],[332.0],[428.0],[409.0],[314.0],[24.0],[239.0],[93.0],[93.0],[263.0],[488.0],[295.0],[491.0],[114.0],[257.0],[307.0],[362.0],[154.0],[147.0],[401.0],[90.0],[245.0]
333,[285.0],[118.0],[2.0],[261.0],[317.0],[466.0],[466.0],[134.0],[284.0],[419.0],[60.0],[44.0],[92.0],[415.0],[499.0],[219.0],[303.0],[285.0],[76.0],[271.0],[462.0],[368.0],[371.0],[298.0],[179.0]
334,[474.0],[74.0],[57.0],[234.0],[254.0],[441.0],[496.0],[401.0],[147.0],[8.0],[106.0],[479.0],[235.0],[296.0],[162.0],[169.0],[34.0],[424.0],[448.0],[368.0],[386.0],[452.0],[8.0],[339.0],[123.0]
335,[284.0],[151.0],[245.0],[365.0],[251.0],[355.0],[488.0],[278.0],[18.0],[18.0],[489.0],[471.0],[68.0],[292.0],[129.0],[303.0],[304.0],[431.0],[48.0],[283.0],[8.0],[461.0],[267.0],[283.0],[391.0]
336,[424.0],[371.0],[392.0],[224.0],[68.0],[474.0],[45.0],[132.0],[257.0],[151.0],[120.0],[314.0],[349.0],[476.0],[192.0],[476.0],[191.0],[86.0],[203.0],[299.0],[342.0],[18.0],[79.0],[301.0],[128.0]
337,[52.0],[353.0],[469.0],[197.0],[355.0],[305.0],[487.0],[105.0],[353.0],[452.0],[50.0],[298.0],[233.0],[180.0],[283.0],[18.0],[461.0],[362.0],[134.0],[147.0],[90.0],[210.0],[457.0],[310.0],[385.0]
338,[178.0],[101.0],[443.0],[432.0],[443.0],[180.0],[255.0],[297.0],[224.0],[147.0],[45.0],[339.0],[419.0],[219.0],[235.0],[247.0],[146.0],[56.0],[411.0],[461.0],[197.0],[488.0],[468.0],[495.0],[218.0]
339,[162.0],[256.0],[73.0],[401.0],[87.0],[251.0],[265.0],[119.0],[194.0],[219.0],[219.0],[5.0],[267.0],[169.0],[425.0],[487.0],[40.0],[24.0],[429.0],[425.0],[371.0],[8.0],[383.0],[186.0],[393.0]
340,[35.0],[38.0],[277.0],[96.0],[44.0],[497.0],[90.0],[178.0],[93.0],[169.0],[452.0],[292.0],[239.0],[345.0],[493.0],[208.0],[427.0],[385.0],[393.0],[129.0],[219.0],[239.0],[345.0],[133.0],[356.0]
341,[283.0],[35.0],[132.0],[444.0],[386.0],[126.0],[459.0],[263.0],[50.0],[134.0],[169.0],[388.0],[48.0],[324.0],[39.0],[42.0],[443.0],[388.0],[224.0],[218.0],[169.0],[383.0],[324.0],[42.0],[180.0]
342,[369.0],[235.0],[493.0],[147.0],[213.0],[76.0],[263.0],[277.0],[383.0],[368.0],[63.0],[68.0],[432.0],[401.0],[163.0],[400.0],[59.0],[256.0],[130.0],[18.0],[422.0],[223.0],[347.0],[251.0],[79.0]
343,[172.0],[180.0],[419.0],[461.0],[203.0],[43.0],[140.0],[130.0],[482.0],[371.0],[235.0],[416.0],[303.0],[278.0],[146.0],[139.0],[355.0],[281.0],[151.0],[414.0],[308.0],[292.0],[223.0],[39.0],[336.0]
344,[224.0],[368.0],[16.0],[50.0],[298.0],[301.0],[3.0],[147.0],[21.0],[210.0],[373.0],[326.0],[18.0],[112.0],[285.0],[375.0],[82.0],[89.0],[306.0],[369.0],[148.0],[144.0],[172.0],[69.0],[457.0]
345,[62.0],[425.0],[306.0],[82.0],[433.0],[168.0],[330.0],[461.0],[334.0],[252.0],[476.0],[453.0],[488.0],[396.0],[19.0],[391.0],[251.0],[54.0],[356.0],[33.0],[375.0],[497.0],[376.0],[244.0],[468.0]
346,[292.0],[239.0],[42.0],[133.0],[264.0],[369.0],[225.0],[42.0],[459.0],[345.0],[456.0],[35.0],[132.0],[226.0],[28.0],[490.0],[254.0],[39.0],[264.0],[426.0],[433.0],[151.0],[356.0],[264.0],[371.0]
347,[225.0],[45.0],[50.0],[307.0],[34.0],[45.0],[482.0],[251.0],[162.0],[374.0],[151.0],[223.0],[94.0],[45.0],[111.0],[289.0],[35.0],[244.0],[90.0],[323.0],[468.0],[351.0],[488.0],[314.0],[130.0]
348,[144.0],[418.0],[265.0],[132.0],[297.0],[476.0],[421.0],[63.0],[260.0],[461.0],[119.0],[283.0],[481.0],[371.0],[186.0],[276.0],[169.0],[92.0],[7.0],[316.0],[345.0],[68.0],[475.0],[241.0],[107.0]
349,[462.0],[42.0],[213.0],[95.0],[180.0],[151.0],[92.0],[199.0],[193.0],[132.0],[428.0],[497.0],[368.0],[44.0],[373.0],[181.0],[219.0],[198.0],[292.0],[50.0],[281.0],[305.0],[126.0],[75.0],[68.0]
350,[199.0],[251.0],[180.0],[392.0],[396.0],[393.0],[217.0],[34.0],[40.0],[35.0],[491.0],[301.0],[90.0],[31.0],[409.0],[499.0],[422.0],[486.0],[314.0],[86.0],[497.0],[67.0],[63.0],[200.0],[234.0]
351,[416.0],[233.0],[83.0],[62.0],[479.0],[224.0],[159.0],[106.0],[125.0],[317.0],[307.0],[45.0],[8.0],[249.0],[117.0],[424.0],[497.0],[247.0],[260.0],[431.0],[63.0],[264.0],[114.0],[223.0],[114.0]
352,[114.0],[349.0],[79.0],[264.0],[76.0],[491.0],[256.0],[245.0],[264.0],[497.0],[425.0],[151.0],[224.0],[243.0],[411.0],[307.0],[476.0],[38.0],[298.0],[181.0],[44.0],[355.0],[180.0],[173.0],[44.0]
353,[214.0],[303.0],[457.0],[303.0],[371.0],[219.0],[484.0],[295.0],[441.0],[172.0],[56.0],[85.0],[428.0],[69.0],[189.0],[259.0],[265.0],[187.0],[283.0],[56.0],[448.0],[342.0],[42.0],[67.0],[419.0]
354,[163.0],[278.0],[114.0],[18.0],[428.0],[169.0],[396.0],[202.0],[160.0],[314.0],[339.0],[308.0],[351.0],[484.0],[118.0],[180.0],[151.0],[19.0],[488.0],[9.0],[368.0],[306.0],[251.0],[482.0],[432.0]
355,[41.0],[277.0],[187.0],[460.0],[119.0],[422.0],[34.0],[456.0],[177.0],[370.0],[303.0],[233.0],[266.0],[489.0],[388.0],[349.0],[432.0],[409.0],[397.0],[446.0],[151.0],[28.0],[233.0],[295.0],[172.0]
356,[371.0],[158.0],[456.0],[203.0],[448.0],[345.0],[22.0],[218.0],[28.0],[266.0],[158.0],[452.0],[183.0],[297.0],[85.0],[154.0],[487.0],[21.0],[40.0],[340.0],[452.0],[498.0],[239.0],[187.0],[346.0]
357,[160.0],[178.0],[72.0],[278.0],[45.0],[233.0],[28.0],[69.0],[251.0],[491.0],[413.0],[134.0],[154.0],[342.0],[176.0],[177.0],[401.0],[444.0],[354.0],[92.0],[493.0],[226.0],[134.0],[303.0],[448.0]
358,[247.0],[395.0],[347.0],[419.0],[342.0],[452.0],[191.0],[405.0],[461.0],[158.0],[495.0],[359.0],[396.0],[347.0],[16.0],[433.0],[345.0],[194.0],[478.0],[478.0],[411.0],[422.0],[147.0],[401.0],[456.0]
359,[147.0],[331.0],[396.0],[236.0],[476.0],[8.0],[113.0],[432.0],[132.0],[48.0],[233.0],[147.0],[7.0],[63.0],[491.0],[493.0],[491.0],[277.0],[93.0],[189.0],[369.0],[432.0],[18.0],[162.0],[351.0]
360,[461.0],[443.0],[48.0],[131.0],[219.0],[308.0],[295.0],[365.0],[42.0],[160.0],[492.0],[50.0],[128.0],[158.0],[63.0],[251.0],[307.0],[261.0],[468.0],[276.0],[210.0],[462.0],[400.0],[409.0],[94.0]
361,[419.0],[241.0],[94.0],[28.0],[169.0],[42.0],[444.0],[498.0],[94.0],[482.0],[349.0],[428.0],[484.0],[298.0],[415.0],[99.0],[79.0],[214.0],[329.0],[20.0],[415.0],[63.0],[160.0],[87.0],[132.0]
362,[388.0],[55.0],[349.0],[487.0],[452.0],[332.0],[37.0],[162.0],[393.0],[41.0],[239.0],[461.0],[444.0],[176.0],[463.0],[488.0],[336.0],[474.0],[295.0],[499.0],[271.0],[303.0],[466.0],[354.0],[120.0]
363,[303.0],[132.0],[60.0],[405.0],[422.0],[347.0],[434.0],[481.0],[172.0],[336.0],[132.0],[491.0],[249.0],[498.0],[203.0],[87.0],[457.0],[179.0],[409.0],[490.0],[75.0],[298.0],[34.0],[498.0],[298.0]
364,[107.0],[34.0],[40.0],[430.0],[63.0],[317.0],[479.0],[241.0],[330.0],[254.0],[419.0],[126.0],[296.0],[193.0],[134.0],[63.0],[400.0],[37.0],[177.0],[289.0],[200.0],[429.0],[411.0],[28.0],[339.0]
365,[306.0],[48.0],[297.0],[478.0],[233.0],[266.0],[427.0],[235.0],[314.0],[354.0],[401.0],[34.0],[144.0],[231.0],[424.0],[24.0],[448.0],[105.0],[334.0],[192.0],[120.0],[301.0],[278.0],[179.0],[9.0]
366,[8.0],[416.0],[415.0],[67.0],[432.0],[254.0],[356.0],[248.0],[186.0],[224.0],[267.0],[18.0],[168.0],[131.0],[496.0],[90.0],[130.0],[264.0],[248.0],[116.0],[187.0],[173.0],[203.0],[163.0],[354.0]
367,[210.0],[259.0],[249.0],[89.0],[134.0],[63.0],[172.0],[339.0],[73.0],[207.0],[249.0],[306.0],[147.0],[392.0],[369.0],[431.0],[180.0],[196.0],[388.0],[285.0],[62.0],[219.0],[396.0],[233.0],[498.0]
368,[375.0],[351.0],[34.0],[496.0],[158.0],[223.0],[393.0],[187.0],[306.0],[13.0],[488.0],[303.0],[461.0],[478.0],[307.0],[463.0],[94.0],[162.0],[419.0],[51.0],[444.0],[169.0],[296.0],[306.0],[162.0]
369,[113.0],[493.0],[340.0],[285.0],[265.0],[310.0],[67.0],[316.0],[101.0],[231.0],[34.0],[324.0],[85.0],[425.0],[154.0],[176.0],[126.0],[40.0],[194.0],[175.0],[208.0],[476.0],[86.0],[432.0],[224.0]
370,[368.0],[405.0],[255.0],[162.0],[419.0],[265.0],[462.0],[467.0],[462.0],[144.0],[83.0],[278.0],[278.0],[365.0],[62.0],[236.0],[60.0],[35.0],[37.0],[244.0],[157.0],[491.0],[456.0],[18.0],[443.0]
371,[452.0],[264.0],[386.0],[339.0],[345.0],[400.0],[197.0],[415.0],[298.0],[353.0],[347.0],[349.0],[331.0],[90.0],[264.0],[51.0],[132.0],[94.0],[405.0],[424.0],[86.0],[59.0],[388.0],[120.0],[42.0]
372,[239.0],[188.0],[146.0],[341.0],[130.0],[96.0],[186.0],[93.0],[444.0],[478.0],[296.0],[132.0],[34.0],[416.0],[40.0],[439.0],[493.0],[28.0],[9.0],[388.0],[199.0],[345.0],[298.0],[278.0],[268.0]
373,[383.0],[340.0],[172.0],[256.0],[18.0],[34.0],[385.0],[387.0],[366.0],[420.0],[48.0],[476.0],[429.0],[34.0],[101.0],[126.0],[405.0],[470.0],[443.0],[186.0],[474.0],[134.0],[208.0],[249.0],[370.0]
374,[444.0],[373.0],[466.0],[295.0],[389.0],[158.0],[386.0],[303.0],[259.0],[448.0],[411.0],[9.0],[234.0],[218.0],[392.0],[248.0],[397.0],[199.0],[132.0],[28.0],[223.0],[334.0],[56.0],[132.0],[453.0]
375,[85.0],[236.0],[173.0],[178.0],[393.0],[132.0],[471.0],[462.0],[292.0],[235.0],[160.0],[219.0],[113.0],[224.0],[339.0],[378.0],[409.0],[70.0],[444.0],[44.0],[74.0],[233.0],[158.0],[396.0],[48.0]
376,[44.0],[292.0],[470.0],[129.0],[48.0],[433.0],[446.0],[351.0],[281.0],[178.0],[173.0],[169.0],[218.0],[146.0],[34.0],[298.0],[173.0],[259.0],[188.0],[256.0],[233.0],[132.0],[173.0],[225.0],[383.0]
377,[345.0],[444.0],[224.0],[38.0],[434.0],[419.0],[443.0],[366.0],[425.0],[187.0],[18.0],[422.0],[93.0],[337.0],[278.0],[199.0],[285.0],[191.0],[147.0],[101.0],[48.0],[208.0],[314.0],[285.0],[225.0]
378,[151.0],[369.0],[478.0],[260.0],[151.0],[68.0],[339.0],[495.0],[67.0],[470.0],[329.0],[158.0],[66.0],[227.0],[406.0],[173.0],[259.0],[292.0],[461.0],[179.0],[132.0],[460.0],[196.0],[191.0],[487.0]
379,[233.0],[172.0],[203.0],[369.0],[427.0],[340.0],[244.0],[489.0],[218.0],[427.0],[389.0],[345.0],[190.0],[339.0],[367.0],[481.0],[21.0],[248.0],[63.0],[339.0],[351.0],[307.0],[462.0],[427.0],[146.0]
380,[18.0],[462.0],[482.0],[351.0],[359.0],[488.0],[236.0],[131.0],[488.0],[430.0],[460.0],[493.0],[298.0],[264.0],[75.0],[339.0],[208.0],[339.0],[351.0],[39.0],[68.0],[339.0],[429.0],[113.0],[495.0]
381,[497.0],[225.0],[481.0],[277.0],[235.0],[147.0],[10.0],[217.0],[347.0],[70.0],[260.0],[334.0],[95.0],[118.0],[200.0],[189.0],[267.0],[329.0],[115.0],[118.0],[481.0],[278.0],[261.0],[391.0],[31.0]
382,[219.0],[347.0],[462.0],[188.0],[401.0],[366.0],[411.0],[259.0],[9.0],[257.0],[247.0],[113.0],[152.0],[295.0],[17.0],[118.0],[488.0],[186.0],[87.0],[409.0],[248.0],[419.0],[493.0],[118.0],[193.0]
383,[169.0],[186.0],[186.0],[85.0],[132.0],[18.0],[301.0],[92.0],[430.0],[249.0],[197.0],[114.0],[326.0],[172.0],[1.0],[38.0],[86.0],[331.0],[493.0],[38.0],[427.0],[158.0],[1.0],[284.0],[231.0]
384,[476.0],[224.0],[14.0],[216.0],[172.0],[368.0],[414.0],[70.0],[244.0],[466.0],[203.0],[226.0],[487.0],[199.0],[467.0],[197.0],[416.0],[467.0],[231.0],[34.0],[434.0],[444.0],[178.0],[178.0],[416.0]
385,[491.0],[432.0],[366.0],[481.0],[224.0],[350.0],[48.0],[271.0],[115.0],[405.0],[234.0],[28.0],[366.0],[177.0],[43.0],[129.0],[467.0],[178.0],[113.0],[62.0],[460.0],[251.0],[310.0],[385.0],[425.0]
386,[411.0],[498.0],[264.0],[484.0],[214.0],[10.0],[87.0],[369.0],[474.0],[414.0],[163.0],[176.0],[186.0],[467.0],[416.0],[120.0],[90.0],[106.0],[377.0],[377.0],[83.0],[45.0],[218.0],[407.0],[163.0]
387,[63.0],[396.0],[244.0],[428.0],[191.0],[377.0],[189.0],[35.0],[178.0],[191.0],[196.0],[401.0],[172.0],[115.0],[66.0],[47.0],[179.0],[389.0],[349.0],[432.0],[214.0],[448.0],[93.0],[316.0],[217.0]
388,[493.0],[199.0],[52.0],[356.0],[347.0],[389.0],[38.0],[373.0],[179.0],[87.0],[40.0],[86.0],[405.0],[234.0],[191.0],[416.0],[339.0],[445.0],[369.0],[40.0],[453.0],[249.0],[248.0],[218.0],[342.0]
389,[414.0],[92.0],[354.0],[283.0],[41.0],[295.0],[1.0],[191.0],[370.0],[295.0],[298.0],[197.0],[14.0],[162.0],[498.0],[334.0],[113.0],[134.0],[21.0],[406.0],[179.0],[411.0],[40.0],[74.0],[160.0]
390,[59.0],[47.0],[236.0],[15.0],[370.0],[255.0],[40.0],[154.0],[434.0],[113.0],[129.0],[415.0],[256.0],[236.0],[113.0],[93.0],[55.0],[377.0],[18.0],[292.0],[406.0],[203.0],[301.0],[197.0],[226.0]
391,[132.0],[314.0],[208.0],[16.0],[208.0],[489.0],[35.0],[301.0],[52.0],[199.0],[392.0],[208.0],[474.0],[481.0],[61.0],[196.0],[388.0],[414.0],[105.0],[284.0],[231.0],[130.0],[106.0],[217.0],[355.0]
392,[87.0],[120.0],[1.0],[173.0],[248.0],[225.0],[146.0],[48.0],[277.0],[369.0],[177.0],[268.0],[226.0],[369.0],[301.0],[498.0],[369.0],[278.0],[498.0],[302.0],[17.0],[265.0],[479.0],[226.0],[35.0]
393,[45.0],[144.0],[407.0],[415.0],[197.0],[285.0],[416.0],[355.0],[351.0],[105.0],[366.0],[467.0],[51.0],[191.0],[427.0],[76.0],[277.0],[434.0],[160.0],[428.0],[178.0],[83.0],[113.0],[389.0],[479.0]
394,[448.0],[366.0],[292.0],[66.0],[55.0],[28.0],[354.0],[444.0],[37.0],[373.0],[198.0],[244.0],[120.0],[35.0],[35.0],[40.0],[92.0],[260.0],[482.0],[225.0],[70.0],[389.0],[244.0],[235.0],[249.0]
395,[401.0],[41.0],[301.0],[9.0],[303.0],[316.0],[498.0],[52.0],[495.0],[386.0],[487.0],[257.0],[9.0],[474.0],[248.0],[144.0],[1.0],[90.0],[172.0],[306.0],[270.0],[329.0],[369.0],[425.0],[303.0]
396,[301.0],[66.0],[105.0],[301.0],[131.0],[203.0],[283.0],[389.0],[445.0],[334.0],[218.0],[172.0],[160.0],[354.0],[144.0],[106.0],[187.0],[369.0],[462.0],[463.0],[45.0],[90.0],[101.0],[406.0],[471.0]
397,[223.0],[10.0],[296.0],[90.0],[173.0],[411.0],[52.0],[133.0],[466.0],[197.0],[134.0],[462.0],[52.0],[186.0],[370.0],[397.0],[260.0],[113.0],[355.0],[444.0],[383.0],[349.0],[37.0],[381.0],[396.0]
398,[278.0],[147.0],[179.0],[247.0],[292.0],[172.0],[481.0],[126.0],[34.0],[444.0],[176.0],[41.0],[407.0],[113.0],[120.0],[86.0],[155.0],[173.0],[249.0],[470.0],[130.0],[44.0],[370.0],[446.0],[259.0]
399,[173.0],[461.0],[86.0],[213.0],[481.0],[52.0],[61.0],[487.0],[470.0],[281.0],[179.0],[386.0],[133.0],[257.0],[37.0],[427.0],[248.0],[52.0],[241.0],[10.0],[373.0],[489.0],[481.0],[270.0],[235.0]
400,[482.0],[18.0],[498.0],[10.0],[489.0],[130.0],[369.0],[381.0],[187.0],[90.0],[43.0],[247.0],[373.0],[179.0],[225.0],[45.0],[296.0],[62.0],[10.0],[351.0],[134.0],[391.0],[225.0],[160.0],[460.0]
401,[434.0],[134.0],[281.0],[310.0],[482.0],[9.0],[226.0],[414.0],[191.0],[481.0],[236.0],[481.0],[386.0],[9.0],[487.0],[226.0],[481.0],[76.0],[278.0],[277.0],[158.0],[35.0],[226.0],[48.0],[154.0]
402,[467.0],[267.0],[9.0],[126.0],[377.0],[434.0],[248.0],[225.0],[55.0],[214.0],[481.0],[14.0],[264.0],[163.0],[303.0],[414.0],[144.0],[301.0],[74.0],[304.0],[147.0],[217.0],[75.0],[126.0],[83.0]
403,[406.0],[488.0],[101.0],[226.0],[35.0],[443.0],[115.0],[120.0],[234.0],[260.0],[351.0],[79.0],[178.0],[217.0],[444.0],[401.0],[270.0],[406.0],[213.0],[373.0],[461.0],[37.0],[200.0],[43.0],[297.0]
404,[67.0],[50.0],[147.0],[22.0],[272.0],[339.0],[463.0],[425.0],[90.0],[76.0],[259.0],[457.0],[248.0],[340.0],[329.0],[44.0],[444.0],[75.0],[381.0],[429.0],[18.0],[172.0],[281.0],[340.0],[167.0]
405,[76.0],[296.0],[18.0],[75.0],[147.0],[90.0],[453.0],[74.0],[92.0],[217.0],[22.0],[60.0],[295.0],[126.0],[106.0],[46.0],[76.0],[200.0],[186.0],[467.0],[428.0],[199.0],[14.0],[351.0],[60.0]
406,[90.0],[249.0],[428.0],[200.0],[106.0],[218.0],[85.0],[177.0],[106.0],[74.0],[342.0],[180.0],[197.0],[178.0],[90.0],[405.0],[249.0],[443.0],[247.0],[93.0],[310.0],[214.0],[443.0],[134.0],[329.0]
407,[445.0],[391.0],[461.0],[1.0],[340.0],[446.0],[94.0],[28.0],[278.0],[14.0],[474.0],[63.0],[498.0],[444.0],[421.0],[301.0],[45.0],[17.0],[406.0],[301.0],[367.0],[241.0],[120.0],[479.0],[178.0]
408,[489.0],[244.0],[303.0],[163.0],[474.0],[292.0],[445.0],[370.0],[429.0],[489.0],[113.0],[31.0],[191.0],[55.0],[254.0],[425.0],[495.0],[351.0],[144.0],[74.0],[466.0],[414.0],[272.0],[131.0],[70.0]
409,[42.0],[471.0],[235.0],[292.0],[101.0],[47.0],[156.0],[87.0],[134.0],[180.0],[162.0],[42.0],[301.0],[74.0],[47.0],[225.0],[429.0],[1.0],[281.0],[67.0],[144.0],[453.0],[385.0],[199.0],[147.0]
410,[400.0],[489.0],[267.0],[43.0],[304.0],[248.0],[370.0],[270.0],[197.0],[42.0],[367.0],[400.0],[203.0],[225.0],[389.0],[366.0],[37.0],[120.0],[340.0],[106.0],[272.0],[43.0],[366.0],[105.0],[461.0]
411,[488.0],[106.0],[106.0],[17.0],[178.0],[270.0],[106.0],[326.0],[10.0],[79.0],[407.0],[191.0],[411.0],[248.0],[448.0],[369.0],[158.0],[43.0],[226.0],[90.0],[10.0],[70.0],[265.0],[428.0],[197.0]
412,[134.0],[460.0],[425.0],[259.0],[441.0],[41.0],[208.0],[144.0],[377.0],[457.0],[369.0],[444.0],[208.0],[495.0],[208.0],[178.0],[340.0],[101.0],[163.0],[21.0],[441.0],[52.0],[386.0],[9.0],[369.0]
413,[310.0],[301.0],[285.0],[359.0],[10.0],[444.0],[267.0],[249.0],[467.0],[163.0],[131.0],[354.0],[38.0],[389.0],[241.0],[113.0],[106.0],[441.0],[154.0],[248.0],[359.0],[126.0],[285.0],[342.0],[113.0]
414,[432.0],[495.0],[21.0],[248.0],[15.0],[386.0],[249.0],[340.0],[405.0],[44.0],[62.0],[498.0],[340.0],[85.0],[481.0],[444.0],[474.0],[197.0],[434.0],[370.0],[489.0],[401.0],[179.0],[466.0],[386.0]
415,[158.0],[467.0],[126.0],[35.0],[414.0],[351.0],[296.0],[388.0],[479.0],[366.0],[37.0],[369.0],[236.0],[106.0],[397.0],[482.0],[14.0],[340.0],[259.0],[113.0],[259.0],[225.0],[67.0],[444.0],[301.0]
416,[249.0],[187.0],[414.0],[160.0],[278.0],[160.0],[272.0],[406.0],[113.0],[37.0],[241.0],[236.0],[462.0],[62.0],[347.0],[37.0],[74.0],[489.0],[114.0],[197.0],[47.0],[481.0],[52.0],[214.0],[106.0]
417,[296.0],[479.0],[377.0],[120.0],[310.0],[106.0],[310.0],[260.0],[369.0],[401.0],[225.0],[409.0],[188.0],[351.0],[167.0],[217.0],[10.0],[155.0],[173.0],[381.0],[37.0],[40.0],[90.0],[434.0],[389.0]
418,[259.0],[260.0],[447.0],[37.0],[425.0],[134.0],[9.0],[281.0],[301.0],[248.0],[301.0],[225.0],[434.0],[155.0],[94.0],[296.0],[407.0],[203.0],[414.0],[270.0],[387.0],[25.0],[17.0],[130.0],[208.0]
419,[466.0],[427.0],[304.0],[463.0],[366.0],[36.0],[377.0],[17.0],[387.0],[106.0],[285.0],[248.0],[106.0],[132.0],[434.0],[267.0],[377.0],[427.0],[425.0],[295.0],[217.0],[114.0],[446.0],[467.0],[278.0]
420,[367.0],[70.0],[144.0],[489.0],[241.0],[70.0],[489.0],[267.0],[225.0],[173.0],[284.0],[131.0],[70.0],[14.0],[126.0],[155.0],[489.0],[208.0],[489.0],[427.0],[101.0],[74.0],[297.0],[248.0],[381.0]
421,[366.0],[160.0],[10.0],[240.0],[245.0],[453.0],[154.0],[296.0],[247.0],[206.0],[178.0],[115.0],[146.0],[144.0],[244.0],[415.0],[177.0],[217.0],[197.0],[43.0],[244.0],[471.0],[405.0],[277.0],[173.0]
422,[354.0],[381.0],[295.0],[377.0],[94.0],[296.0],[306.0],[37.0],[248.0],[411.0],[388.0],[47.0],[17.0],[370.0],[340.0],[467.0],[101.0],[387.0],[481.0],[214.0],[241.0],[367.0],[188.0],[481.0],[405.0]
423,[43.0],[113.0],[489.0],[106.0],[301.0],[397.0],[101.0],[255.0],[61.0],[310.0],[414.0],[101.0],[199.0],[414.0],[255.0],[52.0],[310.0],[225.0],[301.0],[407.0],[334.0],[421.0],[270.0],[441.0],[292.0]
424,[377.0],[270.0],[427.0],[134.0],[66.0],[272.0],[304.0],[113.0],[249.0],[479.0],[434.0],[445.0],[1.0],[411.0],[9.0],[489.0],[292.0],[295.0],[270.0],[481.0],[326.0],[42.0],[395.0],[155.0],[191.0]
425,[270.0],[196.0],[115.0],[425.0],[52.0],[197.0],[495.0],[163.0],[489.0],[284.0],[270.0],[249.0],[297.0],[47.0],[265.0],[158.0],[301.0],[74.0],[199.0],[14.0],[104.0],[400.0],[331.0],[21.0],[270.0]
426,[370.0],[40.0],[90.0],[101.0],[67.0],[479.0],[281.0],[101.0],[475.0],[434.0],[466.0],[270.0],[225.0],[391.0],[354.0],[340.0],[206.0],[381.0],[326.0],[489.0],[225.0],[252.0],[391.0],[101.0],[74.0]
427,[101.0],[217.0],[17.0],[427.0],[14.0],[414.0],[70.0],[434.0],[421.0],[21.0],[74.0],[297.0],[447.0],[173.0],[270.0],[213.0],[281.0],[421.0],[471.0],[199.0],[79.0],[255.0],[467.0],[388.0],[37.0]
428,[196.0],[339.0],[70.0],[434.0],[281.0],[278.0],[395.0],[208.0],[378.0],[104.0],[76.0],[370.0],[406.0],[479.0],[199.0],[411.0],[284.0],[302.0],[267.0],[191.0],[457.0],[297.0],[381.0],[144.0],[96.0]
429,[40.0],[406.0],[387.0],[445.0],[249.0],[15.0],[331.0],[302.0],[389.0],[453.0],[295.0],[285.0],[43.0],[160.0],[466.0],[407.0],[434.0],[9.0],[296.0],[167.0],[180.0],[366.0],[406.0],[370.0],[10.0]
430,[126.0],[43.0],[178.0],[304.0],[488.0],[396.0],[367.0],[367.0],[241.0],[395.0],[272.0],[265.0],[35.0],[366.0],[429.0],[441.0],[217.0],[85.0],[415.0],[389.0],[366.0],[106.0],[425.0],[489.0],[481.0]
431,[115.0],[75.0],[334.0],[391.0],[495.0],[342.0],[17.0],[75.0],[297.0],[227.0],[126.0],[367.0],[101.0],[37.0],[10.0],[188.0],[445.0],[481.0],[126.0],[112.0],[42.0],[178.0],[76.0],[115.0],[203.0]
432,[37.0],[200.0],[272.0],[227.0],[270.0],[178.0],[155.0],[200.0],[213.0],[75.0],[188.0],[475.0],[76.0],[301.0],[74.0],[179.0],[334.0],[255.0],[34.0],[241.0],[400.0],[295.0],[43.0],[52.0],[434.0]
433,[495.0],[17.0],[131.0],[270.0],[406.0],[467.0],[430.0],[411.0],[206.0],[200.0],[213.0],[421.0],[61.0],[373.0],[14.0],[479.0],[120.0],[475.0],[396.0],[434.0],[251.0],[34.0],[441.0],[34.0],[34.0]
434,[180.0],[1.0],[197.0],[471.0],[260.0],[302.0],[173.0],[1.0],[188.0],[17.0],[90.0],[179.0],[416.0],[272.0],[296.0],[297.0],[425.0],[34.0],[155.0],[479.0],[396.0],[61.0],[495.0],[106.0],[377.0]
435,[79.0],[295.0],[67.0],[40.0],[144.0],[74.0],[75.0],[354.0],[414.0],[120.0],[470.0],[377.0],[367.0],[265.0],[21.0],[227.0],[48.0],[241.0],[370.0],[55.0],[203.0],[381.0],[471.0],[445.0],[40.0]
436,[457.0],[255.0],[270.0],[115.0],[302.0],[401.0],[200.0],[214.0],[270.0],[61.0],[387.0],[10.0],[369.0],[445.0],[115.0],[285.0],[61.0],[310.0],[52.0],[257.0],[340.0],[445.0],[304.0],[373.0],[367.0]
437,[60.0],[377.0],[434.0],[370.0],[1.0],[445.0],[406.0],[38.0],[498.0],[391.0],[334.0],[432.0],[75.0],[406.0],[79.0],[74.0],[197.0],[453.0],[70.0],[453.0],[479.0],[284.0],[355.0],[208.0],[414.0]
438,[347.0],[342.0],[61.0],[334.0],[295.0],[432.0],[43.0],[203.0],[432.0],[115.0],[278.0],[366.0],[200.0],[17.0],[457.0],[14.0],[381.0],[126.0],[467.0],[395.0],[377.0],[113.0],[434.0],[188.0],[267.0]
439,[340.0],[76.0],[75.0],[34.0],[17.0],[421.0],[199.0],[115.0],[406.0],[367.0],[340.0],[296.0],[467.0],[75.0],[180.0],[471.0],[421.0],[378.0],[272.0],[391.0],[414.0],[434.0],[489.0],[387.0],[155.0]
440,[267.0],[226.0],[200.0],[381.0],[334.0],[498.0],[93.0],[304.0],[295.0],[340.0],[248.0],[414.0],[304.0],[200.0],[479.0],[495.0],[466.0],[61.0],[447.0],[471.0],[255.0],[370.0],[378.0],[206.0],[61.0]
441,[155.0],[304.0],[120.0],[367.0],[102.0],[367.0],[241.0],[479.0],[367.0],[255.0],[354.0],[406.0],[292.0],[1.0],[396.0],[265.0],[378.0],[270.0],[495.0],[47.0],[347.0],[369.0],[199.0],[377.0],[214.0]
442,[297.0],[411.0],[47.0],[373.0],[475.0],[144.0],[55.0],[334.0],[120.0],[208.0],[115.0],[106.0],[425.0],[466.0],[381.0],[55.0],[272.0],[326.0],[94.0],[144.0],[267.0],[270.0],[414.0],[414.0],[255.0]
443,[14.0],[104.0],[260.0],[378.0],[378.0],[244.0],[126.0],[43.0],[413.0],[265.0],[370.0],[43.0],[241.0],[70.0],[267.0],[255.0],[214.0],[176.0],[302.0],[474.0],[155.0],[377.0],[377.0],[461.0],[272.0]
444,[74.0],[61.0],[406.0],[414.0],[120.0],[354.0],[342.0],[155.0],[296.0],[381.0],[226.0],[199.0],[104.0],[43.0],[272.0],[104.0],[411.0],[498.0],[104.0],[178.0],[296.0],[495.0],[10.0],[411.0],[90.0]
445,[255.0],[302.0],[302.0],[61.0],[43.0],[102.0],[302.0],[21.0],[131.0],[495.0],[227.0],[267.0],[131.0],[462.0],[155.0],[354.0],[203.0],[104.0],[297.0],[52.0],[25.0],[267.0],[445.0],[272.0],[144.0]
446,[208.0],[14.0],[395.0],[354.0],[447.0],[101.0],[144.0],[104.0],[354.0],[270.0],[406.0],[55.0],[270.0],[213.0],[495.0],[231.0],[453.0],[367.0],[389.0],[126.0],[160.0],[296.0],[197.0],[167.0],[447.0]
447,[34.0],[370.0],[367.0],[267.0],[61.0],[115.0],[178.0],[421.0],[340.0],[462.0],[381.0],[340.0],[244.0],[302.0],[55.0],[191.0],[255.0],[213.0],[342.0],[25.0],[297.0],[60.0],[447.0],[14.0],[47.0]
448,[425.0],[387.0],[43.0],[297.0],[421.0],[495.0],[177.0],[310.0],[255.0],[406.0],[304.0],[304.0],[176.0],[270.0],[259.0],[160.0],[414.0],[131.0],[112.0],[445.0],[106.0],[272.0],[74.0],[10.0],[52.0]
449,[272.0],[90.0],[381.0],[155.0],[284.0],[284.0],[447.0],[76.0],[272.0],[43.0],[155.0],[495.0],[370.0],[196.0],[334.0],[244.0],[298.0],[395.0],[255.0],[61.0],[249.0],[347.0],[47.0],[147.0],[227.0]
450,[156.0],[414.0],[227.0],[296.0],[255.0],[113.0],[467.0],[188.0],[75.0],[101.0],[144.0],[272.0],[214.0],[40.0],[214.0],[270.0],[104.0],[112.0],[14.0],[272.0],[421.0],[155.0],[213.0],[203.0],[102.0]
451,[213.0],[386.0],[370.0],[249.0],[155.0],[104.0],[298.0],[395.0],[200.0],[155.0],[46.0],[411.0],[74.0],[434.0],[25.0],[272.0],[441.0],[495.0],[236.0],[411.0],[445.0],[302.0],[9.0],[259.0],[340.0]
452,[342.0],[155.0],[391.0],[104.0],[259.0],[370.0],[213.0],[445.0],[43.0],[425.0],[302.0],[130.0],[495.0],[381.0],[342.0],[445.0],[331.0],[355.0],[206.0],[342.0],[213.0],[104.0],[367.0],[302.0],[115.0]
453,[326.0],[25.0],[495.0],[284.0],[104.0],[213.0],[284.0],[14.0],[14.0],[298.0],[61.0],[447.0],[302.0],[378.0],[112.0],[386.0],[52.0],[188.0],[395.0],[15.0],[495.0],[340.0],[144.0],[255.0],[304.0]
454,[61.0],[102.0],[25.0],[388.0],[381.0],[304.0],[270.0],[342.0],[74.0],[15.0],[391.0],[48.0],[255.0],[259.0],[76.0],[370.0],[115.0],[167.0],[367.0],[447.0],[447.0],[115.0],[255.0],[334.0],[104.0]
455,[447.0],[298.0],[342.0],[387.0],[268.0],[206.0],[118.0],[447.0],[381.0],[259.0],[208.0],[378.0],[155.0],[15.0],[447.0],[214.0],[302.0],[25.0],[445.0],[37.0],[284.0],[14.0],[284.0],[304.0],[284.0]
456,[102.0],[131.0],[55.0],[156.0],[47.0],[475.0],[429.0],[47.0],[25.0],[293.0],[405.0],[434.0],[414.0],[429.0],[102.0],[115.0],[17.0],[46.0],[61.0],[259.0],[227.0],[457.0],[214.0],[453.0],[206.0]
457,[104.0],[284.0],[378.0],[421.0],[75.0],[378.0],[102.0],[61.0],[208.0],[377.0],[14.0],[405.0],[354.0],[255.0],[284.0],[474.0],[211.0],[156.0],[55.0],[268.0],[115.0],[79.0],[206.0],[293.0],[326.0]
458,[381.0],[208.0],[211.0],[453.0],[200.0],[48.0],[407.0],[298.0],[104.0],[34.0],[467.0],[51.0],[381.0],[377.0],[475.0],[434.0],[47.0],[342.0],[180.0],[102.0],[355.0],[180.0],[176.0],[104.0],[387.0]
459,[15.0],[447.0],[196.0],[25.0],[453.0],[447.0],[391.0],[227.0],[293.0],[387.0],[445.0],[259.0],[37.0],[421.0],[378.0],[206.0],[75.0],[354.0],[79.0],[211.0],[475.0],[386.0],[302.0],[61.0],[14.0]
460,[407.0],[203.0],[429.0],[241.0],[445.0],[395.0],[211.0],[211.0],[302.0],[302.0],[421.0],[70.0],[55.0],[367.0],[302.0],[421.0],[200.0],[391.0],[457.0],[208.0],[391.0],[479.0],[25.0],[447.0],[421.0]
461,[211.0],[367.0],[284.0],[255.0],[206.0],[14.0],[25.0],[156.0],[236.0],[102.0],[265.0],[474.0],[115.0],[475.0],[407.0],[61.0],[406.0],[115.0],[479.0],[196.0],[156.0],[48.0],[334.0],[367.0],[411.0]
462,[453.0],[445.0],[206.0],[447.0],[395.0],[55.0],[334.0],[475.0],[407.0],[447.0],[112.0],[227.0],[25.0],[413.0],[213.0],[377.0],[43.0],[447.0],[240.0],[76.0],[378.0],[304.0],[387.0],[25.0],[445.0]
463,[206.0],[421.0],[214.0],[407.0],[227.0],[214.0],[14.0],[413.0],[395.0],[407.0],[206.0],[102.0],[156.0],[104.0],[413.0],[447.0],[395.0],[298.0],[47.0],[227.0],[413.0],[475.0],[413.0],[378.0],[25.0]
464,[70.0],[475.0],[413.0],[342.0],[367.0],[267.0],[47.0],[378.0],[268.0],[378.0],[479.0],[196.0],[378.0],[208.0],[211.0],[25.0],[391.0],[284.0],[475.0],[104.0],[61.0],[378.0],[421.0],[240.0],[475.0]
465,[265.0],[378.0],[293.0],[406.0],[25.0],[155.0],[268.0],[55.0],[227.0],[247.0],[167.0],[284.0],[102.0],[240.0],[268.0],[302.0],[102.0],[407.0],[421.0],[367.0],[298.0],[211.0],[407.0],[421.0],[378.0]
466,[302.0],[407.0],[112.0],[102.0],[70.0],[227.0],[378.0],[391.0],[342.0],[211.0],[255.0],[206.0],[445.0],[61.0],[206.0],[284.0],[25.0],[206.0],[378.0],[421.0],[304.0],[206.0],[104.0],[475.0],[413.0]
467,[378.0],[206.0],[15.0],[302.0],[391.0],[413.0],[240.0],[102.0],[47.0],[38.0],[102.0],[104.0],[284.0],[284.0],[104.0],[387.0],[447.0],[304.0],[227.0],[378.0],[302.0],[176.0],[342.0],[227.0],[55.0]
468,[386.0],[211.0],[421.0],[475.0],[211.0],[240.0],[475.0],[293.0],[447.0],[25.0],[104.0],[407.0],[211.0],[206.0],[70.0],[211.0],[367.0],[429.0],[265.0],[156.0],[407.0],[55.0],[15.0],[196.0],[211.0]
469,[293.0],[293.0],[445.0],[70.0],[267.0],[391.0],[413.0],[284.0],[304.0],[156.0],[156.0],[387.0],[206.0],[407.0],[240.0],[70.0],[227.0],[227.0],[413.0],[265.0],[206.0],[102.0],[102.0],[38.0],[407.0]
470,[475.0],[115.0],[475.0],[211.0],[407.0],[326.0],[227.0],[407.0],[267.0],[445.0],[429.0],[61.0],[475.0],[293.0],[391.0],[367.0],[475.0],[240.0],[15.0],[387.0],[211.0],[354.0],[55.0],[102.0],[265.0]
471,[421.0],[268.0],[240.0],[413.0],[196.0],[381.0],[104.0],[196.0],[211.0],[475.0],[240.0],[211.0],[413.0],[25.0],[293.0],[156.0],[413.0],[334.0],[102.0],[206.0],[102.0],[413.0],[70.0],[211.0],[196.0]
472,[25.0],[429.0],[102.0],[196.0],[156.0],[293.0],[15.0],[25.0],[391.0],[196.0],[25.0],[413.0],[240.0],[211.0],[227.0],[293.0],[293.0],[102.0],[156.0],[475.0],[268.0],[240.0],[211.0],[47.0],[156.0]
473,[413.0],[227.0],[156.0],[293.0],[240.0],[211.0],[196.0],[206.0],[240.0],[421.0],[475.0],[302.0],[293.0],[214.0],[15.0],[102.0],[240.0],[211.0],[293.0],[293.0],[293.0],[156.0],[156.0],[55.0],[293.0]
474,[55.0],[240.0],[268.0],[268.0],[293.0],[407.0],[293.0],[240.0],[70.0],[47.0],[293.0],[293.0],[196.0],[156.0],[196.0],[381.0],[268.0],[293.0],[268.0],[70.0],[240.0],[227.0],[326.0],[70.0],[429.0]
