Simulation,iGS,WiGS (Static w_x=0.25),Passive Learning,"WiGS (MAB-UCB1, c=5.0)",EMCM,WiGS (Static w_x=0.75),WiGS (SAC),Uncertainty Sampling,WiGS (Static w_x=0.5),"WiGS (Time-Decay, Exponential)",EGAL,QBC,GSy,GSx,"WiGS (MAB-UCB1, c=0.5)","WiGS (MAB-UCB1, c=2.0)","WiGS (Time-Decay, Linear)"
0,1.22505784034729,1.2185871601104736,1.1477012634277344,1.2214515209197998,1.182882308959961,1.2175626754760742,2.674741744995117,1.210099220275879,1.2144780158996582,1.2217040061950684,1.215453863143921,1.8051812648773193,1.2181034088134766,1.1800041198730469,1.2174649238586426,1.2238523960113525,1.219081163406372
1,1.2208771705627441,1.2152349948883057,1.1447415351867676,1.217846393585205,1.178523063659668,1.2161345481872559,2.733977794647217,1.2050693035125732,1.2125208377838135,1.2166588306427002,1.213923692703247,1.8013803958892822,1.2165477275848389,1.1778953075408936,1.2124063968658447,1.217893123626709,1.2150018215179443
2,1.2101283073425293,1.2552807331085205,1.1483118534088135,1.241955041885376,1.197084665298462,1.207446575164795,2.259563446044922,1.2020161151885986,1.223851203918457,1.2189152240753174,1.2209992408752441,1.8099660873413086,1.213196039199829,1.1831176280975342,1.2276239395141602,1.2201244831085205,1.217616081237793
3,1.2494349479675293,1.2263500690460205,1.1893682479858398,1.2503163814544678,1.225081443786621,1.234323501586914,2.423068046569824,1.230736494064331,1.2200233936309814,1.2581331729888916,1.2853343486785889,1.854081392288208,1.24696683883667,1.208916187286377,1.2676386833190918,1.2601819038391113,1.2355561256408691
4,1.1997451782226562,1.188305139541626,1.1331400871276855,1.1901116371154785,1.1494195461273193,1.1891510486602783,2.9709954261779785,1.2237780094146729,1.1932470798492432,1.193242073059082,1.1986632347106934,1.7575559616088867,1.2030997276306152,1.157942771911621,1.1922075748443604,1.1917200088500977,1.1956307888031006
5,1.22406005859375,1.2285149097442627,1.1931707859039307,1.2796311378479004,1.181098461151123,1.230186939239502,2.440669298171997,1.2095012664794922,1.2280011177062988,1.2493517398834229,1.2192916870117188,1.8340039253234863,1.2229726314544678,1.185802936553955,1.2773675918579102,1.261915922164917,1.2181062698364258
6,1.2147753238677979,1.1914923191070557,1.1401174068450928,1.2088203430175781,1.1649854183197021,1.184664011001587,2.2054920196533203,1.2127699851989746,1.1871216297149658,1.1895453929901123,1.2214398384094238,1.8071424961090088,1.2071599960327148,1.1705548763275146,1.2003834247589111,1.205960988998413,1.1845154762268066
7,1.2146241664886475,1.245495080947876,1.155750036239624,1.215911626815796,1.1986708641052246,1.245295763015747,2.2065837383270264,1.2130639553070068,1.2448337078094482,1.236832857131958,1.2311286926269531,1.8081133365631104,1.2067384719848633,1.1774661540985107,1.2353169918060303,1.224726915359497,1.2405204772949219
8,1.2143280506134033,1.2146062850952148,1.1622257232666016,1.2422699928283691,1.1658165454864502,1.216033935546875,2.2478768825531006,1.201289176940918,1.2153346538543701,1.2141740322113037,1.2045581340789795,1.8045470714569092,1.204469919204712,1.171102523803711,1.2370963096618652,1.2212560176849365,1.211958885192871
9,1.2218220233917236,1.2544209957122803,1.1783549785614014,1.2424299716949463,1.204401969909668,1.22184157371521,2.3553736209869385,1.2092905044555664,1.2339246273040771,1.25368332862854,1.222219467163086,1.8016529083251953,1.2198326587677002,1.2513277530670166,1.2494690418243408,1.2275888919830322,1.2352023124694824
10,1.2045907974243164,1.2026934623718262,1.1627490520477295,1.2293310165405273,1.1569607257843018,1.2083070278167725,2.2530934810638428,1.1922693252563477,1.2081103324890137,1.2049293518066406,1.2052066326141357,1.790731430053711,1.2017803192138672,1.1701276302337646,1.224231481552124,1.213355541229248,1.2056541442871094
11,1.2210183143615723,1.223067283630371,1.1845622062683105,1.2720811367034912,1.1773865222930908,1.225386381149292,2.431428909301758,1.2032074928283691,1.2220454216003418,1.241847038269043,1.2085838317871094,1.8206884860992432,1.2202019691467285,1.1789917945861816,1.2648608684539795,1.2538623809814453,1.21376371383667
12,1.2155671119689941,1.213165044784546,1.1709227561950684,1.2270917892456055,1.1751630306243896,1.2232890129089355,2.294037103652954,1.2065191268920898,1.2195799350738525,1.2196733951568604,1.2074098587036133,1.8296966552734375,1.2219843864440918,1.1973352432250977,1.2208104133605957,1.2364275455474854,1.2199509143829346
13,1.2067103385925293,1.2064530849456787,1.1334428787231445,1.206336259841919,1.166628360748291,1.2086260318756104,2.8864924907684326,1.199082374572754,1.2044954299926758,1.2066006660461426,1.2000117301940918,1.778414249420166,1.2010385990142822,1.1666529178619385,1.2067797183990479,1.2097771167755127,1.205845594406128
14,1.2523279190063477,1.2709436416625977,1.1756317615509033,1.2674953937530518,1.2341628074645996,1.21659517288208,2.3184351921081543,1.2418849468231201,1.2219111919403076,1.243605375289917,1.2416775226593018,1.8652639389038086,1.2487895488739014,1.2179975509643555,1.2615506649017334,1.2541625499725342,1.2314319610595703
15,1.213965654373169,1.2061538696289062,1.1705207824707031,1.2163500785827637,1.1706149578094482,1.2148182392120361,2.1245484352111816,1.2643322944641113,1.2125236988067627,1.2152020931243896,1.2038698196411133,1.7944912910461426,1.209688425064087,1.1767652034759521,1.2145462036132812,1.215935468673706,1.212791919708252
16,1.1982355117797852,1.1977360248565674,1.1597950458526611,1.2015140056610107,1.1519207954406738,1.1964335441589355,2.116547107696533,1.311720371246338,1.1975972652435303,1.1987895965576172,1.1865026950836182,1.766265869140625,1.1925067901611328,1.159557580947876,1.2031090259552002,1.1977899074554443,1.1957876682281494
17,1.1989948749542236,1.19240403175354,1.1870121955871582,1.207054853439331,1.1566071510314941,1.197309970855713,7.759557723999023,1.204514980316162,1.191253900527954,1.1942412853240967,1.1952199935913086,1.8119065761566162,1.1991844177246094,1.155775547027588,1.1951634883880615,1.198331594467163,1.1964623928070068
18,1.2151474952697754,1.2045783996582031,1.1405932903289795,1.2083628177642822,1.1629977226257324,1.225909948348999,2.8037006855010986,1.205864667892456,1.2083523273468018,1.2034070491790771,1.2000057697296143,1.786388635635376,1.203993797302246,1.1635332107543945,1.2101953029632568,1.215867519378662,1.205223560333252
19,1.2205474376678467,1.252941608428955,1.1697332859039307,1.2244083881378174,1.211240530014038,1.2780990600585938,2.194223403930664,1.2338290214538574,1.262336015701294,1.2508783340454102,1.2536296844482422,1.8491668701171875,1.2225263118743896,1.1953377723693848,1.2448768615722656,1.2375271320343018,1.2535645961761475
20,1.2288477420806885,1.2449254989624023,1.1436426639556885,1.2108514308929443,1.1892402172088623,1.2536969184875488,2.1887214183807373,1.2322735786437988,1.2561583518981934,1.2598974704742432,1.2288751602172852,1.788421392440796,1.2178499698638916,1.1732709407806396,1.2395901679992676,1.211545467376709,1.2440540790557861
21,1.245285987854004,1.2896904945373535,1.186600685119629,1.242779016494751,1.2431328296661377,1.284458875656128,2.2484288215637207,1.252518892288208,1.2614200115203857,1.2671623229980469,1.2702445983886719,1.8622896671295166,1.23419189453125,1.2048730850219727,1.2677361965179443,1.2529709339141846,1.2816534042358398
22,1.220252513885498,1.2632558345794678,1.1546497344970703,1.2495412826538086,1.2013065814971924,1.2076892852783203,2.325216054916382,1.2159109115600586,1.219921350479126,1.2233762741088867,1.2265074253082275,1.814030647277832,1.2243411540985107,1.1880645751953125,1.2461249828338623,1.2315607070922852,1.2070038318634033
23,1.22743821144104,1.2626864910125732,1.165546178817749,1.2472753524780273,1.2103309631347656,1.2242913246154785,2.2874526977539062,1.2174134254455566,1.2319622039794922,1.229804277420044,1.2202799320220947,1.8321442604064941,1.2290022373199463,1.198258876800537,1.2461121082305908,1.237166166305542,1.2259588241577148
24,1.2034797668457031,1.1933543682098389,1.1282742023468018,1.1975772380828857,1.1570677757263184,1.216299057006836,2.9705746173858643,1.1911687850952148,1.1998825073242188,1.1946394443511963,1.1918649673461914,1.776573657989502,1.1919784545898438,1.1588563919067383,1.1913142204284668,1.1976945400238037,1.1928002834320068
25,1.2113902568817139,1.2131099700927734,1.165503740310669,1.240469217300415,1.1685380935668945,1.217400074005127,2.245906352996826,1.197345495223999,1.220762014389038,1.2093009948730469,1.2027790546417236,1.8011655807495117,1.208442211151123,1.175436019897461,1.2354333400726318,1.2181928157806396,1.2126860618591309
26,1.2061705589294434,1.1977753639221191,1.1322474479675293,1.197983741760254,1.1613848209381104,1.2118074893951416,2.9226632118225098,1.19338059425354,1.2028534412384033,1.1999280452728271,1.1954119205474854,1.7755584716796875,1.2004988193511963,1.165177822113037,1.197591781616211,1.2004077434539795,1.1954336166381836
27,1.2171814441680908,1.2092461585998535,1.1291413307189941,1.198204517364502,1.1724109649658203,1.2004704475402832,2.182227849960327,1.2038085460662842,1.2091898918151855,1.192143201828003,1.2111914157867432,1.7954630851745605,1.2079274654388428,1.1629652976989746,1.195462942123413,1.196117877960205,1.1938798427581787
28,1.2051794528961182,1.202495813369751,1.1520590782165527,1.2286860942840576,1.1543188095092773,1.2015087604522705,2.249354124069214,1.1921069622039795,1.2048256397247314,1.1994876861572266,1.197962999343872,1.7772448062896729,1.2053260803222656,1.166917085647583,1.222001075744629,1.206632375717163,1.1987810134887695
29,1.2358229160308838,1.2479403018951416,1.151271104812622,1.2113864421844482,1.1885478496551514,1.255005121231079,2.1844723224639893,1.2362806797027588,1.2526397705078125,1.2622604370117188,1.235196828842163,1.7904603481292725,1.2230381965637207,1.181525468826294,1.237605333328247,1.2158012390136719,1.2480299472808838
30,1.2278974056243896,1.2318034172058105,1.1818249225616455,1.2813477516174316,1.192098617553711,1.2167701721191406,2.361967086791992,1.23795485496521,1.2227818965911865,1.2256898880004883,1.2312026023864746,1.8290743827819824,1.2274246215820312,1.196960687637329,1.2543001174926758,1.257997989654541,1.2097389698028564
31,1.2354121208190918,1.211291790008545,1.1614165306091309,1.2334697246551514,1.172673225402832,1.2163071632385254,2.205068826675415,1.2157230377197266,1.211136817932129,1.225919246673584,1.2192819118499756,1.8239681720733643,1.2337558269500732,1.1959373950958252,1.2343003749847412,1.23154878616333,1.219236135482788
32,1.211639642715454,1.211296796798706,1.1409621238708496,1.210402011871338,1.1732816696166992,1.2160265445709229,2.831174612045288,1.1974363327026367,1.2094154357910156,1.214005947113037,1.2052550315856934,1.7918457984924316,1.2052748203277588,1.1697325706481934,1.208885908126831,1.2143104076385498,1.2116429805755615
33,1.2082500457763672,1.2006850242614746,1.1603705883026123,1.2074296474456787,1.1637952327728271,1.2032034397125244,2.4903082847595215,1.256835699081421,1.202505111694336,1.2048544883728027,1.2024569511413574,1.7802419662475586,1.2214429378509521,1.1677141189575195,1.2106797695159912,1.2048449516296387,1.2005276679992676
34,1.2304694652557373,1.2174444198608398,1.1660106182098389,1.2300992012023926,1.1829462051391602,1.2210447788238525,2.5451698303222656,1.2372808456420898,1.2216129302978516,1.225156545639038,1.2217285633087158,1.8099961280822754,1.2342150211334229,1.1901578903198242,1.2227287292480469,1.2219340801239014,1.2271008491516113
35,1.253633975982666,1.256079912185669,1.1782476902008057,1.2518460750579834,1.2114739418029785,1.2534189224243164,2.458787202835083,1.2422587871551514,1.249863862991333,1.269615888595581,1.2526986598968506,1.858017921447754,1.2499120235443115,1.2133729457855225,1.2713968753814697,1.253483533859253,1.2707574367523193
36,1.2219815254211426,1.2160365581512451,1.1452171802520752,1.2144815921783447,1.173954725265503,1.2151048183441162,2.7457737922668457,1.202430009841919,1.2152233123779297,1.2147605419158936,1.2086982727050781,1.7977311611175537,1.2144315242767334,1.1755473613739014,1.2151355743408203,1.2185096740722656,1.2114388942718506
37,1.2935733795166016,1.270190715789795,1.2023234367370605,1.292130708694458,1.2343714237213135,1.2630834579467773,2.413710117340088,1.2839386463165283,1.2710158824920654,1.2722821235656738,1.2679824829101562,1.8904595375061035,1.2883780002593994,1.23099684715271,1.2773313522338867,1.2817134857177734,1.2649388313293457
38,1.2262415885925293,1.257129430770874,1.1645781993865967,1.2224934101104736,1.210505723953247,1.2577388286590576,2.1954116821289062,1.2239515781402588,1.2550551891326904,1.2457587718963623,1.243814468383789,1.8226654529571533,1.2164604663848877,1.1848697662353516,1.2397394180297852,1.2303595542907715,1.2461931705474854
39,1.236881971359253,1.2202672958374023,1.168881893157959,1.2238798141479492,1.2140562534332275,1.2182884216308594,2.371339797973633,1.2180659770965576,1.2136178016662598,1.244255542755127,1.2580993175506592,1.8256335258483887,1.2300865650177002,1.1925487518310547,1.2471613883972168,1.2465710639953613,1.2244184017181396
40,1.2177209854125977,1.2071330547332764,1.1484096050262451,1.2080750465393066,1.166494607925415,1.2101612091064453,2.751829147338867,1.2209575176239014,1.2063417434692383,1.2118682861328125,1.2135207653045654,1.7816648483276367,1.219533920288086,1.1733551025390625,1.2089877128601074,1.2059836387634277,1.2087900638580322
41,1.214134931564331,1.2556955814361572,1.1447315216064453,1.2452917098999023,1.1917986869812012,1.215099573135376,2.254429817199707,1.1991968154907227,1.2209680080413818,1.2186672687530518,1.2282629013061523,1.7967150211334229,1.2149548530578613,1.1797053813934326,1.2321221828460693,1.2289009094238281,1.2112314701080322
42,1.2265172004699707,1.239457130432129,1.1469433307647705,1.209876298904419,1.1912095546722412,1.2484195232391357,2.1934521198272705,1.2223148345947266,1.2525665760040283,1.2569282054901123,1.2275338172912598,1.7877423763275146,1.214942455291748,1.1767163276672363,1.2407639026641846,1.2108268737792969,1.242196798324585
43,1.2417972087860107,1.2617120742797852,1.185281753540039,1.241699457168579,1.207413911819458,1.2556514739990234,2.205156087875366,1.2227885723114014,1.265989065170288,1.2582502365112305,1.2332794666290283,1.8181538581848145,1.2457380294799805,1.2171103954315186,1.2531909942626953,1.2497143745422363,1.264404535293579
44,1.2488133907318115,1.2544469833374023,1.1640536785125732,1.2338366508483887,1.190068244934082,1.2724652290344238,2.270726442337036,1.2427067756652832,1.2666876316070557,1.2827026844024658,1.2394118309020996,1.8041071891784668,1.2373411655426025,1.196652889251709,1.25374174118042,1.2380993366241455,1.2655158042907715
45,1.2053947448730469,1.2023208141326904,1.138481855392456,1.205091953277588,1.1662678718566895,1.2044312953948975,2.8915224075317383,1.2018370628356934,1.2003769874572754,1.2030324935913086,1.203902006149292,1.7771594524383545,1.2022857666015625,1.1657607555389404,1.2068424224853516,1.2090551853179932,1.2018992900848389
46,1.2645618915557861,1.279942274093628,1.1994578838348389,1.2757112979888916,1.2270307540893555,1.383638620376587,2.2480952739715576,1.3131701946258545,1.3641879558563232,1.3125855922698975,1.2550151348114014,1.8578250408172607,1.2682764530181885,1.2203943729400635,1.2811236381530762,1.2635939121246338,1.332913875579834
47,1.2065181732177734,1.2066669464111328,1.139486312866211,1.2300100326538086,1.1676228046417236,1.2085764408111572,2.8155312538146973,1.1960842609405518,1.2102227210998535,1.2029800415039062,1.2095873355865479,1.7818717956542969,1.2038679122924805,1.1601331233978271,1.1989281177520752,1.2118351459503174,1.2034449577331543
48,1.2187175750732422,1.251521348953247,1.1642816066741943,1.2178947925567627,1.2041466236114502,1.277097225189209,2.198178768157959,1.2296268939971924,1.2596843242645264,1.2470221519470215,1.2503564357757568,1.840975046157837,1.2160508632659912,1.1885795593261719,1.2419567108154297,1.2321138381958008,1.2528085708618164
49,1.2646610736846924,1.2575178146362305,1.176259994506836,1.2934651374816895,1.215590476989746,1.2428958415985107,2.345339059829712,1.2459239959716797,1.249406099319458,1.2812016010284424,1.2484118938446045,1.8453121185302734,1.2531023025512695,1.2298908233642578,1.2731761932373047,1.3002841472625732,1.279444694519043
50,1.214033842086792,1.1988794803619385,1.1519362926483154,1.2074408531188965,1.1625697612762451,1.2076873779296875,2.789051055908203,1.2171196937561035,1.2057178020477295,1.2091894149780273,1.2075254917144775,1.7785797119140625,1.214930534362793,1.1719739437103271,1.202134609222412,1.2063512802124023,1.2063779830932617
51,1.2565727233886719,1.2584495544433594,1.1634345054626465,1.2381072044372559,1.193162441253662,1.2734923362731934,2.2493176460266113,1.2450997829437256,1.2720425128936768,1.2890491485595703,1.2432568073272705,1.8083972930908203,1.2460219860076904,1.2004632949829102,1.2596814632415771,1.2472331523895264,1.2735412120819092
52,1.2078990936279297,1.2132601737976074,1.1560633182525635,1.2440664768218994,1.1632201671600342,1.2128996849060059,2.264922618865967,1.196664810180664,1.2192137241363525,1.2093279361724854,1.196101188659668,1.807664155960083,1.2002878189086914,1.168569564819336,1.235288381576538,1.2165412902832031,1.2091436386108398
53,1.2037253379821777,1.249419927597046,1.1425034999847412,1.2350356578826904,1.1860332489013672,1.2084689140319824,2.2379579544067383,1.1931793689727783,1.2156429290771484,1.2114274501800537,1.2059962749481201,1.7894601821899414,1.2044446468353271,1.1743502616882324,1.221208095550537,1.2170836925506592,1.202765941619873
54,1.2205650806427002,1.219942569732666,1.1705341339111328,1.2647345066070557,1.1737525463104248,1.2225368022918701,2.2783374786376953,1.2065751552581787,1.2272052764892578,1.2217223644256592,1.207383632659912,1.8224291801452637,1.219236135482788,1.1856975555419922,1.2451832294464111,1.231043815612793,1.2241125106811523
55,1.2193477153778076,1.2147643566131592,1.1474008560180664,1.222550868988037,1.1951875686645508,1.2208118438720703,2.249799966812134,1.2156295776367188,1.2199831008911133,1.231438159942627,1.2557988166809082,1.8134286403656006,1.2130441665649414,1.1703248023986816,1.243105173110962,1.231757402420044,1.215073823928833
56,1.250946283340454,1.2545583248138428,1.1614222526550293,1.2392497062683105,1.189861536026001,1.2794015407562256,2.2626423835754395,1.2429225444793701,1.267324686050415,1.286055326461792,1.2632248401641846,1.8104009628295898,1.2374725341796875,1.205207109451294,1.252634048461914,1.2479486465454102,1.268357276916504
57,1.1994054317474365,1.2473161220550537,1.1431496143341064,1.2344317436218262,1.17885160446167,1.202549695968628,2.2200682163238525,1.190326452255249,1.2185966968536377,1.2079434394836426,1.212332010269165,1.7869634628295898,1.1988754272460938,1.1667969226837158,1.2166023254394531,1.2115721702575684,1.2014801502227783
58,1.245089054107666,1.284153938293457,1.1711716651916504,1.2611126899719238,1.239100456237793,1.2241711616516113,2.3338284492492676,1.2380316257476807,1.236687421798706,1.2545602321624756,1.24749755859375,1.8858675956726074,1.2417011260986328,1.212165117263794,1.2767877578735352,1.2666852474212646,1.2410809993743896
59,1.215745449066162,1.225480318069458,1.1677720546722412,1.2726531028747559,1.185948371887207,1.2121596336364746,2.3726518154144287,1.2108213901519775,1.2144522666931152,1.2136168479919434,1.2188711166381836,1.8285365104675293,1.2162673473358154,1.1888446807861328,1.231435775756836,1.241077184677124,1.203317642211914
60,1.2211670875549316,1.199450969696045,1.1449220180511475,1.2160003185272217,1.169785737991333,1.1941542625427246,2.19457745552063,1.220799446105957,1.196744680404663,1.2008495330810547,1.2270081043243408,1.8090322017669678,1.2191381454467773,1.1781222820281982,1.2133066654205322,1.2180826663970947,1.195375919342041
61,1.2185842990875244,1.2059776782989502,1.1458938121795654,1.2112455368041992,1.1749188899993896,1.2095232009887695,2.7763373851776123,1.2041075229644775,1.2078866958618164,1.208808422088623,1.2123050689697266,1.7846617698669434,1.212472915649414,1.1699187755584717,1.2053453922271729,1.2089455127716064,1.2070386409759521
62,1.2406179904937744,1.2740850448608398,1.1693415641784668,1.2687559127807617,1.2178022861480713,1.217930555343628,2.325148105621338,1.23514723777771,1.2377979755401611,1.2379848957061768,1.2637786865234375,1.8403735160827637,1.2446494102478027,1.2029306888580322,1.258702039718628,1.2501864433288574,1.2247645854949951
63,1.2070460319519043,1.195923089981079,1.1329200267791748,1.2037110328674316,1.1634480953216553,1.205289602279663,2.901109457015991,1.1945064067840576,1.196603536605835,1.203634262084961,1.1945757865905762,1.796269178390503,1.2129974365234375,1.165285348892212,1.2034721374511719,1.2066740989685059,1.2000107765197754
64,1.220524549484253,1.212871789932251,1.1451926231384277,1.2129740715026855,1.1774697303771973,1.2128345966339111,2.7691619396209717,1.2046465873718262,1.209777593612671,1.2139055728912354,1.2113232612609863,1.7975575923919678,1.2139406204223633,1.1737263202667236,1.209611177444458,1.2130873203277588,1.2105250358581543
65,1.2103517055511475,1.1927154064178467,1.1390347480773926,1.2111132144927979,1.1555380821228027,1.192558765411377,2.194749593734741,1.1907455921173096,1.193922758102417,1.2022364139556885,1.1983225345611572,1.786250114440918,1.2089695930480957,1.1715474128723145,1.2113966941833496,1.2106831073760986,1.197392225265503
66,1.2082290649414062,1.207763910293579,1.1347529888153076,1.2043185234069824,1.1635022163391113,1.210801362991333,2.799502372741699,1.2021119594573975,1.2092154026031494,1.2094097137451172,1.215484857559204,1.786008596420288,1.2005634307861328,1.1562185287475586,1.2189466953277588,1.2255218029022217,1.2115819454193115
67,1.2421071529388428,1.3337979316711426,1.1611857414245605,1.263336181640625,1.2730209827423096,1.3142402172088623,2.24712872505188,1.2611191272735596,1.3355481624603271,1.3105130195617676,1.2996001243591309,1.7845118045806885,1.2419888973236084,1.1956119537353516,1.3026235103607178,1.2746593952178955,1.3072516918182373
68,1.223768949508667,1.2195875644683838,1.1493656635284424,1.226550579071045,1.1843280792236328,1.2213122844696045,2.635361671447754,1.2118659019470215,1.2181808948516846,1.2247333526611328,1.2186393737792969,1.8043508529663086,1.2249243259429932,1.1843106746673584,1.222909927368164,1.2250473499298096,1.2211496829986572
69,1.2407958507537842,1.2882366180419922,1.1847646236419678,1.2321794033050537,1.236595630645752,1.2858436107635498,2.229159355163574,1.2474641799926758,1.2866334915161133,1.2700767517089844,1.2654633522033691,1.863314151763916,1.228285789489746,1.198948860168457,1.2611451148986816,1.2414188385009766,1.278381586074829
70,1.2230045795440674,1.2180311679840088,1.1723697185516357,1.2503905296325684,1.1727588176727295,1.2247962951660156,2.3284192085266113,1.2221074104309082,1.2401113510131836,1.2149145603179932,1.2186322212219238,1.8115315437316895,1.2144889831542969,1.1827526092529297,1.2407505512237549,1.2189838886260986,1.21144437789917
71,1.2259392738342285,1.2359647750854492,1.1464779376983643,1.216883897781372,1.1940348148345947,1.2482829093933105,2.1751532554626465,1.2300348281860352,1.261918067932129,1.261366605758667,1.237020492553711,1.7880945205688477,1.2147629261016846,1.1756892204284668,1.2557368278503418,1.2128033638000488,1.246539831161499
72,1.204451322555542,1.200263500213623,1.1288352012634277,1.2027482986450195,1.1625370979309082,1.2032384872436523,2.923238515853882,1.1921765804290771,1.196359634399414,1.2027299404144287,1.1934053897857666,1.7972943782806396,1.2111620903015137,1.1620697975158691,1.1986265182495117,1.2032439708709717,1.200465202331543
73,1.2482490539550781,1.2631714344024658,1.179065227508545,1.2576885223388672,1.2086498737335205,1.2774815559387207,2.2109382152557373,1.223020315170288,1.2765185832977295,1.28147554397583,1.2306113243103027,1.8179426193237305,1.2449195384979248,1.208522081375122,1.2761647701263428,1.2666065692901611,1.2769403457641602
74,1.2070260047912598,1.1966605186462402,1.140371561050415,1.200690746307373,1.1549549102783203,1.1985900402069092,2.8896379470825195,1.2133610248565674,1.1934864521026611,1.2000982761383057,1.2015702724456787,1.771543025970459,1.2115271091461182,1.165191650390625,1.201704502105713,1.1998867988586426,1.1996517181396484
75,1.2232394218444824,1.2574293613433838,1.157254695892334,1.2496006488800049,1.2088143825531006,1.206230878829956,2.297950267791748,1.2146356105804443,1.2217566967010498,1.2243781089782715,1.224254846572876,1.8159089088439941,1.2243645191192627,1.1950569152832031,1.2448759078979492,1.2374069690704346,1.2136986255645752
76,1.1969013214111328,1.1976892948150635,1.133131980895996,1.214632272720337,1.1569201946258545,1.2040374279022217,2.9208388328552246,1.1852595806121826,1.2018933296203613,1.197519063949585,1.1981284618377686,1.7753233909606934,1.1954724788665771,1.158167839050293,1.1992335319519043,1.2018804550170898,1.2008869647979736
77,1.2161264419555664,1.2164897918701172,1.180640697479248,1.2677512168884277,1.1669089794158936,1.2202305793762207,2.410576105117798,1.2018287181854248,1.2193403244018555,1.2384164333343506,1.200150728225708,1.8128864765167236,1.2101919651031494,1.17746901512146,1.2683284282684326,1.2488820552825928,1.2117128372192383
78,1.2292289733886719,1.2345211505889893,1.1801908016204834,1.2865641117095947,1.1936285495758057,1.2226135730743408,2.3882572650909424,1.2172045707702637,1.2267510890960693,1.2301695346832275,1.2281293869018555,1.8277549743652344,1.228808879852295,1.1979217529296875,1.2397918701171875,1.261094570159912,1.2163615226745605
79,1.2158112525939941,1.2494354248046875,1.1624915599822998,1.218440294265747,1.2062101364135742,1.2755632400512695,2.198949098587036,1.227828025817871,1.258103609085083,1.2498953342437744,1.248349905014038,1.8374748229980469,1.214601755142212,1.1872155666351318,1.243851661682129,1.2337896823883057,1.2517259120941162
80,1.236067771911621,1.2383286952972412,1.1818764209747314,1.28580904006958,1.1953203678131104,1.2219619750976562,2.3714354038238525,1.2296710014343262,1.2224297523498535,1.232213020324707,1.2382583618164062,1.849283218383789,1.2326436042785645,1.1997568607330322,1.2321138381958008,1.251030445098877,1.2134425640106201
81,1.2160921096801758,1.2175395488739014,1.147747278213501,1.232175350189209,1.1763973236083984,1.2233128547668457,2.6833252906799316,1.2042546272277832,1.2203254699707031,1.2114768028259277,1.2137446403503418,1.7943058013916016,1.2127201557159424,1.172192096710205,1.2073450088500977,1.221078872680664,1.2146873474121094
82,1.2388060092926025,1.247328519821167,1.1915555000305176,1.2917771339416504,1.2037973403930664,1.2303104400634766,2.355511426925659,1.233957052230835,1.2348968982696533,1.2407453060150146,1.2488319873809814,1.8624639511108398,1.2374978065490723,1.2051246166229248,1.2441422939300537,1.271200180053711,1.2217113971710205
83,1.2525482177734375,1.2659823894500732,1.1755282878875732,1.2365455627441406,1.197108268737793,1.2704668045043945,2.283806562423706,1.2494022846221924,1.2710931301116943,1.2883188724517822,1.2573800086975098,1.812375545501709,1.2481064796447754,1.2104177474975586,1.2661538124084473,1.2522087097167969,1.2669219970703125
84,1.254101276397705,1.2558834552764893,1.1750140190124512,1.251734972000122,1.2116985321044922,1.2534301280975342,2.4472568035125732,1.2422471046447754,1.2498323917388916,1.2669286727905273,1.2526838779449463,1.8670692443847656,1.2494926452636719,1.2165493965148926,1.2591850757598877,1.2536101341247559,1.2598309516906738
85,1.2041592597961426,1.1899046897888184,1.127532720565796,1.1952104568481445,1.154768705368042,1.19443678855896,3.0189967155456543,1.1839158535003662,1.1898012161254883,1.1928653717041016,1.1865136623382568,1.7679486274719238,1.1973247528076172,1.1603708267211914,1.1945302486419678,1.1990463733673096,1.1944096088409424
86,1.214845895767212,1.2579970359802246,1.1516938209533691,1.2440690994262695,1.1951861381530762,1.216045618057251,2.293280839920044,1.2045667171478271,1.2260253429412842,1.2160015106201172,1.2451670169830322,1.8197972774505615,1.2197132110595703,1.1850817203521729,1.2332372665405273,1.2216386795043945,1.218517541885376
87,1.2096984386444092,1.2490761280059814,1.147883653640747,1.2429606914520264,1.1925435066223145,1.206813097000122,2.2468719482421875,1.201829433441162,1.2163045406341553,1.2116925716400146,1.2203092575073242,1.811673879623413,1.2130484580993652,1.1829967498779297,1.2282741069793701,1.220327615737915,1.2104709148406982
88,1.2479453086853027,1.246356725692749,1.1863758563995361,1.3103423118591309,1.2023234367370605,1.2289040088653564,2.3647994995117188,1.2364182472229004,1.231492280960083,1.2436039447784424,1.2462427616119385,1.8792788982391357,1.2485487461090088,1.2103307247161865,1.2520315647125244,1.2792859077453613,1.2210197448730469
89,1.226768970489502,1.2326745986938477,1.153489112854004,1.2224705219268799,1.1751422882080078,1.254762887954712,2.1371383666992188,1.212371826171875,1.2267417907714844,1.2365589141845703,1.2096645832061768,1.7876505851745605,1.2159428596496582,1.1853935718536377,1.2203161716461182,1.225266933441162,1.2500998973846436
90,1.2510933876037598,1.2392973899841309,1.172421932220459,1.26185941696167,1.2093746662139893,1.277822732925415,2.291485548019409,1.2486989498138428,1.2661285400390625,1.2855381965637207,1.2546913623809814,1.8412656784057617,1.2539198398590088,1.2062692642211914,1.3008067607879639,1.2732815742492676,1.2838859558105469
91,1.2186155319213867,1.2199177742004395,1.1665000915527344,1.266326665878296,1.1745357513427734,1.2236690521240234,2.2781920433044434,1.2033839225769043,1.2284884452819824,1.2194228172302246,1.2055583000183105,1.8235023021697998,1.2167837619781494,1.1793501377105713,1.244840383529663,1.2330822944641113,1.2229130268096924
92,1.2221250534057617,1.2599916458129883,1.1737861633300781,1.231445550918579,1.2150790691375732,1.280144453048706,2.204989433288574,1.2397592067718506,1.267333984375,1.2535014152526855,1.2637975215911865,1.8638792037963867,1.2179551124572754,1.1903645992279053,1.2511672973632812,1.2442693710327148,1.2534828186035156
93,1.2315468788146973,1.2232306003570557,1.140526294708252,1.22513747215271,1.1870884895324707,1.2141849994659424,2.1945550441741943,1.2230885028839111,1.2211971282958984,1.2038240432739258,1.2277593612670898,1.819685697555542,1.2249565124511719,1.1786582469940186,1.2105376720428467,1.2132620811462402,1.2046546936035156
94,1.2236011028289795,1.2225120067596436,1.1272497177124023,1.1976635456085205,1.178647518157959,1.2066857814788818,2.0843496322631836,1.2097387313842773,1.2333729267120361,1.2045128345489502,1.219144344329834,1.766526222229004,1.2276570796966553,1.1717236042022705,1.198474645614624,1.1997485160827637,1.2036969661712646
95,1.1933512687683105,1.1889476776123047,1.1829860210418701,1.2049217224121094,1.1503393650054932,1.1915297508239746,7.78810715675354,1.2109227180480957,1.188873291015625,1.1904621124267578,1.1890132427215576,1.8213629722595215,1.1972873210906982,1.1564030647277832,1.196204423904419,1.1967809200286865,1.188297986984253
96,1.215878963470459,1.2143843173980713,1.1454169750213623,1.2133078575134277,1.1739649772644043,1.2144241333007812,2.6761481761932373,1.2127680778503418,1.2157275676727295,1.2183051109313965,1.2240831851959229,1.7927677631378174,1.2162234783172607,1.172792911529541,1.2300715446472168,1.2304530143737793,1.2181282043457031
97,1.241053819656372,1.2393839359283447,1.1300852298736572,1.2010581493377686,1.196579933166504,1.2235004901885986,2.1093196868896484,1.2267959117889404,1.2416975498199463,1.2052898406982422,1.234370231628418,1.7745239734649658,1.2481656074523926,1.1782557964324951,1.2036290168762207,1.2030956745147705,1.2101991176605225
98,1.226240634918213,1.242621898651123,1.1590142250061035,1.237501621246338,1.1964704990386963,1.2502000331878662,2.209052801132202,1.2111287117004395,1.2506506443023682,1.2565317153930664,1.2218246459960938,1.794896125793457,1.2294025421142578,1.19394850730896,1.250213384628296,1.2451467514038086,1.254389762878418
99,1.2322468757629395,1.2444326877593994,1.1421418190002441,1.2123465538024902,1.1872437000274658,1.25272798538208,2.186133623123169,1.2313427925109863,1.2533528804779053,1.2653839588165283,1.233140230178833,1.7919151782989502,1.2171931266784668,1.1703975200653076,1.2398505210876465,1.2146973609924316,1.249589204788208
