Simulation,Passive Learning,GSx,GSy,iGS,Uncertainty Sampling,EGAL,EMCM,WiGS (Static w_x=0.25),WiGS (Static w_x=0.5),WiGS (Static w_x=0.75),"WiGS (Time-Decay, Linear)","WiGS (Time-Decay, Exponential)","WiGS (MAB-UCB1, c=0.5)","WiGS (MAB-UCB1, c=2.0)","WiGS (MAB-UCB1, c=5.0)",WiGS (SAC),QBC
0,15.056263446807861,16.897897243499756,17.70521879196167,19.350369453430176,17.412505388259888,27.580048084259033,17.018383502960205,24.33279299736023,24.587108373641968,24.89706826210022,24.886128187179565,24.990965843200684,25.022449731826782,24.850063800811768,23.40950083732605,27.89266276359558,23.354294300079346
1,14.779968500137329,16.877790451049805,17.35012435913086,20.55880570411682,15.817795038223267,32.824512243270874,15.328554153442383,25.76404309272766,25.54595398902893,25.55516219139099,25.167881965637207,25.383641004562378,24.804749965667725,25.052653789520264,24.52767515182495,31.516592979431152,23.24206829071045
2,14.73243761062622,16.748457670211792,17.241759061813354,19.471088886260986,15.823347568511963,28.82356357574463,15.545954704284668,23.112170219421387,23.799197673797607,23.6593074798584,23.837891340255737,23.77028799057007,23.623591899871826,23.50344157218933,23.44381809234619,30.00732111930847,23.549565076828003
3,14.706782102584839,16.62174153327942,17.188762426376343,19.9981369972229,15.928483724594116,32.43521165847778,15.483089923858643,25.418458223342896,25.677741050720215,25.611875534057617,25.535078048706055,25.278059005737305,25.346429109573364,25.013086080551147,24.504383087158203,29.22641348838806,23.130899906158447
4,16.927836656570435,18.948249340057373,19.38729977607727,23.484864950180054,17.92484450340271,40.00896739959717,17.711116552352905,30.395527124404907,30.74495553970337,30.07826256752014,31.423998832702637,30.065938711166382,30.482045650482178,29.79242992401123,31.016916275024414,37.524327993392944,26.05981421470642
5,14.98832654953003,17.030250310897827,17.5421302318573,20.28359341621399,16.737845182418823,30.318367958068848,15.815235137939453,25.531097650527954,25.789385318756104,25.747803211212158,25.644318103790283,25.36832284927368,25.524874210357666,25.174981355667114,24.597715377807617,29.325392961502075,23.544458627700806
6,14.738425970077515,16.610366821289062,17.317922353744507,19.236804723739624,16.46396517753601,28.086464166641235,16.578033685684204,21.47636604309082,24.001638889312744,24.318604707717896,24.58441686630249,24.617433547973633,24.798017978668213,24.7638258934021,24.597593545913696,30.084863662719727,24.91149592399597
7,14.704625606536865,16.67644214630127,17.17464327812195,20.451683282852173,15.667572498321533,34.86311340332031,15.238972425460815,26.018122911453247,25.788124084472656,25.654902458190918,25.054800510406494,25.24207878112793,25.17481279373169,25.006081581115723,24.757067680358887,32.17606067657471,23.116112232208252
8,14.792151689529419,16.700830221176147,17.359069347381592,19.628010034561157,16.101818799972534,30.929794549942017,15.627739429473877,23.433131456375122,24.440464973449707,24.51394534111023,24.35555076599121,24.26310706138611,24.411934852600098,24.07037091255188,23.69083023071289,30.720592498779297,24.11920404434204
9,14.652198314666748,16.39561367034912,16.936644554138184,18.70007848739624,15.882283687591553,25.984545469284058,15.307975053787231,20.97327446937561,21.00576901435852,21.00252652168274,20.967989206314087,20.889694929122925,20.92536687850952,20.979084014892578,20.775388479232788,27.010562419891357,22.990701913833618
10,14.725484371185303,17.755500078201294,18.83541512489319,21.83322238922119,16.79583168029785,28.934091091156006,16.791479349136353,23.001917123794556,23.125415325164795,23.343722343444824,24.147279977798462,24.139708757400513,23.091764450073242,22.39359736442566,24.186908721923828,33.2554714679718,27.93812322616577
11,14.558597326278687,16.46333885192871,16.93971872329712,19.30596089363098,15.627498865127563,28.620617151260376,15.355780124664307,22.752883911132812,23.54605793952942,23.402713298797607,23.594324111938477,23.582520723342896,23.427494049072266,23.3298761844635,23.231294870376587,29.68774700164795,23.397652626037598
12,17.369940757751465,18.160234689712524,20.763153791427612,22.620704412460327,19.239699602127075,34.3685736656189,21.387416124343872,29.652962923049927,29.511954069137573,28.925907611846924,28.099371671676636,25.930782794952393,25.01233220100403,24.11089038848877,24.09847617149353,31.439836740493774,27.754077911376953
13,14.737624645233154,16.651252269744873,17.163546562194824,20.484856605529785,15.649656534194946,32.9157338142395,15.259668350219727,25.61035418510437,25.395442247390747,25.297772884368896,24.94954776763916,25.075473070144653,24.468735933303833,24.682701587677002,24.148388147354126,31.23531198501587,23.185834646224976
14,16.920288801193237,17.504744291305542,18.157381296157837,19.84212636947632,16.21848154067993,30.67388153076172,18.793904781341553,26.64243721961975,26.612993478775024,26.67452621459961,26.614478826522827,26.643179893493652,26.36310648918152,26.14549231529236,25.701355695724487,33.395939350128174,27.903164625167847
15,14.954432249069214,16.610102653503418,17.06146478652954,18.773868560791016,15.803483486175537,26.16778063774109,15.44275188446045,20.51117205619812,20.532965183258057,20.479789972305298,20.5420081615448,20.579745292663574,20.524980545043945,20.56218957901001,20.557396173477173,26.910088539123535,23.376671314239502
16,16.998692989349365,18.910879850387573,19.347530603408813,23.047143936157227,17.917262315750122,39.218196392059326,17.70482301712036,29.50125026702881,29.86484932899475,29.565257787704468,30.781776666641235,29.580727100372314,29.605649709701538,29.445337533950806,29.933784246444702,37.22418260574341,26.17017960548401
17,14.820767402648926,16.781708002090454,17.27489161491394,19.5131778717041,15.915055751800537,28.851399660110474,15.634132385253906,23.170151710510254,23.841840028762817,23.713468074798584,23.870073795318604,23.81410837173462,23.664207696914673,23.581584930419922,23.503437995910645,29.918317079544067,23.607038497924805
18,14.856471300125122,16.325244903564453,16.7885160446167,18.426658630371094,15.592628002166748,27.61024785041809,15.164777994155884,19.969968557357788,19.937379837036133,20.022584199905396,19.93951964378357,19.97237730026245,19.993997812271118,19.946489810943604,19.963213443756104,25.93616771697998,23.017350435256958
19,17.01576542854309,18.710752725601196,19.244733333587646,23.72584867477417,17.833534479141235,42.475680112838745,17.526916027069092,30.73252558708191,31.045014142990112,30.792081832885742,31.940364837646484,30.418689012527466,30.876691102981567,30.62719750404358,31.5305597782135,37.91315269470215,25.78100061416626
20,14.796371936798096,16.781704664230347,17.390522956848145,19.609578371047974,16.455493927001953,30.528493404388428,15.660032749176025,24.741082429885864,24.886378526687622,24.72266721725464,24.633939504623413,24.475104093551636,24.57844352722168,24.178747177124023,23.48291850090027,30.086901664733887,23.277916431427002
21,16.945374250411987,18.746328592300415,19.236935138702393,23.522257328033447,17.893715858459473,40.147141456604004,17.687228679656982,30.39174175262451,30.75570821762085,30.128450870513916,31.377777099609375,30.0944344997406,30.48045587539673,29.85649871826172,31.047500133514404,37.58300232887268,26.065738916397095
22,17.10114574432373,18.800755977630615,19.324079275131226,23.781156539916992,17.956947565078735,42.31238412857056,17.60530972480774,30.799122095108032,31.06505584716797,30.85704469680786,32.04012489318848,30.548868417739868,30.982900857925415,30.776544094085693,31.767453908920288,37.85682487487793,25.849010229110718
23,14.743499755859375,16.650962829589844,17.12838315963745,20.450905799865723,15.715511322021484,31.535001039505005,15.282403707504272,25.27927851676941,25.052881002426147,24.95844316482544,24.63756799697876,24.758429765701294,24.218360900878906,24.438350915908813,23.929414987564087,31.400871753692627,23.560256481170654
24,16.987648010253906,18.922025680541992,19.414250135421753,23.697479248046875,17.972587823867798,40.3213312625885,17.68621516227722,30.465126514434814,30.69661021232605,30.104154109954834,31.473224878311157,30.067052364349365,30.552892923355103,29.89578104019165,31.178507328033447,37.6805465221405,26.0301411151886
25,15.156249523162842,16.57308053970337,16.9997775554657,19.595319509506226,15.744401216506958,27.30050230026245,15.26265549659729,22.29066252708435,22.40211319923401,22.335609674453735,22.279012441635132,22.21348762512207,22.22306752204895,22.156036376953125,22.10523533821106,27.927130937576294,23.046406030654907
26,14.82303500175476,16.761784553527832,17.387276649475098,19.615408897399902,16.695436477661133,30.400158882141113,15.908230781555176,24.704322814941406,24.8383572101593,24.763794660568237,24.58181619644165,24.47132682800293,24.628777027130127,24.16213321685791,23.495570182800293,30.117502689361572,23.233654499053955
27,14.801353454589844,16.725117206573486,17.190998315811157,20.51010751724243,15.771592378616333,32.921661376953125,15.282809019088745,25.71003246307373,25.51202130317688,25.457433462142944,25.103044509887695,25.28136134147644,24.715219259262085,24.982927799224854,24.417595624923706,31.506720542907715,23.22605538368225
28,17.054428100585938,19.0051589012146,19.473596334457397,23.832059621810913,18.244606733322144,41.98762559890747,17.604739904403687,30.791247844696045,31.116263151168823,30.840636014938354,32.087992906570435,30.573886394500732,31.004642486572266,30.782145738601685,31.782607793807983,37.865084409713745,25.788827419281006
29,15.166487693786621,16.59355139732361,17.03752112388611,19.566089630126953,15.79628038406372,27.24544382095337,15.304071426391602,22.273144245147705,22.406492710113525,22.316056966781616,22.269344091415405,22.191200256347656,22.201954126358032,22.12801718711853,22.08011245727539,27.8697612285614,23.16988730430603
30,14.913743495941162,16.99120807647705,17.705029010772705,19.722968816757202,17.26128125190735,28.61371111869812,15.899416446685791,24.877392768859863,25.029460191726685,24.886615991592407,24.773308753967285,24.626125812530518,24.726104259490967,24.294005393981934,23.58286762237549,30.18083667755127,23.38137412071228
31,14.745522499084473,16.848795413970947,17.362525701522827,20.47397780418396,15.928444623947144,34.56718969345093,15.2915678024292,26.043840646743774,25.834442853927612,25.735315561294556,25.13430881500244,25.39991569519043,25.37260127067566,25.232147932052612,24.976463317871094,32.36840343475342,23.363924264907837
32,15.032853126525879,16.528921842575073,16.935877084732056,19.534318923950195,15.63152265548706,27.250755548477173,15.215763568878174,22.283325910568237,22.356901168823242,22.294954776763916,22.224178314208984,22.14756417274475,22.116718769073486,22.0342276096344,22.047600269317627,27.875399589538574,22.962316274642944
33,14.77391529083252,16.572848796844482,17.058678150177002,18.842029094696045,16.114637851715088,25.948538064956665,15.473613500595093,21.02194571495056,21.047086477279663,21.038892030715942,21.023497343063354,20.972965478897095,20.959356784820557,20.993294954299927,20.79076886177063,26.986322164535522,23.2451069355011
34,14.810028076171875,16.79279851913452,17.31401491165161,20.500479698181152,15.91077208518982,34.68839716911316,15.360895156860352,26.085641622543335,25.915789127349854,25.769259929656982,25.175809383392334,25.44929003715515,25.415748357772827,25.288297176361084,25.005624055862427,32.31365442276001,23.271018981933594
35,17.000613927841187,18.90670680999756,19.348930597305298,23.762433767318726,17.861382722854614,42.36681771278381,17.511497259140015,30.761186838150024,31.04127526283264,30.809120416641235,31.981680870056152,30.448968172073364,30.888280153274536,30.670202016830444,31.641108512878418,37.87252974510193,25.77570104598999
36,16.8770010471344,18.10850167274475,18.830695152282715,21.77984356880188,16.467496156692505,39.35794496536255,18.82170295715332,31.829935550689697,31.726740837097168,31.210067749023438,31.210221529006958,30.710335731506348,30.19753623008728,30.480770587921143,29.883803606033325,38.61910009384155,29.254859685897827
37,14.802420377731323,17.81534194946289,18.92027497291565,21.9335720539093,16.98617434501648,28.886764526367188,16.963490962982178,23.047794818878174,23.22071123123169,23.402140617370605,24.20803737640381,24.169604539871216,23.172472715377808,22.36469340324402,24.393065214157104,33.264102935791016,28.23668622970581
38,16.905012130737305,17.516226530075073,18.125234842300415,19.731796979904175,16.18875551223755,30.357556104660034,18.81738519668579,26.547391176223755,26.465813636779785,26.54923677444458,26.426822423934937,26.395089149475098,26.204547882080078,25.959855794906616,25.51950168609619,33.40303611755371,27.873369455337524
39,14.815619468688965,16.900614261627197,17.370922088623047,20.55767297744751,15.855604887008667,32.767839670181274,15.341532707214355,25.744237184524536,25.50682258605957,25.535805702209473,25.133086681365967,25.341586112976074,24.808995008468628,25.024592399597168,24.475796222686768,31.55277109146118,23.364546060562134
40,14.671111583709717,16.645729064941406,17.122687101364136,20.403664112091064,15.628312826156616,34.89560103416443,15.199827909469604,25.963764905929565,25.769323110580444,25.58964228630066,25.01986050605774,25.19185709953308,25.177538871765137,24.972427129745483,24.73544406890869,32.22704553604126,23.039105653762817
41,17.014942169189453,18.164560079574585,18.91547131538391,21.771576404571533,16.70705270767212,39.27608036994934,18.98382878303528,31.885122776031494,31.743438482284546,31.256659269332886,31.322043657302856,30.833493947982788,30.267241716384888,30.64243173599243,29.96665096282959,38.64076519012451,29.37813091278076
42,14.742478847503662,17.67152190208435,18.728485822677612,21.749311447143555,16.79503846168518,28.355868339538574,16.794110536575317,22.98723554611206,23.00487732887268,23.3037109375,24.134841680526733,24.18126153945923,23.092159748077393,22.506006002426147,24.267810344696045,33.38830590248108,27.995239734649658
43,17.133931636810303,18.868788242340088,19.341991424560547,23.09396529197693,18.13578963279724,39.34205436706543,17.92003297805786,29.61240839958191,29.933741331100464,29.6579806804657,30.92629098892212,29.65528655052185,29.759028911590576,29.708376169204712,30.14282250404358,37.07056760787964,26.47663140296936
44,17.074947834014893,18.89467430114746,19.37412428855896,23.060956716537476,18.103256225585938,39.23828434944153,17.823973655700684,29.574943780899048,29.915951251983643,29.610425233840942,30.857853412628174,29.705130100250244,29.748222827911377,29.67157554626465,30.073014974594116,37.002734899520874,26.325607299804688
45,14.906867504119873,16.68705105781555,17.50268578529358,19.078133821487427,17.474664211273193,27.607855796813965,16.77410578727722,23.905658960342407,24.078004121780396,24.409415245056152,24.363819122314453,24.493537425994873,24.40160346031189,24.28611922264099,22.81080198287964,28.447454929351807,23.156758069992065
46,14.807355403900146,16.64430522918701,17.239320993423462,19.297303915023804,16.362074851989746,28.181320190429688,16.515487909317017,21.577955961227417,24.08680820465088,24.424630403518677,24.720356464385986,24.749468326568604,24.863670825958252,24.89992332458496,24.70324969291687,30.251063585281372,24.698265075683594
47,15.056292057037354,16.51224112510681,16.95987033843994,19.49357295036316,15.61424708366394,27.273332118988037,15.223363637924194,22.25931477546692,22.34442400932312,22.279021739959717,22.194140911102295,22.142834901809692,22.097612619400024,22.00104522705078,22.018404245376587,27.88126039505005,23.057032346725464
48,17.24057364463806,18.44641375541687,19.149109363555908,21.91306734085083,18.026962518692017,38.704819679260254,19.391113996505737,31.92115831375122,31.85159921646118,31.188642740249634,31.39164161682129,30.80462884902954,30.290969133377075,30.54380965232849,29.972674131393433,38.54235863685608,29.77436852455139
49,15.024298906326294,17.035135746002197,17.548333883285522,20.626065731048584,16.609070539474487,31.076948881149292,15.525079488754272,25.81956696510315,25.599242210388184,25.62153935432434,25.232025861740112,25.403847217559814,24.889631032943726,25.124488353729248,24.596710920333862,31.609840631484985,23.599910974502563
50,14.63312816619873,16.61794877052307,17.12168836593628,20.392748594284058,15.601224422454834,34.93524718284607,15.170616626739502,25.914117574691772,25.71288561820984,25.53642988204956,24.970062017440796,25.124409198760986,25.078988075256348,24.878331661224365,24.708481073379517,32.31787061691284,23.151249647140503
51,14.767028331756592,16.68238878250122,17.199790716171265,20.473801136016846,15.671133518218994,34.812188386917114,15.252526998519897,26.034733295440674,25.83391046524048,25.732458114624023,25.099912643432617,25.398028135299683,25.384169578552246,25.13252282142639,24.890583753585815,32.324177980422974,23.174561023712158
52,14.76130223274231,16.764715671539307,17.41247248649597,19.453917503356934,16.50173330307007,30.384686708450317,15.577833890914917,24.437090158462524,24.536909818649292,24.409303903579712,24.248916149139404,24.069523334503174,24.216115474700928,23.767724752426147,23.177689790725708,30.080565929412842,23.17544436454773
53,14.947319269180298,17.026591300964355,17.622257947921753,20.308884859085083,16.740878105163574,32.01413702964783,15.885864496231079,25.23993182182312,25.5421781539917,25.503180265426636,25.446836233139038,25.21133780479431,25.34945797920227,24.978816032409668,24.468140125274658,29.176032304763794,23.441091299057007
54,14.787649631500244,16.768864154815674,17.288956880569458,20.107029914855957,16.00315022468567,32.346553325653076,15.55919337272644,25.434484720230103,25.65213942527771,25.66056799888611,25.53093910217285,25.298235416412354,25.408798456192017,25.06959295272827,24.531868934631348,29.24368405342102,23.216142177581787
55,14.679704904556274,16.67672872543335,17.206202507019043,19.99822688102722,15.915136575698853,32.44156861305237,15.429340839385986,25.393811464309692,25.66216731071472,25.57476043701172,25.520161628723145,25.244445085525513,25.323373079299927,24.95887541770935,24.473712921142578,29.13747763633728,23.008926391601562
56,17.04798674583435,18.874021530151367,19.324575901031494,23.534862756729126,17.987311840057373,40.01305651664734,17.74385404586792,30.43366026878357,30.744513988494873,30.168858528137207,31.486876249313354,30.090745449066162,30.530535459518433,29.87437391281128,31.13917589187622,37.60474181175232,26.28428840637207
57,14.778249025344849,16.2296359539032,16.696476459503174,18.411275625228882,15.531779289245605,25.508100748062134,15.182252883911133,19.92393445968628,19.93310284614563,20.015586614608765,19.909911155700684,19.9653902053833,19.98701047897339,19.962310314178467,19.951775789260864,25.846510410308838,22.964221239089966
58,14.795476913452148,16.540981769561768,17.0040545463562,18.767355918884277,15.96297836303711,25.9536771774292,15.393755435943604,20.970582008361816,21.019471168518066,21.020498514175415,20.980865240097046,20.88737654685974,20.93411898612976,20.96626853942871,20.772437572479248,26.93904423713684,23.173754453659058
59,17.116211891174316,19.00405192375183,19.51123332977295,23.329376459121704,18.425801277160645,37.543434381484985,17.92112970352173,29.68566107749939,30.02019500732422,29.774301052093506,31.001280307769775,29.8632230758667,29.892199277877808,29.827399969100952,30.236282110214233,37.248998403549194,26.489490747451782
60,16.93618869781494,18.1203191280365,18.880229949951172,21.811711311340332,16.61578369140625,39.27661180496216,18.94188904762268,31.93742609024048,31.795734882354736,31.272130489349365,31.35221838951111,30.851562976837158,30.228267669677734,30.627217531204224,30.050007581710815,38.56631875038147,29.311744213104248
61,15.035946607589722,16.480552434921265,16.899959802627563,19.53747582435608,15.542016506195068,25.958913326263428,15.188717365264893,22.08868670463562,22.13088822364807,22.11434555053711,22.1039776802063,22.01847219467163,21.96484613418579,21.88348126411438,21.876339197158813,28.04994511604309,23.001168966293335
62,14.679616212844849,16.419870853424072,17.025402069091797,18.86389398574829,16.62769913673401,27.222914695739746,20.905372381210327,20.24125337600708,24.493308544158936,24.9798641204834,25.031764030456543,24.82909369468689,24.568280696868896,24.71050238609314,24.45499324798584,31.523361682891846,26.275789737701416
63,14.823861122131348,16.78756332397461,17.331522226333618,19.702818632125854,16.072960376739502,28.954211711883545,15.69906210899353,23.236318349838257,23.8875732421875,23.763404607772827,23.98343586921692,23.916932821273804,23.73106098175049,23.635345697402954,23.597480297088623,30.122344732284546,23.69061517715454
64,14.764110803604126,16.659102201461792,17.26159906387329,19.568013906478882,15.952880382537842,30.762428283691406,15.557040452957153,23.247169017791748,24.401299238204956,24.33455729484558,24.24190092086792,24.08418583869934,24.26442861557007,23.947413206100464,23.47808289527893,30.620008945465088,24.076531171798706
65,17.024132013320923,18.89093017578125,19.360729455947876,23.744431495666504,17.901452779769897,42.36426496505737,17.528811931610107,30.777706146240234,31.085493803024292,30.866238117218018,32.08883261680603,30.54801654815674,31.00123882293701,30.78913378715515,31.76565432548523,37.7905957698822,25.610584259033203
66,14.751780271530151,16.58580231666565,17.1961772441864,19.23511290550232,16.188196659088135,26.185158491134644,16.364461183547974,21.444461584091187,24.135602235794067,24.43791913986206,24.78831434249878,24.742628574371338,24.901307106018066,24.910129070281982,24.749598741531372,30.157879114151,24.59470796585083
67,14.659877061843872,16.71169114112854,17.192580699920654,20.465805292129517,15.648657083511353,34.83727312088013,15.211242198944092,26.064985752105713,25.8382670879364,25.749546766281128,25.19290781021118,25.414216995239258,25.389469861984253,25.202929496765137,24.994935512542725,32.30332159996033,23.1113862991333
68,16.894093990325928,17.908286809921265,18.60753345489502,21.6542649269104,16.458701133728027,37.13723134994507,18.955309867858887,31.351436614990234,31.298729419708252,30.936018705368042,30.9206063747406,30.45169472694397,29.94845414161682,30.16724467277527,29.59010124206543,38.34363317489624,29.599868535995483
69,17.225588083267212,18.923027992248535,19.470579147338867,23.589874744415283,18.18662428855896,39.838876247406006,17.817103624343872,30.444514989852905,30.680107355117798,30.194546222686768,31.414966583251953,30.049263954162598,30.546366691589355,29.867597341537476,31.10777759552002,37.518860816955566,26.44037103652954
70,17.132328033447266,18.996918439865112,19.43223786354065,23.06255078315735,18.131292819976807,39.29149651527405,17.776310443878174,29.58459758758545,29.9348042011261,29.66435694694519,30.938486576080322,29.660496711730957,29.77164363861084,29.72374439239502,30.136646270751953,37.02619695663452,26.453679084777832
71,14.839075803756714,17.979281187057495,19.04454255104065,22.029680013656616,17.137747049331665,28.830862522125244,17.208348035812378,23.08955955505371,23.245817184448242,23.432263374328613,24.281304121017456,24.165437936782837,23.153790950775146,22.383504390716553,24.559598207473755,33.410672664642334,28.15262722969055
72,14.799181938171387,16.893089771270752,17.368771076202393,20.157849073410034,16.287429571151733,32.229111433029175,15.567777156829834,25.283546209335327,25.633566856384277,25.59077739715576,25.532742738723755,25.272380352020264,25.418415784835815,25.0776150226593,24.53899598121643,29.152419805526733,23.17295479774475
73,15.030766725540161,16.669305086135864,17.138619661331177,18.839242935180664,15.931494951248169,26.144920587539673,15.515945196151733,20.5608811378479,20.569629907608032,20.519413709640503,20.523240566253662,20.599617958068848,20.536927223205566,20.49026131629944,20.50990128517151,26.86721634864807,23.40738320350647
74,14.778786897659302,16.68129277229309,17.16014552116394,20.48416566848755,15.684379577636719,32.95473861694336,15.251940965652466,25.682735443115234,25.431177616119385,25.40420889854431,24.977935075759888,25.177085638046265,24.627262830734253,24.880665063858032,24.32554316520691,31.472506284713745,23.24347472190857
75,17.050865650177002,18.812837839126587,19.240817070007324,23.763219356536865,17.952613592147827,42.380329608917236,17.583892345428467,30.78734588623047,31.055336236953735,30.86609125137329,32.05635595321655,30.511383056640625,30.961326360702515,30.77742886543274,31.750903129577637,37.875755310058594,25.813307285308838
76,14.81819486618042,16.719475507736206,17.38243556022644,19.643383026123047,16.135549306869507,30.881661653518677,15.686045169830322,23.445883989334106,24.4333393573761,24.485501527786255,24.317606449127197,24.173556089401245,24.373135805130005,24.045780897140503,23.61981225013733,30.503540754318237,24.133150339126587
77,17.02665638923645,17.59559941291809,18.212362051010132,19.958662033081055,16.35719323158264,30.746309995651245,18.93156099319458,26.803049564361572,26.792285203933716,26.88517141342163,26.725651502609253,26.832656860351562,26.54406476020813,26.319281578063965,25.95250177383423,33.56384086608887,28.253263235092163
78,14.802465200424194,16.786917448043823,17.26492667198181,20.487871885299683,15.884202718734741,34.66449689865112,15.313603401184082,26.08529019355774,25.8648624420166,25.740254402160645,25.182127237319946,25.421801567077637,25.378929376602173,25.20760440826416,24.997150182724,32.296239376068115,23.28076672554016
79,16.920557498931885,18.75802183151245,19.23699188232422,23.11247181892395,17.79964804649353,39.360848903656006,17.61795663833618,29.46903133392334,29.829939365386963,29.475230932235718,30.84901785850525,29.602734565734863,29.554952383041382,29.464221000671387,29.97821545600891,37.21035051345825,26.066092491149902
80,17.02446484565735,18.937832593917847,19.456893920898438,23.864023447036743,18.117496252059937,42.049089431762695,17.605512857437134,30.819555521011353,31.10812258720398,30.82463049888611,32.019821882247925,30.537539958953857,30.996192693710327,30.78358745574951,31.753690719604492,37.8921172618866,25.722679138183594
81,15.139904022216797,16.885517835617065,18.093021631240845,19.517695665359497,18.361759424209595,26.274806261062622,17.661444187164307,24.362094402313232,24.596095085144043,24.899976015090942,24.897770881652832,25.003345251083374,25.041598320007324,24.882150173187256,23.52397060394287,28.116532802581787,23.406555652618408
82,15.140705347061157,16.76689624786377,17.88337755203247,18.676722526550293,19.39412260055542,26.462947845458984,18.57043480873108,23.820200204849243,23.6370587348938,23.892813205718994,23.845420122146606,23.67608952522278,23.59256362915039,23.453924417495728,22.79989242553711,27.22839379310608,23.332015991210938
83,16.97482132911682,18.090960264205933,18.708304405212402,21.773799657821655,16.603959798812866,39.339139223098755,18.97402572631836,31.889180421829224,31.74329900741577,31.225059270858765,31.28800344467163,30.791964769363403,30.288827419281006,30.59575605392456,30.00844097137451,38.528226375579834,29.543298959732056
84,14.68689751625061,16.69320273399353,17.18645167350769,20.003634214401245,15.968769788742065,32.37473773956299,15.438130855560303,25.427054405212402,25.67193627357483,25.612566471099854,25.542076587677002,25.28887438774109,25.360383987426758,25.011237621307373,24.530879020690918,29.212298154830933,23.101796865463257
85,15.000237226486206,16.873115062713623,17.678780555725098,19.353562355041504,17.41646718978882,27.727935791015625,17.0111186504364,24.229462385177612,24.428302764892578,24.7577383518219,24.752189874649048,24.80094838142395,24.867096424102783,24.71798801422119,23.24814534187317,28.158182382583618,23.252576112747192
86,17.6690616607666,18.627824544906616,21.589776277542114,23.223725080490112,20.09402823448181,33.31391429901123,22.18088698387146,29.85689663887024,29.746349573135376,29.154491186141968,28.68139910697937,25.736693859100342,25.079482078552246,24.332200527191162,24.38425087928772,31.89104390144348,28.095468759536743
87,14.860475778579712,16.827364683151245,17.338026762008667,20.519181728363037,15.844290494918823,32.80354452133179,15.317171335220337,25.72720241546631,25.513831615447998,25.53187608718872,25.131627082824707,25.34589695930481,24.819233417510986,25.034592390060425,24.504695415496826,31.55150008201599,23.326791048049927
88,14.698751449584961,16.58393383026123,17.253077507019043,19.09088635444641,16.36920928955078,27.8502140045166,16.285232067108154,21.338838815689087,23.988128662109375,24.21930241584778,24.590744495391846,24.623125553131104,24.785934686660767,24.84216856956482,24.611454248428345,30.087579488754272,25.020192861557007
89,17.04874086380005,18.920296669006348,19.434624433517456,23.140514373779297,18.140949487686157,39.31707310676575,17.796672105789185,29.606650590896606,29.91409707069397,29.653310775756836,30.94436550140381,29.669971466064453,29.777906894683838,29.725592136383057,30.134766340255737,37.05367469787598,26.421120166778564
90,16.970080614089966,18.90849280357361,19.37339496612549,23.870762586593628,17.94974446296692,42.25807189941406,17.52033042907715,30.854218006134033,31.08365249633789,30.84844970703125,32.04994463920593,30.546311378479004,30.999653100967407,30.803649425506592,31.744407892227173,37.89496207237244,25.759021520614624
91,16.984352350234985,18.893410682678223,19.36111283302307,23.50027322769165,17.9537935256958,39.9978973865509,17.71782875061035,30.39380168914795,30.741660833358765,30.10836887359619,31.399773120880127,30.07660675048828,30.50083303451538,29.842066049575806,31.06745982170105,37.550354957580566,26.16665244102478
92,14.76535177230835,16.66036105155945,17.128010749816895,19.45392394065857,15.874613285064697,28.763895988464355,15.539092540740967,23.11935830116272,23.79466462135315,23.664436101913452,23.858659267425537,23.792426586151123,23.6162052154541,23.5073823928833,23.437690496444702,29.928142070770264,23.437231063842773
93,14.842284440994263,16.751330375671387,17.24903154373169,19.596081018447876,15.942682266235352,28.93642020225525,15.646644830703735,23.252485990524292,23.903533220291138,23.786205053329468,23.976825952529907,23.878021717071533,23.708088636398315,23.622989654541016,23.568270683288574,30.017000436782837,23.607803106307983
94,14.876774787902832,16.443706274032593,17.050665616989136,18.65267539024353,16.117608785629272,27.055925607681274,15.687166452407837,19.950034141540527,21.02671504020691,21.096497297286987,21.10571312904358,21.109398365020752,21.04573655128479,21.084052562713623,21.065786123275757,27.672882318496704,23.915780067443848
95,17.027740716934204,17.58385419845581,18.18367290496826,19.7752046585083,16.261634826660156,30.406460285186768,18.91145420074463,26.594646692276,26.552471160888672,26.667865753173828,26.522615432739258,26.50690221786499,26.29919457435608,25.990788459777832,25.602778434753418,33.29953694343567,27.991785526275635
96,14.840197324752808,16.79121494293213,17.419981479644775,19.6403546333313,16.506104230880737,30.46992015838623,15.684452295303345,24.724678993225098,24.912429809570312,24.76670217514038,24.645334482192993,24.506926774978638,24.62182855606079,24.217599391937256,23.510953187942505,30.06431293487549,23.251624584197998
97,16.822630167007446,18.700435161590576,19.120973825454712,22.845239400863647,17.670203685760498,39.195674657821655,17.60348916053772,29.166867971420288,29.496535539627075,29.04571008682251,30.190792083740234,29.267787218093872,29.004070281982422,28.91350817680359,29.216037273406982,37.05151176452637,26.5372052192688
98,17.08440327644348,18.787328004837036,19.279006004333496,23.52781844139099,17.948541164398193,40.125396490097046,17.808345317840576,30.42976450920105,30.75182294845581,30.17244005203247,31.49027156829834,30.0925133228302,30.520594596862793,29.850882291793823,31.160290479660034,37.51220440864563,26.260197162628174
99,16.991050004959106,18.920917749404907,19.39980673789978,23.495930433273315,17.905070066452026,38.68595504760742,17.704008102416992,30.101244926452637,30.454676389694214,29.794034004211426,30.889763116836548,29.784812927246094,29.91483974456787,29.497132778167725,30.287344217300415,38.03377151489258,26.412519454956055
