Iteration,Sim_0,Sim_1,Sim_2,Sim_3,Sim_4,Sim_5,Sim_6,Sim_7,Sim_8,Sim_9,Sim_10,Sim_11,Sim_12,Sim_13,Sim_14,Sim_15,Sim_16,Sim_17,Sim_18,Sim_19,Sim_20,Sim_21,Sim_22,Sim_23,Sim_24,Sim_25,Sim_26,Sim_27,Sim_28,Sim_29,Sim_30,Sim_31,Sim_32,Sim_33,Sim_34,Sim_35,Sim_36,Sim_37,Sim_38,Sim_39,Sim_40,Sim_41,Sim_42,Sim_43,Sim_44,Sim_45,Sim_46,Sim_47,Sim_48,Sim_49,Sim_50,Sim_51,Sim_52,Sim_53,Sim_54,Sim_55,Sim_56,Sim_57,Sim_58,Sim_59,Sim_60,Sim_61,Sim_62,Sim_63,Sim_64,Sim_65,Sim_66,Sim_67,Sim_68,Sim_69,Sim_70,Sim_71,Sim_72,Sim_73,Sim_74,Sim_75,Sim_76,Sim_77,Sim_78,Sim_79,Sim_80,Sim_81,Sim_82,Sim_83,Sim_84,Sim_85,Sim_86,Sim_87,Sim_88,Sim_89,Sim_90,Sim_91,Sim_92,Sim_93,Sim_94,Sim_95,Sim_96,Sim_97,Sim_98,Sim_99
0,[93.0],[82.0],[59.0],[3.0],[3.0],[48.0],[44.0],[48.0],[40.0],[48.0],[7.0],[93.0],[81.0],[13.0],[52.0],[13.0],[8.0],[102.0],[11.0],[6.0],[13.0],[3.0],[7.0],[11.0],[3.0],[93.0],[37.0],[6.0],[59.0],[7.0],[37.0],[22.0],[3.0],[3.0],[81.0],[59.0],[55.0],[41.0],[55.0],[3.0],[80.0],[48.0],[7.0],[37.0],[7.0],[82.0],[13.0],[3.0],[82.0],[59.0],[78.0],[3.0],[13.0],[82.0],[59.0],[92.0],[67.0],[3.0],[34.0],[6.0],[67.0],[11.0],[13.0],[13.0],[34.0],[23.0],[48.0],[67.0],[98.0],[67.0],[8.0],[3.0],[82.0],[3.0],[92.0],[78.0],[3.0],[6.0],[3.0],[7.0],[80.0],[13.0],[6.0],[66.0],[3.0],[8.0],[82.0],[82.0],[13.0],[3.0],[65.0],[7.0],[37.0],[66.0],[6.0],[81.0],[7.0],[13.0],[6.0],[34.0]
1,[102.0],[78.0],[11.0],[34.0],[92.0],[3.0],[7.0],[37.0],[37.0],[7.0],[3.0],[59.0],[92.0],[7.0],[48.0],[65.0],[34.0],[13.0],[82.0],[7.0],[6.0],[78.0],[3.0],[68.0],[78.0],[13.0],[82.0],[80.0],[13.0],[78.0],[66.0],[66.0],[48.0],[13.0],[59.0],[92.0],[13.0],[66.0],[3.0],[48.0],[82.0],[92.0],[34.0],[51.0],[92.0],[3.0],[82.0],[7.0],[40.0],[8.0],[37.0],[92.0],[7.0],[13.0],[22.0],[7.0],[7.0],[102.0],[22.0],[82.0],[48.0],[37.0],[66.0],[48.0],[3.0],[82.0],[13.0],[82.0],[92.0],[92.0],[3.0],[55.0],[13.0],[34.0],[13.0],[14.0],[82.0],[11.0],[92.0],[22.0],[31.0],[6.0],[92.0],[13.0],[82.0],[13.0],[102.0],[78.0],[92.0],[8.0],[3.0],[11.0],[3.0],[82.0],[92.0],[7.0],[66.0],[7.0],[34.0],[3.0]
2,[66.0],[98.0],[82.0],[82.0],[78.0],[78.0],[102.0],[82.0],[82.0],[13.0],[92.0],[92.0],[3.0],[78.0],[93.0],[59.0],[13.0],[78.0],[78.0],[48.0],[59.0],[11.0],[102.0],[51.0],[93.0],[102.0],[3.0],[82.0],[82.0],[13.0],[82.0],[48.0],[66.0],[82.0],[6.0],[3.0],[8.0],[82.0],[82.0],[11.0],[6.0],[7.0],[23.0],[13.0],[66.0],[59.0],[55.0],[37.0],[8.0],[78.0],[13.0],[66.0],[3.0],[34.0],[3.0],[3.0],[102.0],[34.0],[82.0],[102.0],[82.0],[82.0],[48.0],[78.0],[11.0],[65.0],[7.0],[78.0],[78.0],[16.0],[13.0],[13.0],[78.0],[11.0],[38.0],[48.0],[102.0],[102.0],[48.0],[3.0],[13.0],[82.0],[59.0],[59.0],[37.0],[82.0],[3.0],[34.0],[3.0],[82.0],[34.0],[78.0],[48.0],[7.0],[82.0],[14.0],[78.0],[3.0],[78.0],[82.0]
3,[78.0],[34.0],[6.0],[48.0],[8.0],[13.0],[13.0],[3.0],[3.0],[78.0],[48.0],[3.0],[59.0],[102.0],[37.0],[3.0],[82.0],[48.0],[3.0],[78.0],[82.0],[82.0],[11.0],[93.0],[34.0],[6.0],[93.0],[93.0],[37.0],[102.0],[8.0],[82.0],[82.0],[78.0],[93.0],[66.0],[59.0],[3.0],[13.0],[92.0],[13.0],[13.0],[82.0],[82.0],[48.0],[7.0],[3.0],[48.0],[59.0],[13.0],[11.0],[59.0],[66.0],[3.0],[82.0],[78.0],[48.0],[78.0],[13.0],[65.0],[78.0],[3.0],[7.0],[7.0],[78.0],[13.0],[78.0],[6.0],[66.0],[82.0],[78.0],[82.0],[59.0],[78.0],[59.0],[102.0],[78.0],[7.0],[93.0],[82.0],[55.0],[55.0],[7.0],[82.0],[66.0],[78.0],[7.0],[93.0],[7.0],[93.0],[11.0],[66.0],[82.0],[3.0],[48.0],[59.0],[13.0],[82.0],[13.0],[55.0]
4,[3.0],[102.0],[66.0],[66.0],[13.0],[82.0],[48.0],[34.0],[48.0],[55.0],[78.0],[78.0],[82.0],[3.0],[82.0],[8.0],[78.0],[7.0],[22.0],[11.0],[37.0],[66.0],[55.0],[82.0],[66.0],[55.0],[66.0],[66.0],[66.0],[48.0],[13.0],[13.0],[13.0],[34.0],[78.0],[7.0],[78.0],[7.0],[78.0],[7.0],[7.0],[3.0],[78.0],[3.0],[78.0],[66.0],[8.0],[82.0],[78.0],[3.0],[66.0],[82.0],[102.0],[8.0],[13.0],[93.0],[55.0],[13.0],[78.0],[8.0],[13.0],[34.0],[3.0],[102.0],[13.0],[3.0],[82.0],[13.0],[13.0],[48.0],[59.0],[59.0],[3.0],[59.0],[78.0],[66.0],[11.0],[66.0],[78.0],[13.0],[6.0],[34.0],[13.0],[8.0],[34.0],[59.0],[11.0],[3.0],[55.0],[102.0],[37.0],[82.0],[13.0],[13.0],[66.0],[82.0],[92.0],[78.0],[22.0],[93.0]
5,[8.0],[13.0],[37.0],[93.0],[82.0],[66.0],[55.0],[8.0],[93.0],[93.0],[13.0],[37.0],[93.0],[59.0],[34.0],[78.0],[59.0],[55.0],[66.0],[67.0],[11.0],[59.0],[34.0],[55.0],[13.0],[7.0],[34.0],[34.0],[3.0],[55.0],[3.0],[3.0],[7.0],[93.0],[8.0],[78.0],[66.0],[78.0],[102.0],[66.0],[66.0],[82.0],[48.0],[7.0],[13.0],[78.0],[66.0],[66.0],[93.0],[93.0],[3.0],[37.0],[93.0],[23.0],[66.0],[11.0],[13.0],[55.0],[48.0],[59.0],[3.0],[66.0],[34.0],[55.0],[48.0],[8.0],[11.0],[16.0],[82.0],[13.0],[82.0],[66.0],[22.0],[13.0],[8.0],[7.0],[7.0],[13.0],[66.0],[78.0],[59.0],[102.0],[82.0],[78.0],[78.0],[66.0],[48.0],[66.0],[59.0],[13.0],[78.0],[3.0],[34.0],[102.0],[78.0],[3.0],[59.0],[102.0],[8.0],[102.0]
6,[82.0],[8.0],[13.0],[78.0],[55.0],[59.0],[3.0],[102.0],[78.0],[82.0],[34.0],[82.0],[66.0],[66.0],[11.0],[55.0],[93.0],[34.0],[7.0],[13.0],[66.0],[13.0],[82.0],[14.0],[37.0],[66.0],[78.0],[11.0],[102.0],[3.0],[55.0],[59.0],[78.0],[66.0],[13.0],[13.0],[93.0],[102.0],[48.0],[13.0],[59.0],[55.0],[66.0],[78.0],[82.0],[92.0],[78.0],[13.0],[3.0],[102.0],[93.0],[34.0],[34.0],[59.0],[8.0],[59.0],[3.0],[82.0],[102.0],[22.0],[93.0],[102.0],[82.0],[3.0],[66.0],[59.0],[59.0],[92.0],[8.0],[78.0],[93.0],[78.0],[8.0],[8.0],[66.0],[13.0],[66.0],[59.0],[13.0],[66.0],[7.0],[78.0],[55.0],[93.0],[13.0],[93.0],[13.0],[11.0],[82.0],[59.0],[59.0],[13.0],[66.0],[55.0],[11.0],[51.0],[82.0],[48.0],[66.0],[66.0]
7,[55.0],[55.0],[102.0],[102.0],[66.0],[93.0],[82.0],[13.0],[102.0],[34.0],[55.0],[66.0],[37.0],[82.0],[66.0],[82.0],[66.0],[82.0],[13.0],[82.0],[78.0],[102.0],[66.0],[78.0],[59.0],[82.0],[102.0],[102.0],[78.0],[82.0],[102.0],[8.0],[102.0],[48.0],[102.0],[55.0],[102.0],[93.0],[11.0],[59.0],[78.0],[34.0],[13.0],[102.0],[55.0],[93.0],[92.0],[59.0],[102.0],[34.0],[102.0],[78.0],[82.0],[78.0],[34.0],[82.0],[82.0],[48.0],[66.0],[13.0],[66.0],[78.0],[93.0],[82.0],[93.0],[78.0],[66.0],[59.0],[55.0],[55.0],[34.0],[102.0],[66.0],[102.0],[82.0],[55.0],[13.0],[82.0],[7.0],[11.0],[66.0],[66.0],[3.0],[34.0],[102.0],[3.0],[66.0],[102.0],[66.0],[55.0],[13.0],[59.0],[102.0],[59.0],[59.0],[93.0],[55.0],[66.0],[92.0],[59.0]
8,[13.0],[59.0],[7.0],[8.0],[48.0],[8.0],[34.0],[66.0],[11.0],[11.0],[82.0],[8.0],[78.0],[8.0],[78.0],[34.0],[55.0],[3.0],[102.0],[55.0],[48.0],[55.0],[13.0],[8.0],[8.0],[78.0],[13.0],[3.0],[48.0],[34.0],[7.0],[78.0],[59.0],[102.0],[66.0],[82.0],[82.0],[48.0],[34.0],[82.0],[11.0],[78.0],[102.0],[66.0],[3.0],[11.0],[7.0],[55.0],[66.0],[66.0],[7.0],[8.0],[11.0],[93.0],[92.0],[66.0],[66.0],[7.0],[3.0],[78.0],[102.0],[13.0],[11.0],[93.0],[59.0],[55.0],[93.0],[55.0],[48.0],[3.0],[48.0],[93.0],[48.0],[66.0],[3.0],[3.0],[59.0],[55.0],[102.0],[102.0],[78.0],[93.0],[8.0],[92.0],[7.0],[102.0],[22.0],[7.0],[34.0],[78.0],[102.0],[93.0],[7.0],[78.0],[37.0],[11.0],[34.0],[11.0],[3.0],[13.0]
9,[59.0],[3.0],[48.0],[13.0],[93.0],[55.0],[66.0],[78.0],[13.0],[37.0],[93.0],[13.0],[13.0],[48.0],[13.0],[48.0],[48.0],[93.0],[34.0],[34.0],[7.0],[93.0],[48.0],[13.0],[55.0],[34.0],[7.0],[48.0],[55.0],[11.0],[65.0],[92.0],[8.0],[8.0],[55.0],[48.0],[37.0],[34.0],[37.0],[37.0],[93.0],[8.0],[93.0],[93.0],[93.0],[48.0],[59.0],[102.0],[13.0],[48.0],[55.0],[55.0],[78.0],[92.0],[48.0],[37.0],[59.0],[66.0],[93.0],[7.0],[7.0],[7.0],[78.0],[34.0],[37.0],[102.0],[102.0],[8.0],[34.0],[7.0],[66.0],[48.0],[102.0],[48.0],[23.0],[82.0],[55.0],[78.0],[37.0],[93.0],[102.0],[59.0],[78.0],[65.0],[55.0],[48.0],[78.0],[13.0],[8.0],[7.0],[7.0],[102.0],[78.0],[8.0],[3.0],[78.0],[8.0],[93.0],[93.0],[78.0]
10,[37.0],[93.0],[3.0],[55.0],[37.0],[34.0],[93.0],[7.0],[66.0],[59.0],[66.0],[55.0],[8.0],[37.0],[102.0],[66.0],[3.0],[59.0],[48.0],[93.0],[3.0],[48.0],[78.0],[66.0],[102.0],[3.0],[48.0],[7.0],[34.0],[66.0],[48.0],[93.0],[65.0],[6.0],[34.0],[93.0],[48.0],[65.0],[65.0],[93.0],[102.0],[66.0],[11.0],[48.0],[59.0],[34.0],[93.0],[78.0],[7.0],[82.0],[34.0],[13.0],[59.0],[66.0],[65.0],[13.0],[11.0],[37.0],[59.0],[3.0],[59.0],[48.0],[65.0],[11.0],[8.0],[7.0],[34.0],[34.0],[93.0],[66.0],[7.0],[34.0],[7.0],[93.0],[34.0],[59.0],[34.0],[3.0],[82.0],[48.0],[93.0],[3.0],[34.0],[48.0],[59.0],[11.0],[34.0],[59.0],[37.0],[48.0],[55.0],[65.0],[59.0],[65.0],[13.0],[48.0],[65.0],[59.0],[59.0],[37.0]
11,[65.0],[92.0],[55.0],[59.0],[102.0],[81.0],[78.0],[55.0],[59.0],[65.0],[59.0],[48.0],[48.0],[93.0],[7.0],[102.0],[7.0],[37.0],[55.0],[3.0],[34.0],[65.0],[37.0],[48.0],[65.0],[11.0],[55.0],[13.0],[7.0],[59.0],[34.0],[65.0],[14.0],[55.0],[82.0],[102.0],[65.0],[55.0],[93.0],[78.0],[3.0],[102.0],[6.0],[55.0],[8.0],[55.0],[65.0],[8.0],[92.0],[37.0],[48.0],[48.0],[55.0],[48.0],[93.0],[102.0],[93.0],[59.0],[55.0],[48.0],[55.0],[55.0],[59.0],[37.0],[6.0],[48.0],[3.0],[66.0],[102.0],[59.0],[55.0],[8.0],[34.0],[37.0],[48.0],[8.0],[93.0],[34.0],[59.0],[55.0],[48.0],[37.0],[48.0],[7.0],[65.0],[7.0],[93.0],[55.0],[93.0],[34.0],[66.0],[48.0],[11.0],[93.0],[7.0],[66.0],[102.0],[37.0],[55.0],[48.0]
12,[7.0],[80.0],[93.0],[6.0],[6.0],[92.0],[11.0],[59.0],[55.0],[80.0],[37.0],[102.0],[102.0],[65.0],[55.0],[11.0],[102.0],[66.0],[93.0],[66.0],[55.0],[34.0],[93.0],[7.0],[94.0],[92.0],[65.0],[78.0],[65.0],[93.0],[93.0],[34.0],[55.0],[7.0],[3.0],[8.0],[7.0],[8.0],[59.0],[55.0],[34.0],[93.0],[59.0],[34.0],[102.0],[6.0],[14.0],[34.0],[48.0],[7.0],[79.0],[65.0],[8.0],[7.0],[102.0],[34.0],[78.0],[93.0],[92.0],[55.0],[79.0],[6.0],[55.0],[59.0],[102.0],[66.0],[55.0],[93.0],[65.0],[37.0],[102.0],[22.0],[93.0],[81.0],[55.0],[80.0],[92.0],[93.0],[65.0],[34.0],[11.0],[7.0],[93.0],[55.0],[79.0],[55.0],[55.0],[80.0],[102.0],[92.0],[48.0],[55.0],[93.0],[48.0],[102.0],[13.0],[93.0],[8.0],[79.0],[7.0]
13,[92.0],[7.0],[34.0],[7.0],[59.0],[65.0],[59.0],[6.0],[87.0],[8.0],[8.0],[7.0],[34.0],[34.0],[59.0],[7.0],[79.0],[8.0],[80.0],[59.0],[102.0],[79.0],[59.0],[3.0],[48.0],[8.0],[8.0],[16.0],[92.0],[37.0],[92.0],[55.0],[92.0],[92.0],[48.0],[65.0],[11.0],[92.0],[92.0],[102.0],[65.0],[59.0],[55.0],[92.0],[65.0],[102.0],[102.0],[93.0],[65.0],[11.0],[92.0],[7.0],[65.0],[55.0],[78.0],[55.0],[37.0],[11.0],[79.0],[93.0],[11.0],[92.0],[8.0],[66.0],[79.0],[93.0],[80.0],[3.0],[37.0],[11.0],[79.0],[65.0],[55.0],[6.0],[7.0],[92.0],[48.0],[92.0],[8.0],[81.0],[82.0],[92.0],[102.0],[102.0],[92.0],[34.0],[59.0],[8.0],[6.0],[66.0],[92.0],[8.0],[55.0],[34.0],[55.0],[102.0],[48.0],[6.0],[7.0],[65.0]
14,[80.0],[66.0],[8.0],[80.0],[79.0],[7.0],[37.0],[92.0],[34.0],[92.0],[102.0],[81.0],[65.0],[92.0],[94.0],[6.0],[11.0],[92.0],[65.0],[37.0],[8.0],[92.0],[65.0],[92.0],[79.0],[59.0],[59.0],[92.0],[93.0],[79.0],[79.0],[102.0],[93.0],[79.0],[7.0],[80.0],[94.0],[6.0],[79.0],[6.0],[48.0],[6.0],[79.0],[6.0],[37.0],[8.0],[11.0],[65.0],[34.0],[94.0],[65.0],[102.0],[92.0],[102.0],[55.0],[80.0],[92.0],[79.0],[65.0],[66.0],[34.0],[59.0],[6.0],[79.0],[65.0],[92.0],[8.0],[102.0],[79.0],[93.0],[6.0],[92.0],[79.0],[87.0],[102.0],[65.0],[65.0],[65.0],[55.0],[6.0],[3.0],[48.0],[66.0],[79.0],[6.0],[79.0],[6.0],[92.0],[48.0],[94.0],[79.0],[34.0],[6.0],[92.0],[34.0],[55.0],[79.0],[87.0],[102.0],[92.0]
15,[34.0],[37.0],[65.0],[92.0],[11.0],[6.0],[8.0],[93.0],[80.0],[6.0],[80.0],[65.0],[7.0],[79.0],[92.0],[14.0],[94.0],[79.0],[87.0],[79.0],[14.0],[6.0],[92.0],[34.0],[7.0],[94.0],[92.0],[94.0],[6.0],[92.0],[6.0],[7.0],[6.0],[59.0],[37.0],[6.0],[6.0],[59.0],[6.0],[34.0],[94.0],[22.0],[8.0],[59.0],[11.0],[65.0],[37.0],[92.0],[79.0],[6.0],[94.0],[6.0],[94.0],[6.0],[7.0],[8.0],[8.0],[92.0],[11.0],[92.0],[92.0],[8.0],[92.0],[94.0],[14.0],[6.0],[92.0],[48.0],[7.0],[102.0],[94.0],[6.0],[6.0],[55.0],[65.0],[93.0],[79.0],[8.0],[79.0],[92.0],[34.0],[65.0],[11.0],[94.0],[8.0],[92.0],[8.0],[6.0],[79.0],[6.0],[8.0],[79.0],[92.0],[6.0],[65.0],[8.0],[6.0],[55.0],[65.0],[6.0]
16,[48.0],[14.0],[92.0],[65.0],[7.0],[79.0],[92.0],[79.0],[8.0],[94.0],[6.0],[94.0],[6.0],[6.0],[65.0],[92.0],[65.0],[94.0],[59.0],[8.0],[65.0],[8.0],[8.0],[22.0],[6.0],[37.0],[6.0],[59.0],[11.0],[6.0],[11.0],[6.0],[79.0],[94.0],[11.0],[34.0],[79.0],[79.0],[8.0],[65.0],[87.0],[11.0],[92.0],[79.0],[94.0],[14.0],[79.0],[6.0],[22.0],[80.0],[6.0],[81.0],[6.0],[94.0],[6.0],[6.0],[65.0],[65.0],[94.0],[34.0],[6.0],[65.0],[14.0],[92.0],[55.0],[79.0],[94.0],[79.0],[11.0],[79.0],[11.0],[94.0],[92.0],[7.0],[79.0],[34.0],[8.0],[48.0],[14.0],[8.0],[37.0],[94.0],[37.0],[6.0],[93.0],[94.0],[87.0],[94.0],[11.0],[11.0],[6.0],[92.0],[8.0],[11.0],[79.0],[34.0],[11.0],[34.0],[14.0],[94.0]
17,[94.0],[11.0],[79.0],[87.0],[65.0],[94.0],[16.0],[65.0],[6.0],[14.0],[94.0],[6.0],[79.0],[11.0],[8.0],[79.0],[14.0],[6.0],[8.0],[65.0],[87.0],[94.0],[6.0],[81.0],[92.0],[65.0],[94.0],[55.0],[14.0],[8.0],[14.0],[14.0],[34.0],[65.0],[94.0],[37.0],[92.0],[94.0],[16.0],[8.0],[8.0],[14.0],[65.0],[94.0],[79.0],[79.0],[6.0],[14.0],[94.0],[92.0],[8.0],[11.0],[48.0],[11.0],[14.0],[94.0],[34.0],[6.0],[14.0],[11.0],[94.0],[79.0],[94.0],[6.0],[7.0],[11.0],[65.0],[37.0],[6.0],[14.0],[81.0],[81.0],[11.0],[14.0],[14.0],[37.0],[37.0],[37.0],[6.0],[94.0],[65.0],[79.0],[94.0],[11.0],[14.0],[65.0],[65.0],[48.0],[65.0],[81.0],[94.0],[94.0],[65.0],[94.0],[8.0],[6.0],[37.0],[79.0],[11.0],[11.0]
18,[6.0],[87.0],[87.0],[94.0],[14.0],[11.0],[6.0],[11.0],[94.0],[87.0],[11.0],[79.0],[94.0],[14.0],[79.0],[16.0],[37.0],[14.0],[6.0],[94.0],[93.0],[87.0],[87.0],[94.0],[16.0],[87.0],[79.0],[8.0],[79.0],[16.0],[16.0],[79.0],[81.0],[14.0],[65.0],[11.0],[14.0],[37.0],[87.0],[94.0],[55.0],[94.0],[94.0],[65.0],[34.0],[94.0],[48.0],[81.0],[11.0],[65.0],[16.0],[14.0],[14.0],[79.0],[16.0],[48.0],[94.0],[8.0],[87.0],[87.0],[65.0],[93.0],[16.0],[8.0],[92.0],[87.0],[87.0],[7.0],[94.0],[8.0],[14.0],[14.0],[14.0],[79.0],[11.0],[11.0],[6.0],[16.0],[94.0],[65.0],[94.0],[11.0],[87.0],[14.0],[87.0],[6.0],[14.0],[65.0],[14.0],[37.0],[16.0],[6.0],[14.0],[87.0],[87.0],[87.0],[16.0],[65.0],[87.0],[87.0]
19,[11.0],[79.0],[94.0],[11.0],[87.0],[87.0],[94.0],[87.0],[92.0],[16.0],[14.0],[11.0],[87.0],[16.0],[14.0],[93.0],[87.0],[16.0],[92.0],[87.0],[79.0],[16.0],[14.0],[65.0],[14.0],[14.0],[87.0],[65.0],[16.0],[14.0],[87.0],[87.0],[11.0],[37.0],[92.0],[94.0],[16.0],[16.0],[94.0],[87.0],[79.0],[87.0],[87.0],[8.0],[6.0],[87.0],[94.0],[87.0],[6.0],[14.0],[14.0],[87.0],[80.0],[14.0],[87.0],[65.0],[6.0],[14.0],[37.0],[94.0],[87.0],[87.0],[87.0],[81.0],[94.0],[16.0],[14.0],[11.0],[87.0],[6.0],[87.0],[87.0],[16.0],[92.0],[6.0],[79.0],[87.0],[94.0],[34.0],[59.0],[8.0],[14.0],[65.0],[16.0],[16.0],[87.0],[92.0],[79.0],[87.0],[87.0],[14.0],[87.0],[81.0],[16.0],[94.0],[94.0],[14.0],[94.0],[37.0],[14.0]
20,[87.0],[16.0],[16.0],[37.0],[94.0],[14.0],[87.0],[14.0],[16.0],[79.0],[87.0],[87.0],[16.0],[87.0],[87.0],[22.0],[81.0],[11.0],[14.0],[81.0],[22.0],[14.0],[22.0],[87.0],[67.0],[80.0],[14.0],[87.0],[87.0],[87.0],[94.0],[37.0],[37.0],[87.0],[79.0],[87.0],[22.0],[14.0],[14.0],[81.0],[14.0],[65.0],[37.0],[87.0],[87.0],[37.0],[16.0],[11.0],[87.0],[22.0],[87.0],[79.0],[87.0],[87.0],[11.0],[87.0],[87.0],[80.0],[81.0],[80.0],[8.0],[22.0],[37.0],[14.0],[81.0],[37.0],[79.0],[65.0],[16.0],[87.0],[37.0],[11.0],[87.0],[65.0],[81.0],[6.0],[94.0],[87.0],[81.0],[79.0],[92.0],[87.0],[14.0],[87.0],[22.0],[37.0],[94.0],[87.0],[94.0],[14.0],[87.0],[16.0],[87.0],[14.0],[22.0],[79.0],[87.0],[92.0],[94.0],[79.0]
21,[79.0],[67.0],[14.0],[79.0],[22.0],[16.0],[14.0],[22.0],[22.0],[22.0],[65.0],[34.0],[22.0],[94.0],[22.0],[67.0],[16.0],[87.0],[79.0],[22.0],[67.0],[22.0],[94.0],[79.0],[80.0],[67.0],[16.0],[79.0],[22.0],[94.0],[22.0],[11.0],[87.0],[11.0],[14.0],[16.0],[67.0],[87.0],[22.0],[14.0],[16.0],[79.0],[14.0],[22.0],[22.0],[16.0],[34.0],[22.0],[16.0],[79.0],[80.0],[93.0],[37.0],[65.0],[37.0],[79.0],[16.0],[87.0],[67.0],[37.0],[80.0],[14.0],[67.0],[87.0],[67.0],[94.0],[37.0],[87.0],[14.0],[65.0],[67.0],[37.0],[94.0],[94.0],[87.0],[94.0],[16.0],[14.0],[97.0],[87.0],[16.0],[22.0],[79.0],[80.0],[80.0],[81.0],[79.0],[14.0],[22.0],[79.0],[80.0],[37.0],[94.0],[22.0],[81.0],[65.0],[94.0],[16.0],[81.0],[16.0]
22,[16.0],[94.0],[22.0],[14.0],[80.0],[22.0],[65.0],[94.0],[79.0],[67.0],[79.0],[22.0],[14.0],[67.0],[81.0],[81.0],[6.0],[80.0],[37.0],[41.0],[16.0],[80.0],[16.0],[37.0],[22.0],[22.0],[22.0],[14.0],[94.0],[80.0],[80.0],[94.0],[94.0],[80.0],[16.0],[79.0],[81.0],[67.0],[80.0],[22.0],[92.0],[37.0],[80.0],[14.0],[16.0],[67.0],[87.0],[94.0],[14.0],[16.0],[22.0],[16.0],[16.0],[37.0],[67.0],[16.0],[81.0],[94.0],[41.0],[16.0],[14.0],[16.0],[80.0],[22.0],[41.0],[67.0],[16.0],[94.0],[22.0],[94.0],[16.0],[79.0],[37.0],[16.0],[37.0],[16.0],[14.0],[67.0],[67.0],[37.0],[79.0],[16.0],[22.0],[67.0],[67.0],[67.0],[37.0],[37.0],[80.0],[16.0],[67.0],[67.0],[22.0],[80.0],[67.0],[37.0],[80.0],[14.0],[67.0],[22.0]
23,[67.0],[22.0],[67.0],[67.0],[67.0],[67.0],[79.0],[67.0],[14.0],[41.0],[22.0],[16.0],[67.0],[22.0],[67.0],[41.0],[92.0],[22.0],[94.0],[16.0],[41.0],[67.0],[79.0],[16.0],[83.0],[16.0],[67.0],[37.0],[81.0],[65.0],[67.0],[16.0],[16.0],[67.0],[67.0],[23.0],[41.0],[80.0],[67.0],[16.0],[67.0],[16.0],[67.0],[16.0],[67.0],[81.0],[67.0],[67.0],[37.0],[67.0],[41.0],[22.0],[67.0],[81.0],[94.0],[14.0],[14.0],[16.0],[16.0],[67.0],[22.0],[67.0],[41.0],[16.0],[80.0],[14.0],[67.0],[14.0],[80.0],[22.0],[83.0],[16.0],[67.0],[67.0],[93.0],[87.0],[80.0],[80.0],[16.0],[16.0],[14.0],[67.0],[67.0],[37.0],[41.0],[14.0],[16.0],[16.0],[67.0],[67.0],[22.0],[83.0],[79.0],[67.0],[14.0],[16.0],[67.0],[67.0],[41.0],[67.0]
24,[14.0],[41.0],[81.0],[16.0],[97.0],[41.0],[23.0],[81.0],[65.0],[81.0],[16.0],[67.0],[97.0],[81.0],[16.0],[94.0],[67.0],[67.0],[16.0],[68.0],[92.0],[41.0],[67.0],[67.0],[97.0],[97.0],[83.0],[67.0],[41.0],[23.0],[41.0],[67.0],[67.0],[97.0],[22.0],[67.0],[95.0],[97.0],[97.0],[67.0],[81.0],[67.0],[16.0],[80.0],[14.0],[41.0],[22.0],[16.0],[67.0],[41.0],[97.0],[67.0],[83.0],[67.0],[41.0],[22.0],[22.0],[22.0],[68.0],[14.0],[16.0],[80.0],[97.0],[41.0],[97.0],[81.0],[41.0],[80.0],[41.0],[81.0],[97.0],[67.0],[80.0],[41.0],[16.0],[22.0],[67.0],[97.0],[23.0],[14.0],[22.0],[80.0],[41.0],[41.0],[23.0],[16.0],[67.0],[67.0],[97.0],[22.0],[41.0],[97.0],[67.0],[97.0],[16.0],[67.0],[22.0],[80.0],[80.0],[41.0]
25,[22.0],[81.0],[97.0],[41.0],[81.0],[80.0],[81.0],[41.0],[97.0],[97.0],[67.0],[14.0],[80.0],[41.0],[41.0],[97.0],[41.0],[41.0],[67.0],[97.0],[94.0],[97.0],[41.0],[41.0],[95.0],[95.0],[97.0],[81.0],[97.0],[41.0],[23.0],[41.0],[41.0],[83.0],[41.0],[14.0],[23.0],[22.0],[68.0],[41.0],[97.0],[41.0],[41.0],[97.0],[83.0],[22.0],[80.0],[79.0],[81.0],[97.0],[95.0],[41.0],[97.0],[41.0],[81.0],[67.0],[79.0],[41.0],[97.0],[79.0],[41.0],[94.0],[68.0],[80.0],[22.0],[22.0],[97.0],[22.0],[67.0],[41.0],[41.0],[97.0],[65.0],[97.0],[41.0],[67.0],[22.0],[22.0],[87.0],[67.0],[81.0],[97.0],[81.0],[97.0],[81.0],[83.0],[41.0],[97.0],[81.0],[95.0],[97.0],[81.0],[16.0],[68.0],[97.0],[41.0],[41.0],[97.0],[97.0],[95.0]
26,[97.0],[97.0],[68.0],[22.0],[41.0],[97.0],[97.0],[68.0],[81.0],[95.0],[41.0],[83.0],[41.0],[97.0],[95.0],[68.0],[95.0],[97.0],[97.0],[95.0],[81.0],[68.0],[97.0],[97.0],[41.0],[83.0],[68.0],[97.0],[68.0],[97.0],[97.0],[97.0],[97.0],[68.0],[80.0],[97.0],[97.0],[81.0],[41.0],[68.0],[41.0],[97.0],[97.0],[68.0],[97.0],[97.0],[97.0],[41.0],[97.0],[95.0],[81.0],[68.0],[95.0],[97.0],[97.0],[97.0],[97.0],[81.0],[95.0],[97.0],[68.0],[97.0],[51.0],[95.0],[39.0],[41.0],[81.0],[97.0],[97.0],[97.0],[68.0],[95.0],[41.0],[80.0],[67.0],[41.0],[41.0],[41.0],[11.0],[97.0],[41.0],[95.0],[97.0],[95.0],[97.0],[97.0],[97.0],[81.0],[41.0],[97.0],[81.0],[41.0],[41.0],[83.0],[68.0],[80.0],[81.0],[41.0],[68.0],[97.0]
27,[81.0],[68.0],[41.0],[81.0],[68.0],[23.0],[41.0],[16.0],[41.0],[23.0],[97.0],[97.0],[23.0],[80.0],[23.0],[23.0],[80.0],[81.0],[68.0],[23.0],[68.0],[83.0],[68.0],[95.0],[68.0],[23.0],[41.0],[95.0],[23.0],[81.0],[68.0],[68.0],[80.0],[41.0],[97.0],[81.0],[80.0],[95.0],[81.0],[97.0],[95.0],[95.0],[68.0],[95.0],[81.0],[95.0],[83.0],[23.0],[83.0],[81.0],[23.0],[97.0],[68.0],[16.0],[23.0],[81.0],[95.0],[97.0],[80.0],[41.0],[97.0],[68.0],[95.0],[23.0],[95.0],[97.0],[95.0],[81.0],[68.0],[68.0],[95.0],[41.0],[97.0],[22.0],[97.0],[81.0],[97.0],[39.0],[83.0],[83.0],[97.0],[23.0],[16.0],[81.0],[83.0],[23.0],[23.0],[95.0],[23.0],[80.0],[95.0],[95.0],[23.0],[23.0],[41.0],[23.0],[97.0],[22.0],[23.0],[80.0]
28,[95.0],[23.0],[23.0],[97.0],[51.0],[95.0],[95.0],[97.0],[23.0],[39.0],[81.0],[23.0],[68.0],[23.0],[97.0],[39.0],[22.0],[95.0],[81.0],[80.0],[23.0],[23.0],[23.0],[80.0],[81.0],[41.0],[95.0],[68.0],[39.0],[95.0],[51.0],[51.0],[23.0],[95.0],[95.0],[41.0],[39.0],[39.0],[23.0],[80.0],[68.0],[23.0],[95.0],[41.0],[41.0],[80.0],[95.0],[97.0],[41.0],[23.0],[39.0],[80.0],[41.0],[95.0],[39.0],[95.0],[41.0],[23.0],[23.0],[68.0],[95.0],[41.0],[23.0],[97.0],[68.0],[39.0],[23.0],[41.0],[81.0],[51.0],[23.0],[23.0],[81.0],[95.0],[80.0],[97.0],[81.0],[81.0],[41.0],[23.0],[95.0],[68.0],[95.0],[39.0],[39.0],[95.0],[80.0],[68.0],[51.0],[23.0],[68.0],[39.0],[97.0],[41.0],[83.0],[95.0],[39.0],[95.0],[39.0],[23.0]
29,[23.0],[39.0],[80.0],[95.0],[23.0],[68.0],[22.0],[23.0],[95.0],[83.0],[95.0],[95.0],[95.0],[95.0],[83.0],[80.0],[83.0],[23.0],[41.0],[12.0],[12.0],[39.0],[39.0],[23.0],[12.0],[81.0],[23.0],[39.0],[95.0],[22.0],[95.0],[23.0],[39.0],[52.0],[68.0],[22.0],[83.0],[12.0],[39.0],[95.0],[51.0],[80.0],[81.0],[23.0],[23.0],[39.0],[39.0],[68.0],[95.0],[68.0],[83.0],[23.0],[22.0],[80.0],[80.0],[41.0],[52.0],[68.0],[12.0],[23.0],[81.0],[23.0],[81.0],[39.0],[83.0],[83.0],[68.0],[39.0],[23.0],[23.0],[39.0],[80.0],[23.0],[68.0],[94.0],[51.0],[23.0],[95.0],[95.0],[95.0],[39.0],[41.0],[23.0],[83.0],[95.0],[41.0],[95.0],[41.0],[95.0],[12.0],[51.0],[68.0],[68.0],[39.0],[23.0],[97.0],[83.0],[81.0],[95.0],[39.0]
30,[39.0],[95.0],[95.0],[68.0],[95.0],[51.0],[80.0],[80.0],[68.0],[12.0],[23.0],[41.0],[51.0],[39.0],[68.0],[12.0],[12.0],[51.0],[23.0],[39.0],[2.0],[95.0],[95.0],[12.0],[23.0],[39.0],[39.0],[23.0],[80.0],[12.0],[81.0],[95.0],[95.0],[23.0],[83.0],[83.0],[12.0],[83.0],[95.0],[23.0],[23.0],[12.0],[22.0],[81.0],[95.0],[12.0],[41.0],[95.0],[23.0],[12.0],[12.0],[39.0],[81.0],[22.0],[95.0],[68.0],[23.0],[51.0],[83.0],[95.0],[23.0],[81.0],[39.0],[68.0],[12.0],[68.0],[12.0],[23.0],[95.0],[95.0],[80.0],[39.0],[95.0],[51.0],[22.0],[23.0],[83.0],[68.0],[22.0],[80.0],[23.0],[81.0],[12.0],[23.0],[12.0],[68.0],[12.0],[23.0],[39.0],[51.0],[23.0],[22.0],[95.0],[95.0],[39.0],[12.0],[23.0],[68.0],[83.0],[12.0]
31,[83.0],[58.0],[39.0],[39.0],[39.0],[58.0],[39.0],[95.0],[51.0],[49.0],[83.0],[80.0],[12.0],[83.0],[39.0],[58.0],[68.0],[68.0],[12.0],[2.0],[52.0],[81.0],[12.0],[39.0],[39.0],[12.0],[80.0],[83.0],[12.0],[51.0],[12.0],[81.0],[68.0],[39.0],[23.0],[39.0],[68.0],[68.0],[12.0],[39.0],[12.0],[83.0],[83.0],[12.0],[39.0],[23.0],[23.0],[52.0],[52.0],[83.0],[68.0],[95.0],[12.0],[12.0],[58.0],[23.0],[39.0],[95.0],[39.0],[81.0],[83.0],[12.0],[12.0],[83.0],[58.0],[95.0],[83.0],[83.0],[39.0],[80.0],[12.0],[68.0],[83.0],[12.0],[12.0],[95.0],[39.0],[12.0],[80.0],[68.0],[83.0],[12.0],[2.0],[12.0],[68.0],[80.0],[39.0],[12.0],[12.0],[58.0],[12.0],[12.0],[80.0],[81.0],[95.0],[68.0],[12.0],[51.0],[12.0],[83.0]
32,[68.0],[83.0],[12.0],[49.0],[12.0],[39.0],[12.0],[12.0],[10.0],[68.0],[12.0],[39.0],[39.0],[58.0],[12.0],[2.0],[58.0],[39.0],[95.0],[58.0],[49.0],[12.0],[83.0],[83.0],[51.0],[2.0],[12.0],[58.0],[58.0],[68.0],[39.0],[39.0],[2.0],[81.0],[39.0],[95.0],[58.0],[2.0],[83.0],[12.0],[39.0],[49.0],[12.0],[39.0],[68.0],[83.0],[81.0],[2.0],[12.0],[58.0],[51.0],[40.0],[39.0],[83.0],[68.0],[12.0],[80.0],[12.0],[2.0],[39.0],[39.0],[39.0],[2.0],[12.0],[2.0],[12.0],[58.0],[95.0],[83.0],[12.0],[2.0],[12.0],[12.0],[2.0],[68.0],[39.0],[95.0],[23.0],[39.0],[41.0],[68.0],[51.0],[83.0],[58.0],[2.0],[12.0],[2.0],[83.0],[68.0],[2.0],[39.0],[51.0],[58.0],[12.0],[80.0],[58.0],[68.0],[12.0],[2.0],[58.0]
33,[12.0],[2.0],[83.0],[12.0],[2.0],[83.0],[58.0],[39.0],[49.0],[52.0],[68.0],[68.0],[58.0],[68.0],[49.0],[51.0],[51.0],[83.0],[39.0],[83.0],[83.0],[2.0],[58.0],[58.0],[58.0],[68.0],[51.0],[12.0],[2.0],[58.0],[83.0],[40.0],[49.0],[2.0],[58.0],[12.0],[2.0],[51.0],[2.0],[83.0],[83.0],[39.0],[39.0],[83.0],[10.0],[2.0],[12.0],[39.0],[80.0],[39.0],[2.0],[52.0],[58.0],[68.0],[51.0],[83.0],[12.0],[58.0],[49.0],[12.0],[49.0],[83.0],[83.0],[2.0],[51.0],[52.0],[39.0],[68.0],[12.0],[39.0],[58.0],[51.0],[58.0],[58.0],[83.0],[40.0],[12.0],[83.0],[49.0],[39.0],[12.0],[2.0],[58.0],[68.0],[51.0],[39.0],[83.0],[39.0],[2.0],[98.0],[83.0],[40.0],[39.0],[51.0],[12.0],[83.0],[52.0],[83.0],[49.0],[68.0]
34,[58.0],[12.0],[2.0],[83.0],[83.0],[2.0],[51.0],[40.0],[83.0],[2.0],[2.0],[58.0],[83.0],[2.0],[80.0],[49.0],[49.0],[58.0],[83.0],[49.0],[39.0],[51.0],[2.0],[10.0],[2.0],[51.0],[2.0],[2.0],[51.0],[2.0],[2.0],[31.0],[83.0],[12.0],[12.0],[68.0],[51.0],[58.0],[52.0],[2.0],[58.0],[40.0],[49.0],[2.0],[80.0],[58.0],[2.0],[12.0],[39.0],[49.0],[58.0],[12.0],[2.0],[2.0],[2.0],[39.0],[98.0],[39.0],[58.0],[58.0],[2.0],[2.0],[58.0],[49.0],[49.0],[49.0],[49.0],[58.0],[49.0],[58.0],[98.0],[2.0],[2.0],[83.0],[39.0],[12.0],[58.0],[2.0],[2.0],[10.0],[2.0],[39.0],[39.0],[51.0],[58.0],[49.0],[58.0],[2.0],[83.0],[39.0],[2.0],[80.0],[2.0],[2.0],[49.0],[49.0],[2.0],[58.0],[52.0],[2.0]
35,[2.0],[49.0],[58.0],[2.0],[58.0],[49.0],[98.0],[49.0],[58.0],[98.0],[52.0],[98.0],[49.0],[12.0],[98.0],[31.0],[98.0],[12.0],[10.0],[10.0],[95.0],[58.0],[52.0],[49.0],[98.0],[98.0],[98.0],[49.0],[49.0],[83.0],[58.0],[83.0],[58.0],[98.0],[2.0],[51.0],[98.0],[49.0],[10.0],[58.0],[98.0],[81.0],[2.0],[98.0],[49.0],[40.0],[51.0],[49.0],[31.0],[98.0],[98.0],[2.0],[51.0],[58.0],[49.0],[58.0],[58.0],[83.0],[98.0],[2.0],[98.0],[95.0],[49.0],[98.0],[31.0],[2.0],[10.0],[51.0],[58.0],[40.0],[51.0],[98.0],[68.0],[49.0],[58.0],[83.0],[68.0],[58.0],[68.0],[12.0],[51.0],[98.0],[98.0],[2.0],[49.0],[98.0],[49.0],[98.0],[58.0],[49.0],[58.0],[98.0],[12.0],[58.0],[2.0],[39.0],[98.0],[39.0],[31.0],[98.0]
36,[51.0],[52.0],[49.0],[23.0],[31.0],[31.0],[2.0],[2.0],[39.0],[58.0],[49.0],[51.0],[31.0],[51.0],[40.0],[40.0],[39.0],[40.0],[2.0],[31.0],[58.0],[10.0],[10.0],[40.0],[10.0],[58.0],[58.0],[98.0],[31.0],[10.0],[49.0],[49.0],[10.0],[49.0],[49.0],[58.0],[49.0],[98.0],[49.0],[49.0],[2.0],[98.0],[98.0],[31.0],[12.0],[98.0],[10.0],[80.0],[98.0],[2.0],[31.0],[49.0],[98.0],[98.0],[12.0],[10.0],[2.0],[2.0],[31.0],[31.0],[58.0],[10.0],[31.0],[58.0],[10.0],[58.0],[98.0],[12.0],[31.0],[31.0],[49.0],[58.0],[39.0],[31.0],[49.0],[58.0],[2.0],[10.0],[51.0],[31.0],[58.0],[31.0],[49.0],[98.0],[31.0],[58.0],[10.0],[58.0],[31.0],[83.0],[98.0],[58.0],[49.0],[10.0],[31.0],[98.0],[58.0],[2.0],[58.0],[52.0]
37,[98.0],[10.0],[10.0],[58.0],[44.0],[10.0],[49.0],[83.0],[2.0],[51.0],[98.0],[31.0],[2.0],[49.0],[51.0],[10.0],[10.0],[49.0],[51.0],[98.0],[10.0],[49.0],[49.0],[98.0],[40.0],[31.0],[44.0],[52.0],[40.0],[49.0],[10.0],[58.0],[52.0],[51.0],[98.0],[2.0],[31.0],[31.0],[31.0],[10.0],[52.0],[31.0],[58.0],[58.0],[98.0],[52.0],[98.0],[98.0],[58.0],[51.0],[40.0],[83.0],[31.0],[49.0],[31.0],[2.0],[68.0],[49.0],[10.0],[49.0],[51.0],[49.0],[98.0],[51.0],[40.0],[51.0],[40.0],[2.0],[2.0],[49.0],[31.0],[49.0],[49.0],[40.0],[2.0],[68.0],[51.0],[51.0],[58.0],[2.0],[98.0],[58.0],[80.0],[44.0],[10.0],[51.0],[31.0],[51.0],[10.0],[10.0],[44.0],[44.0],[51.0],[31.0],[58.0],[2.0],[51.0],[98.0],[51.0],[49.0]
38,[49.0],[40.0],[51.0],[98.0],[10.0],[40.0],[31.0],[58.0],[98.0],[31.0],[40.0],[49.0],[10.0],[10.0],[31.0],[52.0],[40.0],[98.0],[58.0],[40.0],[40.0],[31.0],[31.0],[31.0],[31.0],[10.0],[10.0],[31.0],[10.0],[52.0],[98.0],[2.0],[40.0],[31.0],[51.0],[49.0],[10.0],[40.0],[58.0],[31.0],[10.0],[58.0],[51.0],[10.0],[58.0],[31.0],[40.0],[58.0],[49.0],[31.0],[10.0],[10.0],[10.0],[51.0],[40.0],[31.0],[51.0],[31.0],[40.0],[98.0],[10.0],[58.0],[40.0],[31.0],[52.0],[10.0],[31.0],[31.0],[51.0],[83.0],[10.0],[83.0],[31.0],[10.0],[40.0],[49.0],[10.0],[44.0],[98.0],[98.0],[10.0],[10.0],[40.0],[49.0],[40.0],[31.0],[52.0],[31.0],[52.0],[40.0],[10.0],[2.0],[31.0],[49.0],[10.0],[40.0],[40.0],[31.0],[40.0],[31.0]
39,[10.0],[31.0],[31.0],[38.0],[49.0],[52.0],[10.0],[10.0],[12.0],[40.0],[31.0],[2.0],[52.0],[40.0],[58.0],[83.0],[31.0],[31.0],[31.0],[44.0],[31.0],[98.0],[51.0],[52.0],[38.0],[49.0],[49.0],[40.0],[52.0],[98.0],[31.0],[10.0],[31.0],[40.0],[31.0],[31.0],[40.0],[38.0],[98.0],[98.0],[31.0],[2.0],[31.0],[38.0],[51.0],[49.0],[31.0],[51.0],[68.0],[10.0],[52.0],[58.0],[40.0],[10.0],[52.0],[98.0],[49.0],[10.0],[51.0],[52.0],[40.0],[31.0],[38.0],[10.0],[69.0],[31.0],[51.0],[52.0],[10.0],[10.0],[40.0],[31.0],[40.0],[52.0],[51.0],[52.0],[44.0],[98.0],[40.0],[52.0],[49.0],[40.0],[31.0],[10.0],[52.0],[10.0],[98.0],[10.0],[40.0],[52.0],[49.0],[10.0],[98.0],[98.0],[51.0],[10.0],[10.0],[49.0],[10.0],[10.0]
40,[31.0],[51.0],[98.0],[40.0],[40.0],[98.0],[40.0],[31.0],[31.0],[10.0],[38.0],[10.0],[98.0],[31.0],[10.0],[44.0],[52.0],[2.0],[40.0],[38.0],[80.0],[40.0],[40.0],[2.0],[49.0],[40.0],[38.0],[38.0],[83.0],[40.0],[40.0],[69.0],[98.0],[58.0],[40.0],[98.0],[52.0],[10.0],[38.0],[44.0],[40.0],[51.0],[40.0],[44.0],[31.0],[10.0],[52.0],[40.0],[10.0],[40.0],[49.0],[31.0],[38.0],[40.0],[83.0],[52.0],[10.0],[40.0],[53.0],[10.0],[31.0],[38.0],[10.0],[40.0],[99.0],[80.0],[2.0],[49.0],[40.0],[2.0],[69.0],[52.0],[51.0],[69.0],[31.0],[10.0],[98.0],[40.0],[31.0],[49.0],[69.0],[49.0],[10.0],[38.0],[98.0],[2.0],[40.0],[40.0],[49.0],[99.0],[40.0],[31.0],[40.0],[69.0],[44.0],[52.0],[31.0],[10.0],[69.0],[40.0]
41,[40.0],[99.0],[38.0],[10.0],[38.0],[53.0],[38.0],[98.0],[52.0],[44.0],[58.0],[52.0],[53.0],[52.0],[69.0],[98.0],[99.0],[52.0],[98.0],[32.0],[19.0],[69.0],[98.0],[99.0],[99.0],[38.0],[31.0],[10.0],[44.0],[69.0],[38.0],[52.0],[38.0],[69.0],[10.0],[38.0],[99.0],[44.0],[40.0],[38.0],[49.0],[10.0],[10.0],[49.0],[2.0],[69.0],[69.0],[31.0],[2.0],[52.0],[99.0],[38.0],[99.0],[31.0],[44.0],[40.0],[99.0],[38.0],[32.0],[83.0],[69.0],[40.0],[44.0],[69.0],[53.0],[98.0],[4.0],[10.0],[38.0],[52.0],[4.0],[10.0],[10.0],[98.0],[10.0],[2.0],[31.0],[31.0],[38.0],[51.0],[40.0],[83.0],[44.0],[31.0],[69.0],[38.0],[69.0],[38.0],[98.0],[53.0],[38.0],[38.0],[44.0],[40.0],[99.0],[31.0],[69.0],[52.0],[99.0],[38.0]
42,[38.0],[69.0],[40.0],[51.0],[98.0],[32.0],[99.0],[69.0],[99.0],[99.0],[10.0],[99.0],[32.0],[98.0],[99.0],[38.0],[53.0],[99.0],[38.0],[99.0],[44.0],[4.0],[44.0],[44.0],[52.0],[99.0],[40.0],[44.0],[98.0],[4.0],[44.0],[99.0],[44.0],[99.0],[52.0],[10.0],[69.0],[19.0],[44.0],[40.0],[69.0],[44.0],[38.0],[99.0],[44.0],[53.0],[99.0],[10.0],[51.0],[99.0],[69.0],[98.0],[32.0],[69.0],[98.0],[38.0],[44.0],[98.0],[99.0],[44.0],[4.0],[98.0],[19.0],[4.0],[32.0],[69.0],[38.0],[69.0],[99.0],[98.0],[99.0],[40.0],[4.0],[32.0],[44.0],[31.0],[40.0],[38.0],[99.0],[99.0],[52.0],[38.0],[19.0],[40.0],[53.0],[99.0],[32.0],[49.0],[38.0],[32.0],[31.0],[49.0],[19.0],[52.0],[38.0],[99.0],[99.0],[99.0],[53.0],[99.0]
43,[44.0],[32.0],[4.0],[32.0],[52.0],[38.0],[52.0],[4.0],[32.0],[38.0],[44.0],[4.0],[38.0],[44.0],[32.0],[32.0],[32.0],[38.0],[49.0],[53.0],[32.0],[38.0],[38.0],[38.0],[19.0],[44.0],[99.0],[89.0],[38.0],[53.0],[19.0],[53.0],[19.0],[53.0],[4.0],[4.0],[53.0],[99.0],[51.0],[4.0],[99.0],[99.0],[99.0],[40.0],[38.0],[38.0],[4.0],[69.0],[44.0],[32.0],[53.0],[44.0],[52.0],[99.0],[38.0],[99.0],[19.0],[52.0],[69.0],[38.0],[99.0],[44.0],[52.0],[99.0],[38.0],[4.0],[99.0],[53.0],[44.0],[38.0],[38.0],[99.0],[98.0],[53.0],[19.0],[98.0],[38.0],[4.0],[44.0],[53.0],[99.0],[99.0],[99.0],[52.0],[32.0],[53.0],[53.0],[99.0],[53.0],[38.0],[99.0],[99.0],[52.0],[99.0],[32.0],[44.0],[49.0],[53.0],[32.0],[69.0]
44,[99.0],[4.0],[69.0],[53.0],[53.0],[44.0],[32.0],[32.0],[38.0],[32.0],[89.0],[38.0],[44.0],[19.0],[53.0],[19.0],[38.0],[53.0],[44.0],[52.0],[51.0],[53.0],[32.0],[32.0],[53.0],[32.0],[52.0],[32.0],[19.0],[99.0],[99.0],[32.0],[32.0],[38.0],[89.0],[89.0],[32.0],[52.0],[99.0],[99.0],[53.0],[38.0],[32.0],[53.0],[99.0],[99.0],[38.0],[32.0],[99.0],[53.0],[38.0],[32.0],[19.0],[4.0],[19.0],[32.0],[38.0],[32.0],[4.0],[32.0],[38.0],[51.0],[99.0],[38.0],[44.0],[32.0],[53.0],[99.0],[32.0],[53.0],[53.0],[69.0],[53.0],[38.0],[52.0],[38.0],[4.0],[69.0],[32.0],[32.0],[53.0],[32.0],[52.0],[99.0],[99.0],[32.0],[99.0],[52.0],[44.0],[44.0],[52.0],[19.0],[99.0],[32.0],[53.0],[32.0],[53.0],[4.0],[38.0],[32.0]
45,[32.0],[38.0],[32.0],[69.0],[32.0],[18.0],[19.0],[38.0],[44.0],[53.0],[32.0],[53.0],[18.0],[38.0],[38.0],[53.0],[44.0],[32.0],[53.0],[18.0],[98.0],[99.0],[99.0],[19.0],[18.0],[53.0],[19.0],[69.0],[32.0],[38.0],[52.0],[38.0],[53.0],[32.0],[38.0],[32.0],[38.0],[32.0],[53.0],[32.0],[38.0],[32.0],[44.0],[52.0],[32.0],[4.0],[53.0],[99.0],[38.0],[38.0],[4.0],[51.0],[53.0],[38.0],[32.0],[53.0],[18.0],[19.0],[38.0],[99.0],[32.0],[32.0],[32.0],[32.0],[19.0],[53.0],[32.0],[18.0],[53.0],[18.0],[32.0],[32.0],[38.0],[44.0],[32.0],[44.0],[49.0],[99.0],[10.0],[38.0],[32.0],[52.0],[32.0],[19.0],[38.0],[52.0],[38.0],[53.0],[19.0],[19.0],[19.0],[52.0],[32.0],[38.0],[18.0],[38.0],[38.0],[38.0],[44.0],[53.0]
46,[52.0],[44.0],[99.0],[99.0],[19.0],[99.0],[53.0],[44.0],[19.0],[19.0],[51.0],[32.0],[19.0],[99.0],[44.0],[18.0],[19.0],[44.0],[52.0],[19.0],[53.0],[32.0],[53.0],[53.0],[69.0],[52.0],[32.0],[4.0],[4.0],[32.0],[32.0],[44.0],[99.0],[44.0],[32.0],[69.0],[18.0],[53.0],[32.0],[69.0],[19.0],[53.0],[53.0],[19.0],[53.0],[44.0],[32.0],[38.0],[32.0],[44.0],[32.0],[99.0],[18.0],[53.0],[53.0],[44.0],[53.0],[53.0],[44.0],[53.0],[19.0],[53.0],[53.0],[53.0],[18.0],[38.0],[44.0],[38.0],[52.0],[44.0],[52.0],[53.0],[32.0],[18.0],[98.0],[19.0],[99.0],[53.0],[19.0],[44.0],[38.0],[19.0],[53.0],[53.0],[19.0],[19.0],[44.0],[32.0],[32.0],[18.0],[53.0],[53.0],[53.0],[53.0],[69.0],[19.0],[44.0],[19.0],[19.0],[51.0]
47,[53.0],[18.0],[53.0],[18.0],[69.0],[19.0],[18.0],[99.0],[18.0],[18.0],[53.0],[44.0],[89.0],[4.0],[19.0],[69.0],[18.0],[19.0],[99.0],[69.0],[18.0],[52.0],[4.0],[18.0],[89.0],[19.0],[69.0],[99.0],[69.0],[44.0],[53.0],[19.0],[18.0],[19.0],[44.0],[53.0],[19.0],[69.0],[69.0],[53.0],[44.0],[19.0],[18.0],[32.0],[52.0],[19.0],[19.0],[44.0],[53.0],[18.0],[44.0],[69.0],[69.0],[32.0],[18.0],[18.0],[32.0],[18.0],[18.0],[18.0],[44.0],[69.0],[69.0],[52.0],[89.0],[99.0],[52.0],[19.0],[4.0],[19.0],[44.0],[38.0],[52.0],[19.0],[53.0],[32.0],[52.0],[52.0],[52.0],[89.0],[44.0],[53.0],[69.0],[18.0],[44.0],[18.0],[19.0],[69.0],[69.0],[89.0],[69.0],[69.0],[69.0],[44.0],[89.0],[18.0],[19.0],[32.0],[18.0],[18.0]
48,[18.0],[89.0],[52.0],[44.0],[89.0],[69.0],[69.0],[19.0],[89.0],[69.0],[99.0],[19.0],[4.0],[32.0],[18.0],[99.0],[89.0],[18.0],[32.0],[4.0],[69.0],[19.0],[69.0],[69.0],[4.0],[91.0],[53.0],[53.0],[99.0],[19.0],[69.0],[18.0],[69.0],[89.0],[99.0],[52.0],[44.0],[4.0],[4.0],[52.0],[32.0],[18.0],[69.0],[69.0],[18.0],[18.0],[44.0],[19.0],[18.0],[19.0],[19.0],[53.0],[89.0],[19.0],[69.0],[51.0],[69.0],[69.0],[19.0],[69.0],[89.0],[99.0],[18.0],[91.0],[4.0],[44.0],[91.0],[44.0],[89.0],[32.0],[19.0],[44.0],[99.0],[89.0],[18.0],[89.0],[53.0],[18.0],[53.0],[18.0],[19.0],[69.0],[18.0],[69.0],[18.0],[44.0],[4.0],[91.0],[89.0],[4.0],[32.0],[18.0],[18.0],[19.0],[4.0],[89.0],[18.0],[44.0],[89.0],[44.0]
49,[69.0],[19.0],[19.0],[84.0],[4.0],[4.0],[89.0],[52.0],[4.0],[89.0],[18.0],[89.0],[69.0],[69.0],[89.0],[4.0],[4.0],[69.0],[69.0],[89.0],[4.0],[44.0],[18.0],[89.0],[91.0],[69.0],[89.0],[51.0],[53.0],[84.0],[4.0],[89.0],[51.0],[4.0],[53.0],[99.0],[89.0],[18.0],[19.0],[18.0],[89.0],[52.0],[19.0],[89.0],[19.0],[89.0],[18.0],[18.0],[19.0],[89.0],[91.0],[18.0],[4.0],[44.0],[4.0],[89.0],[89.0],[89.0],[89.0],[19.0],[18.0],[4.0],[4.0],[19.0],[91.0],[19.0],[19.0],[32.0],[18.0],[99.0],[89.0],[19.0],[19.0],[4.0],[69.0],[18.0],[69.0],[19.0],[18.0],[4.0],[89.0],[18.0],[4.0],[89.0],[4.0],[89.0],[18.0],[44.0],[18.0],[91.0],[18.0],[89.0],[4.0],[84.0],[91.0],[4.0],[89.0],[89.0],[4.0],[89.0]
50,[89.0],[91.0],[18.0],[4.0],[91.0],[84.0],[4.0],[18.0],[91.0],[4.0],[69.0],[69.0],[91.0],[53.0],[4.0],[91.0],[91.0],[89.0],[19.0],[91.0],[76.0],[84.0],[84.0],[4.0],[84.0],[18.0],[4.0],[18.0],[18.0],[18.0],[18.0],[4.0],[4.0],[91.0],[18.0],[18.0],[4.0],[89.0],[91.0],[19.0],[4.0],[4.0],[89.0],[4.0],[69.0],[84.0],[84.0],[4.0],[89.0],[4.0],[84.0],[4.0],[91.0],[18.0],[91.0],[4.0],[4.0],[4.0],[52.0],[4.0],[53.0],[19.0],[89.0],[44.0],[84.0],[18.0],[84.0],[89.0],[69.0],[69.0],[18.0],[18.0],[44.0],[91.0],[4.0],[53.0],[32.0],[91.0],[69.0],[84.0],[4.0],[91.0],[89.0],[4.0],[84.0],[4.0],[84.0],[84.0],[4.0],[84.0],[89.0],[4.0],[84.0],[18.0],[84.0],[69.0],[4.0],[18.0],[91.0],[4.0]
51,[19.0],[84.0],[44.0],[52.0],[84.0],[91.0],[91.0],[76.0],[84.0],[91.0],[19.0],[18.0],[84.0],[18.0],[91.0],[76.0],[84.0],[4.0],[84.0],[76.0],[91.0],[18.0],[19.0],[91.0],[76.0],[84.0],[91.0],[91.0],[76.0],[76.0],[84.0],[76.0],[91.0],[84.0],[19.0],[19.0],[91.0],[76.0],[84.0],[84.0],[18.0],[91.0],[52.0],[76.0],[89.0],[76.0],[91.0],[89.0],[69.0],[91.0],[18.0],[91.0],[84.0],[52.0],[89.0],[76.0],[91.0],[91.0],[76.0],[51.0],[52.0],[18.0],[76.0],[18.0],[76.0],[89.0],[18.0],[4.0],[19.0],[4.0],[76.0],[89.0],[18.0],[84.0],[84.0],[69.0],[19.0],[84.0],[89.0],[76.0],[18.0],[89.0],[76.0],[91.0],[89.0],[76.0],[89.0],[18.0],[84.0],[76.0],[4.0],[91.0],[91.0],[89.0],[76.0],[84.0],[76.0],[76.0],[84.0],[91.0]
52,[4.0],[76.0],[76.0],[91.0],[76.0],[76.0],[84.0],[84.0],[76.0],[84.0],[4.0],[84.0],[76.0],[84.0],[84.0],[89.0],[76.0],[91.0],[18.0],[84.0],[63.0],[76.0],[76.0],[84.0],[15.0],[89.0],[84.0],[84.0],[89.0],[89.0],[76.0],[84.0],[84.0],[76.0],[69.0],[84.0],[76.0],[84.0],[76.0],[91.0],[84.0],[76.0],[4.0],[84.0],[4.0],[91.0],[76.0],[76.0],[4.0],[84.0],[76.0],[84.0],[76.0],[89.0],[76.0],[84.0],[84.0],[84.0],[84.0],[91.0],[76.0],[84.0],[84.0],[84.0],[15.0],[76.0],[69.0],[76.0],[91.0],[91.0],[84.0],[4.0],[84.0],[76.0],[91.0],[99.0],[84.0],[76.0],[4.0],[15.0],[84.0],[76.0],[91.0],[84.0],[76.0],[84.0],[76.0],[89.0],[76.0],[15.0],[76.0],[84.0],[76.0],[76.0],[15.0],[91.0],[84.0],[84.0],[76.0],[84.0]
53,[76.0],[15.0],[84.0],[76.0],[15.0],[89.0],[76.0],[91.0],[15.0],[76.0],[91.0],[91.0],[15.0],[76.0],[76.0],[15.0],[63.0],[84.0],[76.0],[15.0],[15.0],[89.0],[89.0],[76.0],[63.0],[76.0],[76.0],[76.0],[15.0],[63.0],[89.0],[91.0],[76.0],[15.0],[84.0],[76.0],[84.0],[63.0],[15.0],[76.0],[76.0],[89.0],[76.0],[91.0],[91.0],[15.0],[63.0],[84.0],[91.0],[76.0],[89.0],[76.0],[15.0],[76.0],[63.0],[91.0],[76.0],[76.0],[91.0],[76.0],[84.0],[76.0],[15.0],[76.0],[63.0],[84.0],[89.0],[84.0],[84.0],[84.0],[91.0],[91.0],[89.0],[15.0],[63.0],[4.0],[18.0],[15.0],[91.0],[91.0],[76.0],[63.0],[84.0],[76.0],[15.0],[69.0],[15.0],[76.0],[91.0],[63.0],[84.0],[76.0],[89.0],[15.0],[63.0],[63.0],[91.0],[15.0],[15.0],[76.0]
54,[84.0],[100.0],[91.0],[89.0],[63.0],[15.0],[63.0],[15.0],[63.0],[15.0],[84.0],[76.0],[63.0],[89.0],[63.0],[63.0],[100.0],[76.0],[89.0],[63.0],[89.0],[15.0],[15.0],[63.0],[100.0],[63.0],[15.0],[15.0],[63.0],[15.0],[15.0],[63.0],[15.0],[63.0],[76.0],[15.0],[63.0],[15.0],[89.0],[89.0],[100.0],[63.0],[84.0],[15.0],[84.0],[63.0],[15.0],[91.0],[84.0],[15.0],[15.0],[15.0],[63.0],[84.0],[15.0],[15.0],[63.0],[63.0],[15.0],[84.0],[91.0],[15.0],[63.0],[89.0],[100.0],[15.0],[76.0],[91.0],[76.0],[76.0],[15.0],[76.0],[76.0],[63.0],[76.0],[84.0],[76.0],[89.0],[84.0],[63.0],[15.0],[15.0],[15.0],[15.0],[63.0],[91.0],[63.0],[63.0],[63.0],[100.0],[91.0],[63.0],[15.0],[63.0],[100.0],[100.0],[63.0],[63.0],[63.0],[15.0]
55,[91.0],[63.0],[15.0],[15.0],[100.0],[63.0],[15.0],[63.0],[100.0],[63.0],[76.0],[15.0],[100.0],[63.0],[15.0],[28.0],[28.0],[63.0],[100.0],[100.0],[101.0],[63.0],[100.0],[100.0],[28.0],[15.0],[63.0],[63.0],[91.0],[100.0],[63.0],[15.0],[63.0],[100.0],[91.0],[91.0],[15.0],[91.0],[63.0],[15.0],[63.0],[15.0],[91.0],[63.0],[76.0],[88.0],[89.0],[15.0],[76.0],[63.0],[63.0],[63.0],[100.0],[91.0],[100.0],[100.0],[15.0],[15.0],[100.0],[15.0],[15.0],[89.0],[91.0],[15.0],[28.0],[63.0],[100.0],[63.0],[15.0],[63.0],[63.0],[84.0],[15.0],[100.0],[89.0],[91.0],[89.0],[63.0],[15.0],[100.0],[91.0],[100.0],[63.0],[63.0],[91.0],[63.0],[100.0],[15.0],[15.0],[28.0],[15.0],[15.0],[63.0],[100.0],[28.0],[28.0],[15.0],[91.0],[100.0],[63.0]
56,[15.0],[28.0],[63.0],[63.0],[61.0],[28.0],[100.0],[100.0],[28.0],[100.0],[15.0],[63.0],[28.0],[15.0],[100.0],[61.0],[61.0],[100.0],[63.0],[28.0],[28.0],[100.0],[28.0],[28.0],[61.0],[100.0],[100.0],[88.0],[28.0],[28.0],[91.0],[100.0],[100.0],[61.0],[15.0],[63.0],[100.0],[100.0],[101.0],[63.0],[15.0],[84.0],[15.0],[100.0],[100.0],[28.0],[100.0],[63.0],[100.0],[100.0],[100.0],[89.0],[28.0],[15.0],[61.0],[63.0],[100.0],[100.0],[63.0],[100.0],[63.0],[101.0],[100.0],[63.0],[61.0],[91.0],[63.0],[15.0],[100.0],[89.0],[100.0],[15.0],[63.0],[28.0],[101.0],[76.0],[100.0],[101.0],[76.0],[28.0],[63.0],[28.0],[100.0],[88.0],[28.0],[100.0],[28.0],[100.0],[100.0],[61.0],[63.0],[100.0],[101.0],[28.0],[61.0],[61.0],[100.0],[100.0],[28.0],[100.0]
57,[100.0],[61.0],[100.0],[88.0],[28.0],[61.0],[61.0],[28.0],[61.0],[61.0],[88.0],[100.0],[61.0],[91.0],[61.0],[88.0],[88.0],[28.0],[28.0],[61.0],[61.0],[28.0],[61.0],[61.0],[88.0],[28.0],[61.0],[61.0],[61.0],[61.0],[100.0],[28.0],[61.0],[28.0],[63.0],[88.0],[28.0],[61.0],[28.0],[101.0],[91.0],[100.0],[100.0],[28.0],[15.0],[61.0],[28.0],[100.0],[28.0],[28.0],[28.0],[101.0],[61.0],[63.0],[28.0],[28.0],[88.0],[28.0],[28.0],[89.0],[100.0],[28.0],[28.0],[100.0],[88.0],[28.0],[28.0],[88.0],[63.0],[28.0],[28.0],[63.0],[91.0],[61.0],[61.0],[63.0],[15.0],[28.0],[63.0],[88.0],[100.0],[88.0],[28.0],[28.0],[88.0],[28.0],[61.0],[28.0],[28.0],[88.0],[100.0],[61.0],[88.0],[61.0],[88.0],[88.0],[28.0],[28.0],[61.0],[28.0]
58,[63.0],[88.0],[28.0],[28.0],[88.0],[88.0],[28.0],[89.0],[88.0],[88.0],[101.0],[88.0],[88.0],[100.0],[88.0],[101.0],[101.0],[88.0],[91.0],[101.0],[88.0],[88.0],[88.0],[88.0],[101.0],[61.0],[28.0],[28.0],[101.0],[88.0],[28.0],[88.0],[89.0],[88.0],[88.0],[101.0],[61.0],[101.0],[61.0],[28.0],[28.0],[28.0],[63.0],[88.0],[63.0],[100.0],[61.0],[28.0],[61.0],[61.0],[88.0],[28.0],[88.0],[100.0],[88.0],[88.0],[28.0],[88.0],[61.0],[61.0],[28.0],[61.0],[61.0],[28.0],[101.0],[100.0],[61.0],[101.0],[61.0],[61.0],[88.0],[100.0],[28.0],[88.0],[88.0],[88.0],[63.0],[61.0],[88.0],[101.0],[28.0],[61.0],[61.0],[61.0],[101.0],[88.0],[88.0],[88.0],[88.0],[101.0],[28.0],[28.0],[28.0],[88.0],[101.0],[101.0],[88.0],[101.0],[88.0],[88.0]
59,[28.0],[101.0],[88.0],[61.0],[101.0],[101.0],[88.0],[61.0],[101.0],[101.0],[61.0],[28.0],[101.0],[28.0],[28.0],[72.0],[72.0],[61.0],[101.0],[88.0],[72.0],[61.0],[101.0],[101.0],[72.0],[88.0],[88.0],[101.0],[88.0],[101.0],[61.0],[61.0],[101.0],[101.0],[28.0],[61.0],[88.0],[88.0],[100.0],[88.0],[88.0],[61.0],[28.0],[101.0],[61.0],[72.0],[101.0],[61.0],[88.0],[88.0],[101.0],[61.0],[101.0],[28.0],[101.0],[61.0],[61.0],[61.0],[101.0],[28.0],[61.0],[88.0],[88.0],[61.0],[72.0],[61.0],[88.0],[28.0],[28.0],[101.0],[61.0],[28.0],[88.0],[101.0],[72.0],[61.0],[101.0],[100.0],[61.0],[72.0],[88.0],[101.0],[101.0],[101.0],[61.0],[61.0],[101.0],[101.0],[101.0],[72.0],[101.0],[88.0],[61.0],[101.0],[72.0],[72.0],[61.0],[61.0],[101.0],[61.0]
60,[88.0],[27.0],[61.0],[100.0],[72.0],[72.0],[101.0],[101.0],[72.0],[28.0],[72.0],[61.0],[72.0],[61.0],[72.0],[27.0],[27.0],[101.0],[88.0],[27.0],[27.0],[101.0],[72.0],[72.0],[27.0],[101.0],[101.0],[72.0],[72.0],[72.0],[101.0],[101.0],[27.0],[72.0],[61.0],[72.0],[101.0],[27.0],[72.0],[61.0],[101.0],[101.0],[61.0],[61.0],[28.0],[27.0],[72.0],[88.0],[101.0],[101.0],[61.0],[72.0],[72.0],[88.0],[72.0],[101.0],[101.0],[101.0],[88.0],[101.0],[88.0],[72.0],[101.0],[88.0],[27.0],[72.0],[101.0],[61.0],[88.0],[88.0],[101.0],[88.0],[61.0],[72.0],[27.0],[101.0],[28.0],[72.0],[101.0],[27.0],[101.0],[72.0],[88.0],[72.0],[72.0],[101.0],[72.0],[61.0],[72.0],[27.0],[88.0],[101.0],[72.0],[72.0],[27.0],[27.0],[72.0],[88.0],[72.0],[101.0]
61,[61.0],[72.0],[101.0],[27.0],[27.0],[27.0],[72.0],[27.0],[27.0],[72.0],[100.0],[101.0],[27.0],[72.0],[101.0],[30.0],[30.0],[72.0],[27.0],[72.0],[100.0],[27.0],[27.0],[27.0],[30.0],[27.0],[72.0],[100.0],[27.0],[27.0],[88.0],[72.0],[72.0],[30.0],[101.0],[27.0],[72.0],[72.0],[27.0],[100.0],[72.0],[88.0],[88.0],[72.0],[101.0],[30.0],[88.0],[101.0],[72.0],[72.0],[72.0],[100.0],[27.0],[61.0],[27.0],[27.0],[72.0],[72.0],[27.0],[88.0],[101.0],[100.0],[72.0],[101.0],[30.0],[101.0],[27.0],[72.0],[101.0],[72.0],[27.0],[61.0],[100.0],[27.0],[100.0],[72.0],[88.0],[27.0],[100.0],[30.0],[72.0],[27.0],[72.0],[100.0],[27.0],[27.0],[27.0],[27.0],[27.0],[30.0],[61.0],[72.0],[100.0],[27.0],[30.0],[30.0],[101.0],[72.0],[27.0],[72.0]
62,[101.0],[30.0],[27.0],[30.0],[30.0],[30.0],[27.0],[88.0],[30.0],[30.0],[27.0],[72.0],[30.0],[101.0],[30.0],[20.0],[20.0],[27.0],[72.0],[30.0],[30.0],[30.0],[30.0],[30.0],[20.0],[72.0],[27.0],[27.0],[30.0],[20.0],[72.0],[27.0],[30.0],[27.0],[100.0],[100.0],[27.0],[30.0],[30.0],[72.0],[27.0],[27.0],[101.0],[27.0],[88.0],[20.0],[27.0],[72.0],[27.0],[30.0],[27.0],[30.0],[30.0],[101.0],[30.0],[72.0],[27.0],[27.0],[30.0],[27.0],[27.0],[27.0],[27.0],[27.0],[20.0],[88.0],[30.0],[100.0],[27.0],[27.0],[72.0],[101.0],[27.0],[30.0],[30.0],[27.0],[61.0],[30.0],[30.0],[20.0],[27.0],[20.0],[27.0],[27.0],[100.0],[30.0],[30.0],[72.0],[30.0],[20.0],[72.0],[27.0],[27.0],[30.0],[20.0],[20.0],[27.0],[27.0],[30.0],[27.0]
63,[72.0],[20.0],[72.0],[20.0],[20.0],[20.0],[30.0],[30.0],[20.0],[20.0],[30.0],[27.0],[20.0],[88.0],[20.0],[86.0],[86.0],[30.0],[30.0],[20.0],[20.0],[72.0],[20.0],[20.0],[86.0],[30.0],[20.0],[30.0],[100.0],[30.0],[27.0],[20.0],[20.0],[20.0],[27.0],[30.0],[20.0],[20.0],[86.0],[27.0],[20.0],[20.0],[30.0],[30.0],[27.0],[86.0],[20.0],[27.0],[30.0],[27.0],[20.0],[27.0],[20.0],[27.0],[20.0],[30.0],[20.0],[20.0],[20.0],[30.0],[20.0],[30.0],[30.0],[72.0],[86.0],[27.0],[72.0],[27.0],[30.0],[20.0],[30.0],[72.0],[72.0],[20.0],[20.0],[20.0],[72.0],[86.0],[27.0],[86.0],[30.0],[30.0],[20.0],[30.0],[30.0],[20.0],[20.0],[20.0],[20.0],[86.0],[27.0],[30.0],[30.0],[20.0],[86.0],[86.0],[20.0],[20.0],[20.0],[20.0]
64,[27.0],[86.0],[30.0],[86.0],[86.0],[86.0],[20.0],[20.0],[86.0],[86.0],[20.0],[30.0],[86.0],[27.0],[86.0],[43.0],[43.0],[20.0],[20.0],[86.0],[43.0],[20.0],[86.0],[86.0],[43.0],[20.0],[30.0],[20.0],[20.0],[86.0],[20.0],[30.0],[86.0],[86.0],[72.0],[43.0],[30.0],[43.0],[43.0],[30.0],[30.0],[30.0],[27.0],[20.0],[72.0],[43.0],[30.0],[30.0],[20.0],[20.0],[30.0],[20.0],[86.0],[20.0],[86.0],[20.0],[30.0],[30.0],[86.0],[72.0],[30.0],[20.0],[20.0],[30.0],[43.0],[30.0],[20.0],[20.0],[72.0],[30.0],[20.0],[30.0],[30.0],[86.0],[43.0],[30.0],[27.0],[43.0],[20.0],[43.0],[86.0],[86.0],[30.0],[20.0],[20.0],[86.0],[86.0],[86.0],[86.0],[43.0],[20.0],[20.0],[20.0],[86.0],[43.0],[43.0],[86.0],[30.0],[86.0],[30.0]
65,[30.0],[43.0],[20.0],[43.0],[43.0],[43.0],[86.0],[72.0],[43.0],[43.0],[86.0],[20.0],[43.0],[20.0],[43.0],[45.0],[45.0],[86.0],[43.0],[43.0],[86.0],[86.0],[43.0],[43.0],[45.0],[86.0],[86.0],[86.0],[43.0],[43.0],[30.0],[43.0],[43.0],[43.0],[30.0],[86.0],[86.0],[45.0],[45.0],[43.0],[86.0],[72.0],[20.0],[86.0],[30.0],[45.0],[86.0],[20.0],[43.0],[86.0],[43.0],[86.0],[43.0],[30.0],[43.0],[86.0],[86.0],[86.0],[43.0],[20.0],[86.0],[43.0],[43.0],[20.0],[45.0],[20.0],[86.0],[86.0],[86.0],[43.0],[86.0],[27.0],[20.0],[43.0],[86.0],[86.0],[20.0],[45.0],[86.0],[45.0],[43.0],[43.0],[43.0],[86.0],[43.0],[45.0],[43.0],[45.0],[43.0],[45.0],[30.0],[43.0],[43.0],[43.0],[45.0],[45.0],[43.0],[43.0],[43.0],[86.0]
66,[86.0],[21.0],[86.0],[21.0],[45.0],[90.0],[43.0],[43.0],[45.0],[45.0],[45.0],[86.0],[90.0],[30.0],[45.0],[90.0],[90.0],[43.0],[86.0],[21.0],[45.0],[43.0],[90.0],[45.0],[90.0],[43.0],[43.0],[43.0],[86.0],[45.0],[43.0],[86.0],[21.0],[45.0],[20.0],[45.0],[43.0],[90.0],[90.0],[86.0],[43.0],[43.0],[86.0],[43.0],[20.0],[90.0],[43.0],[43.0],[86.0],[43.0],[86.0],[43.0],[45.0],[86.0],[45.0],[43.0],[43.0],[43.0],[21.0],[43.0],[43.0],[86.0],[45.0],[86.0],[90.0],[43.0],[43.0],[43.0],[43.0],[86.0],[43.0],[20.0],[43.0],[45.0],[45.0],[43.0],[86.0],[90.0],[43.0],[90.0],[45.0],[45.0],[86.0],[43.0],[86.0],[90.0],[45.0],[90.0],[45.0],[90.0],[43.0],[86.0],[86.0],[45.0],[90.0],[90.0],[45.0],[45.0],[45.0],[43.0]
67,[43.0],[45.0],[45.0],[45.0],[90.0],[35.0],[90.0],[86.0],[90.0],[90.0],[43.0],[43.0],[35.0],[43.0],[90.0],[35.0],[35.0],[45.0],[45.0],[45.0],[35.0],[21.0],[45.0],[90.0],[35.0],[21.0],[45.0],[21.0],[45.0],[90.0],[45.0],[45.0],[45.0],[90.0],[86.0],[21.0],[45.0],[35.0],[35.0],[45.0],[45.0],[45.0],[43.0],[45.0],[43.0],[35.0],[45.0],[86.0],[45.0],[90.0],[45.0],[45.0],[90.0],[43.0],[90.0],[21.0],[45.0],[45.0],[45.0],[86.0],[45.0],[45.0],[90.0],[43.0],[35.0],[86.0],[90.0],[45.0],[90.0],[45.0],[90.0],[86.0],[86.0],[90.0],[35.0],[45.0],[43.0],[35.0],[45.0],[35.0],[90.0],[90.0],[45.0],[45.0],[45.0],[35.0],[90.0],[35.0],[90.0],[35.0],[86.0],[45.0],[45.0],[90.0],[35.0],[35.0],[90.0],[90.0],[90.0],[45.0]
68,[45.0],[35.0],[90.0],[35.0],[35.0],[21.0],[45.0],[45.0],[35.0],[35.0],[90.0],[90.0],[21.0],[86.0],[35.0],[21.0],[21.0],[90.0],[35.0],[35.0],[21.0],[45.0],[35.0],[35.0],[21.0],[45.0],[90.0],[45.0],[35.0],[35.0],[85.0],[90.0],[35.0],[35.0],[21.0],[35.0],[90.0],[21.0],[21.0],[35.0],[90.0],[86.0],[90.0],[90.0],[86.0],[21.0],[35.0],[45.0],[90.0],[45.0],[90.0],[90.0],[35.0],[45.0],[35.0],[45.0],[90.0],[90.0],[35.0],[45.0],[90.0],[35.0],[35.0],[90.0],[21.0],[45.0],[35.0],[90.0],[21.0],[21.0],[45.0],[45.0],[21.0],[35.0],[21.0],[90.0],[21.0],[21.0],[90.0],[21.0],[35.0],[35.0],[21.0],[90.0],[21.0],[21.0],[35.0],[21.0],[35.0],[21.0],[45.0],[90.0],[85.0],[35.0],[21.0],[21.0],[35.0],[35.0],[35.0],[90.0]
69,[90.0],[90.0],[43.0],[90.0],[21.0],[71.0],[35.0],[21.0],[21.0],[21.0],[35.0],[35.0],[71.0],[45.0],[21.0],[71.0],[71.0],[35.0],[21.0],[90.0],[71.0],[90.0],[21.0],[21.0],[71.0],[35.0],[35.0],[35.0],[21.0],[21.0],[35.0],[21.0],[90.0],[21.0],[45.0],[71.0],[35.0],[71.0],[71.0],[90.0],[35.0],[21.0],[45.0],[35.0],[90.0],[71.0],[90.0],[90.0],[35.0],[35.0],[35.0],[35.0],[21.0],[90.0],[21.0],[35.0],[35.0],[35.0],[90.0],[21.0],[35.0],[21.0],[21.0],[45.0],[71.0],[21.0],[21.0],[35.0],[71.0],[35.0],[35.0],[43.0],[45.0],[21.0],[71.0],[35.0],[45.0],[71.0],[35.0],[71.0],[21.0],[21.0],[35.0],[35.0],[35.0],[71.0],[21.0],[71.0],[21.0],[71.0],[90.0],[21.0],[35.0],[21.0],[71.0],[71.0],[21.0],[21.0],[21.0],[35.0]
70,[35.0],[73.0],[35.0],[73.0],[71.0],[73.0],[21.0],[73.0],[71.0],[73.0],[21.0],[21.0],[73.0],[35.0],[71.0],[73.0],[73.0],[21.0],[73.0],[73.0],[73.0],[35.0],[73.0],[73.0],[73.0],[90.0],[21.0],[90.0],[73.0],[71.0],[21.0],[71.0],[73.0],[71.0],[35.0],[73.0],[21.0],[73.0],[73.0],[71.0],[21.0],[71.0],[35.0],[21.0],[45.0],[73.0],[71.0],[35.0],[21.0],[21.0],[71.0],[21.0],[73.0],[35.0],[71.0],[90.0],[21.0],[21.0],[73.0],[35.0],[71.0],[73.0],[73.0],[35.0],[73.0],[35.0],[73.0],[21.0],[73.0],[71.0],[21.0],[90.0],[35.0],[71.0],[73.0],[21.0],[35.0],[73.0],[21.0],[73.0],[71.0],[71.0],[71.0],[21.0],[71.0],[73.0],[71.0],[73.0],[71.0],[73.0],[35.0],[73.0],[21.0],[73.0],[73.0],[73.0],[71.0],[73.0],[71.0],[21.0]
71,[21.0],[26.0],[21.0],[26.0],[73.0],[26.0],[71.0],[26.0],[73.0],[71.0],[71.0],[73.0],[26.0],[21.0],[73.0],[26.0],[26.0],[71.0],[26.0],[26.0],[26.0],[73.0],[71.0],[71.0],[26.0],[26.0],[73.0],[73.0],[71.0],[73.0],[71.0],[26.0],[26.0],[73.0],[90.0],[90.0],[71.0],[26.0],[26.0],[73.0],[71.0],[54.0],[21.0],[71.0],[21.0],[26.0],[26.0],[71.0],[71.0],[73.0],[21.0],[71.0],[71.0],[21.0],[26.0],[73.0],[71.0],[71.0],[26.0],[73.0],[73.0],[71.0],[71.0],[21.0],[26.0],[71.0],[54.0],[71.0],[26.0],[54.0],[73.0],[35.0],[90.0],[73.0],[26.0],[71.0],[90.0],[26.0],[71.0],[26.0],[73.0],[26.0],[73.0],[73.0],[73.0],[26.0],[73.0],[26.0],[26.0],[26.0],[71.0],[71.0],[71.0],[71.0],[26.0],[26.0],[73.0],[71.0],[73.0],[71.0]
72,[71.0],[54.0],[26.0],[54.0],[26.0],[54.0],[73.0],[54.0],[26.0],[26.0],[73.0],[71.0],[54.0],[71.0],[54.0],[54.0],[54.0],[73.0],[54.0],[54.0],[54.0],[26.0],[26.0],[26.0],[54.0],[54.0],[71.0],[54.0],[54.0],[26.0],[73.0],[54.0],[54.0],[54.0],[73.0],[54.0],[54.0],[54.0],[54.0],[21.0],[73.0],[73.0],[73.0],[73.0],[26.0],[54.0],[54.0],[26.0],[26.0],[71.0],[26.0],[73.0],[26.0],[71.0],[54.0],[54.0],[26.0],[26.0],[54.0],[90.0],[21.0],[54.0],[54.0],[73.0],[54.0],[73.0],[26.0],[73.0],[54.0],[90.0],[26.0],[21.0],[54.0],[54.0],[54.0],[26.0],[26.0],[54.0],[73.0],[54.0],[26.0],[54.0],[90.0],[71.0],[54.0],[54.0],[54.0],[54.0],[54.0],[54.0],[73.0],[26.0],[73.0],[26.0],[54.0],[54.0],[54.0],[26.0],[26.0],[54.0]
73,[26.0],[71.0],[54.0],[71.0],[54.0],[96.0],[26.0],[96.0],[54.0],[54.0],[26.0],[26.0],[96.0],[26.0],[26.0],[96.0],[96.0],[26.0],[71.0],[96.0],[96.0],[54.0],[54.0],[54.0],[96.0],[71.0],[26.0],[85.0],[26.0],[54.0],[54.0],[73.0],[96.0],[26.0],[85.0],[26.0],[73.0],[96.0],[96.0],[26.0],[26.0],[96.0],[71.0],[54.0],[54.0],[96.0],[73.0],[73.0],[54.0],[54.0],[73.0],[54.0],[54.0],[73.0],[96.0],[26.0],[96.0],[73.0],[96.0],[54.0],[26.0],[26.0],[26.0],[54.0],[96.0],[54.0],[71.0],[54.0],[96.0],[26.0],[71.0],[71.0],[26.0],[26.0],[96.0],[73.0],[71.0],[96.0],[54.0],[96.0],[54.0],[73.0],[26.0],[26.0],[26.0],[96.0],[26.0],[96.0],[96.0],[96.0],[21.0],[54.0],[54.0],[54.0],[96.0],[96.0],[26.0],[96.0],[54.0],[73.0]
74,[73.0],[96.0],[73.0],[96.0],[96.0],[85.0],[54.0],[85.0],[96.0],[96.0],[54.0],[96.0],[85.0],[96.0],[96.0],[85.0],[85.0],[54.0],[96.0],[85.0],[85.0],[71.0],[96.0],[96.0],[85.0],[96.0],[54.0],[26.0],[85.0],[96.0],[26.0],[96.0],[85.0],[96.0],[26.0],[85.0],[26.0],[85.0],[85.0],[54.0],[54.0],[26.0],[54.0],[26.0],[71.0],[85.0],[96.0],[21.0],[96.0],[26.0],[54.0],[26.0],[96.0],[54.0],[85.0],[71.0],[85.0],[54.0],[85.0],[26.0],[54.0],[96.0],[85.0],[71.0],[85.0],[26.0],[96.0],[26.0],[85.0],[73.0],[96.0],[73.0],[71.0],[96.0],[85.0],[54.0],[54.0],[85.0],[85.0],[85.0],[96.0],[96.0],[96.0],[54.0],[90.0],[85.0],[96.0],[85.0],[85.0],[85.0],[26.0],[96.0],[96.0],[96.0],[85.0],[85.0],[96.0],[85.0],[96.0],[96.0]
75,[54.0],[85.0],[71.0],[85.0],[85.0],[1.0],[96.0],[1.0],[85.0],[85.0],[85.0],[85.0],[1.0],[85.0],[85.0],[1.0],[1.0],[96.0],[85.0],[1.0],[1.0],[96.0],[85.0],[85.0],[1.0],[85.0],[96.0],[71.0],[96.0],[85.0],[90.0],[85.0],[1.0],[85.0],[71.0],[1.0],[96.0],[1.0],[1.0],[85.0],[96.0],[90.0],[26.0],[96.0],[96.0],[1.0],[85.0],[54.0],[85.0],[96.0],[96.0],[96.0],[85.0],[96.0],[1.0],[96.0],[1.0],[96.0],[1.0],[96.0],[96.0],[85.0],[96.0],[26.0],[1.0],[90.0],[85.0],[96.0],[1.0],[96.0],[85.0],[54.0],[85.0],[85.0],[1.0],[96.0],[96.0],[1.0],[26.0],[1.0],[85.0],[85.0],[1.0],[85.0],[85.0],[1.0],[85.0],[1.0],[1.0],[1.0],[96.0],[85.0],[26.0],[85.0],[1.0],[1.0],[85.0],[1.0],[85.0],[85.0]
76,[96.0],[1.0],[96.0],[1.0],[1.0],[75.0],[85.0],[75.0],[1.0],[1.0],[96.0],[75.0],[75.0],[1.0],[1.0],[75.0],[75.0],[85.0],[1.0],[75.0],[75.0],[85.0],[75.0],[1.0],[75.0],[1.0],[85.0],[96.0],[1.0],[75.0],[96.0],[1.0],[75.0],[1.0],[96.0],[75.0],[85.0],[75.0],[75.0],[96.0],[85.0],[1.0],[96.0],[85.0],[85.0],[75.0],[1.0],[96.0],[1.0],[85.0],[85.0],[85.0],[1.0],[85.0],[75.0],[85.0],[75.0],[85.0],[75.0],[1.0],[85.0],[75.0],[1.0],[96.0],[75.0],[75.0],[1.0],[85.0],[75.0],[1.0],[1.0],[96.0],[1.0],[1.0],[75.0],[85.0],[85.0],[75.0],[96.0],[75.0],[1.0],[1.0],[75.0],[96.0],[1.0],[75.0],[1.0],[75.0],[75.0],[75.0],[54.0],[75.0],[90.0],[75.0],[75.0],[75.0],[1.0],[75.0],[1.0],[1.0]
77,[85.0],[75.0],[85.0],[75.0],[75.0],[56.0],[75.0],[56.0],[56.0],[75.0],[1.0],[1.0],[56.0],[56.0],[56.0],[56.0],[56.0],[1.0],[75.0],[56.0],[56.0],[1.0],[56.0],[75.0],[56.0],[75.0],[75.0],[1.0],[56.0],[1.0],[75.0],[75.0],[56.0],[75.0],[1.0],[56.0],[1.0],[56.0],[56.0],[75.0],[75.0],[75.0],[85.0],[75.0],[75.0],[56.0],[75.0],[85.0],[75.0],[75.0],[1.0],[1.0],[75.0],[75.0],[56.0],[75.0],[56.0],[1.0],[56.0],[75.0],[1.0],[1.0],[56.0],[85.0],[56.0],[56.0],[75.0],[1.0],[56.0],[75.0],[75.0],[85.0],[75.0],[75.0],[56.0],[75.0],[75.0],[56.0],[1.0],[56.0],[56.0],[75.0],[56.0],[56.0],[75.0],[56.0],[75.0],[56.0],[56.0],[56.0],[85.0],[56.0],[75.0],[56.0],[56.0],[56.0],[56.0],[56.0],[56.0],[75.0]
78,[75.0],[56.0],[75.0],[9.0],[56.0],[9.0],[56.0],[9.0],[75.0],[56.0],[56.0],[56.0],[9.0],[9.0],[9.0],[9.0],[9.0],[75.0],[56.0],[9.0],[9.0],[75.0],[1.0],[56.0],[9.0],[9.0],[56.0],[75.0],[75.0],[56.0],[56.0],[56.0],[9.0],[56.0],[75.0],[9.0],[56.0],[9.0],[9.0],[1.0],[56.0],[56.0],[75.0],[1.0],[56.0],[9.0],[56.0],[1.0],[56.0],[56.0],[56.0],[56.0],[56.0],[1.0],[9.0],[1.0],[9.0],[75.0],[9.0],[56.0],[56.0],[56.0],[75.0],[1.0],[9.0],[1.0],[56.0],[56.0],[9.0],[56.0],[9.0],[75.0],[56.0],[56.0],[9.0],[1.0],[1.0],[9.0],[56.0],[9.0],[75.0],[56.0],[9.0],[75.0],[56.0],[9.0],[56.0],[9.0],[9.0],[9.0],[1.0],[1.0],[1.0],[1.0],[9.0],[9.0],[9.0],[9.0],[75.0],[56.0]
79,[1.0],[9.0],[1.0],[74.0],[9.0],[74.0],[1.0],[74.0],[9.0],[9.0],[75.0],[9.0],[74.0],[74.0],[74.0],[74.0],[74.0],[56.0],[9.0],[74.0],[74.0],[9.0],[74.0],[9.0],[74.0],[74.0],[1.0],[56.0],[9.0],[74.0],[1.0],[9.0],[74.0],[9.0],[56.0],[74.0],[75.0],[74.0],[74.0],[56.0],[1.0],[9.0],[1.0],[56.0],[9.0],[74.0],[9.0],[56.0],[9.0],[9.0],[75.0],[75.0],[9.0],[56.0],[74.0],[56.0],[74.0],[56.0],[74.0],[9.0],[74.0],[9.0],[9.0],[9.0],[74.0],[74.0],[9.0],[75.0],[74.0],[9.0],[74.0],[1.0],[9.0],[74.0],[74.0],[56.0],[56.0],[74.0],[75.0],[74.0],[9.0],[9.0],[74.0],[9.0],[9.0],[74.0],[74.0],[74.0],[74.0],[74.0],[75.0],[74.0],[56.0],[74.0],[74.0],[74.0],[74.0],[74.0],[9.0],[9.0]
80,[56.0],[74.0],[9.0],[57.0],[74.0],[57.0],[74.0],[57.0],[57.0],[74.0],[9.0],[74.0],[57.0],[57.0],[57.0],[57.0],[57.0],[9.0],[74.0],[57.0],[57.0],[74.0],[9.0],[74.0],[57.0],[57.0],[74.0],[9.0],[57.0],[57.0],[74.0],[74.0],[57.0],[74.0],[9.0],[57.0],[9.0],[57.0],[57.0],[74.0],[74.0],[74.0],[74.0],[9.0],[74.0],[57.0],[74.0],[74.0],[74.0],[74.0],[9.0],[9.0],[74.0],[74.0],[57.0],[9.0],[57.0],[9.0],[57.0],[74.0],[57.0],[74.0],[57.0],[74.0],[57.0],[57.0],[74.0],[9.0],[57.0],[74.0],[57.0],[56.0],[74.0],[9.0],[57.0],[74.0],[74.0],[57.0],[9.0],[57.0],[57.0],[74.0],[57.0],[57.0],[74.0],[57.0],[9.0],[57.0],[57.0],[57.0],[56.0],[9.0],[9.0],[57.0],[57.0],[57.0],[57.0],[57.0],[57.0],[74.0]
81,[74.0],[57.0],[74.0],[24.0],[57.0],[24.0],[9.0],[24.0],[24.0],[57.0],[57.0],[57.0],[24.0],[24.0],[24.0],[24.0],[24.0],[74.0],[57.0],[24.0],[24.0],[57.0],[57.0],[57.0],[24.0],[24.0],[57.0],[74.0],[74.0],[9.0],[57.0],[57.0],[24.0],[57.0],[74.0],[24.0],[57.0],[24.0],[24.0],[9.0],[57.0],[57.0],[57.0],[74.0],[24.0],[24.0],[57.0],[9.0],[57.0],[57.0],[57.0],[57.0],[57.0],[57.0],[24.0],[74.0],[24.0],[74.0],[24.0],[57.0],[24.0],[57.0],[74.0],[57.0],[24.0],[9.0],[24.0],[57.0],[24.0],[57.0],[24.0],[74.0],[24.0],[57.0],[24.0],[57.0],[57.0],[24.0],[57.0],[24.0],[24.0],[57.0],[24.0],[74.0],[57.0],[24.0],[57.0],[24.0],[24.0],[24.0],[57.0],[57.0],[74.0],[9.0],[24.0],[24.0],[24.0],[24.0],[24.0],[57.0]
82,[57.0],[24.0],[57.0],[50.0],[24.0],[50.0],[57.0],[50.0],[50.0],[24.0],[24.0],[24.0],[50.0],[50.0],[50.0],[50.0],[50.0],[57.0],[24.0],[50.0],[50.0],[24.0],[50.0],[24.0],[50.0],[50.0],[50.0],[57.0],[42.0],[24.0],[9.0],[24.0],[50.0],[24.0],[57.0],[50.0],[74.0],[50.0],[50.0],[57.0],[9.0],[24.0],[9.0],[57.0],[50.0],[50.0],[24.0],[57.0],[24.0],[24.0],[74.0],[24.0],[24.0],[9.0],[50.0],[57.0],[50.0],[57.0],[50.0],[24.0],[50.0],[24.0],[42.0],[24.0],[50.0],[50.0],[50.0],[74.0],[50.0],[24.0],[50.0],[9.0],[50.0],[42.0],[50.0],[24.0],[24.0],[50.0],[74.0],[50.0],[50.0],[24.0],[50.0],[42.0],[24.0],[50.0],[42.0],[50.0],[50.0],[50.0],[74.0],[50.0],[57.0],[50.0],[50.0],[50.0],[50.0],[50.0],[50.0],[24.0]
83,[24.0],[50.0],[24.0],[42.0],[50.0],[42.0],[50.0],[42.0],[42.0],[50.0],[50.0],[50.0],[42.0],[42.0],[42.0],[42.0],[42.0],[24.0],[50.0],[42.0],[42.0],[42.0],[62.0],[50.0],[42.0],[42.0],[42.0],[42.0],[24.0],[42.0],[42.0],[50.0],[42.0],[50.0],[42.0],[42.0],[24.0],[42.0],[42.0],[24.0],[62.0],[50.0],[50.0],[24.0],[42.0],[42.0],[50.0],[24.0],[50.0],[50.0],[24.0],[50.0],[50.0],[24.0],[42.0],[24.0],[42.0],[24.0],[42.0],[50.0],[42.0],[50.0],[24.0],[50.0],[42.0],[42.0],[42.0],[42.0],[42.0],[50.0],[42.0],[57.0],[42.0],[50.0],[42.0],[50.0],[50.0],[42.0],[42.0],[42.0],[42.0],[50.0],[42.0],[24.0],[50.0],[42.0],[50.0],[42.0],[42.0],[42.0],[9.0],[62.0],[24.0],[42.0],[42.0],[42.0],[42.0],[42.0],[42.0],[50.0]
84,[42.0],[42.0],[50.0],[62.0],[42.0],[62.0],[62.0],[62.0],[62.0],[42.0],[42.0],[62.0],[62.0],[62.0],[62.0],[62.0],[62.0],[42.0],[42.0],[62.0],[62.0],[50.0],[42.0],[42.0],[62.0],[62.0],[62.0],[50.0],[50.0],[62.0],[62.0],[42.0],[62.0],[42.0],[50.0],[62.0],[50.0],[62.0],[62.0],[42.0],[42.0],[42.0],[42.0],[50.0],[62.0],[62.0],[42.0],[42.0],[42.0],[42.0],[42.0],[42.0],[42.0],[42.0],[62.0],[50.0],[62.0],[50.0],[62.0],[42.0],[62.0],[62.0],[50.0],[42.0],[62.0],[62.0],[62.0],[62.0],[62.0],[42.0],[62.0],[50.0],[62.0],[24.0],[62.0],[42.0],[42.0],[62.0],[50.0],[62.0],[62.0],[42.0],[62.0],[50.0],[42.0],[62.0],[24.0],[62.0],[62.0],[62.0],[24.0],[42.0],[42.0],[62.0],[62.0],[62.0],[62.0],[62.0],[62.0],[42.0]
85,[50.0],[5.0],[62.0],[5.0],[62.0],[5.0],[42.0],[5.0],[5.0],[62.0],[62.0],[5.0],[5.0],[5.0],[5.0],[5.0],[5.0],[50.0],[5.0],[5.0],[5.0],[62.0],[5.0],[62.0],[5.0],[5.0],[5.0],[24.0],[62.0],[5.0],[50.0],[62.0],[5.0],[62.0],[24.0],[5.0],[62.0],[5.0],[5.0],[50.0],[5.0],[62.0],[62.0],[62.0],[5.0],[5.0],[62.0],[62.0],[62.0],[62.0],[62.0],[62.0],[62.0],[62.0],[5.0],[5.0],[5.0],[42.0],[5.0],[62.0],[5.0],[5.0],[62.0],[62.0],[5.0],[5.0],[5.0],[50.0],[5.0],[62.0],[5.0],[24.0],[5.0],[62.0],[5.0],[62.0],[5.0],[5.0],[62.0],[5.0],[5.0],[62.0],[5.0],[62.0],[62.0],[5.0],[62.0],[5.0],[5.0],[5.0],[42.0],[5.0],[62.0],[5.0],[5.0],[5.0],[5.0],[5.0],[5.0],[62.0]
86,[62.0],[17.0],[5.0],[17.0],[5.0],[17.0],[24.0],[17.0],[17.0],[5.0],[5.0],[17.0],[17.0],[17.0],[17.0],[17.0],[17.0],[62.0],[17.0],[17.0],[17.0],[5.0],[24.0],[5.0],[17.0],[17.0],[17.0],[17.0],[17.0],[50.0],[5.0],[5.0],[17.0],[5.0],[17.0],[17.0],[42.0],[17.0],[17.0],[62.0],[50.0],[5.0],[5.0],[5.0],[17.0],[17.0],[5.0],[50.0],[5.0],[5.0],[5.0],[5.0],[5.0],[5.0],[17.0],[17.0],[17.0],[62.0],[17.0],[5.0],[17.0],[17.0],[17.0],[5.0],[17.0],[17.0],[17.0],[24.0],[17.0],[5.0],[17.0],[62.0],[17.0],[5.0],[17.0],[5.0],[17.0],[17.0],[24.0],[17.0],[17.0],[5.0],[17.0],[17.0],[5.0],[17.0],[5.0],[17.0],[17.0],[17.0],[62.0],[24.0],[50.0],[17.0],[17.0],[17.0],[17.0],[17.0],[17.0],[5.0]
87,[5.0],[25.0],[17.0],[25.0],[17.0],[25.0],[5.0],[25.0],[25.0],[17.0],[17.0],[25.0],[25.0],[25.0],[25.0],[25.0],[25.0],[5.0],[25.0],[25.0],[25.0],[17.0],[17.0],[17.0],[25.0],[25.0],[25.0],[25.0],[25.0],[17.0],[17.0],[17.0],[25.0],[17.0],[25.0],[25.0],[5.0],[25.0],[25.0],[5.0],[24.0],[25.0],[17.0],[17.0],[25.0],[25.0],[17.0],[5.0],[25.0],[17.0],[17.0],[17.0],[17.0],[50.0],[25.0],[25.0],[25.0],[5.0],[25.0],[17.0],[25.0],[25.0],[25.0],[17.0],[25.0],[25.0],[25.0],[25.0],[25.0],[17.0],[25.0],[5.0],[25.0],[17.0],[25.0],[17.0],[25.0],[25.0],[17.0],[25.0],[25.0],[17.0],[25.0],[25.0],[25.0],[25.0],[17.0],[25.0],[25.0],[25.0],[5.0],[17.0],[5.0],[25.0],[25.0],[25.0],[25.0],[25.0],[25.0],[17.0]
88,[17.0],[29.0],[25.0],[29.0],[25.0],[29.0],[17.0],[29.0],[29.0],[25.0],[25.0],[29.0],[29.0],[29.0],[29.0],[29.0],[29.0],[17.0],[29.0],[29.0],[29.0],[25.0],[29.0],[25.0],[29.0],[29.0],[29.0],[29.0],[29.0],[25.0],[25.0],[25.0],[29.0],[25.0],[29.0],[29.0],[25.0],[29.0],[29.0],[17.0],[17.0],[17.0],[25.0],[25.0],[29.0],[29.0],[25.0],[25.0],[17.0],[25.0],[25.0],[25.0],[25.0],[17.0],[29.0],[29.0],[29.0],[17.0],[29.0],[25.0],[29.0],[29.0],[29.0],[25.0],[29.0],[29.0],[29.0],[17.0],[29.0],[25.0],[29.0],[25.0],[29.0],[25.0],[29.0],[25.0],[29.0],[29.0],[25.0],[29.0],[29.0],[25.0],[29.0],[29.0],[17.0],[29.0],[25.0],[29.0],[29.0],[29.0],[17.0],[29.0],[17.0],[29.0],[29.0],[29.0],[29.0],[29.0],[29.0],[25.0]
89,[25.0],[33.0],[29.0],[33.0],[29.0],[33.0],[29.0],[33.0],[33.0],[29.0],[29.0],[33.0],[33.0],[33.0],[33.0],[33.0],[33.0],[25.0],[33.0],[33.0],[33.0],[29.0],[33.0],[29.0],[33.0],[33.0],[33.0],[33.0],[33.0],[33.0],[29.0],[29.0],[33.0],[29.0],[33.0],[33.0],[29.0],[33.0],[33.0],[25.0],[33.0],[29.0],[29.0],[29.0],[33.0],[33.0],[29.0],[17.0],[29.0],[29.0],[29.0],[29.0],[29.0],[25.0],[33.0],[33.0],[33.0],[25.0],[33.0],[29.0],[33.0],[33.0],[33.0],[29.0],[33.0],[33.0],[33.0],[29.0],[33.0],[29.0],[33.0],[17.0],[33.0],[29.0],[33.0],[29.0],[33.0],[33.0],[29.0],[33.0],[33.0],[29.0],[33.0],[33.0],[29.0],[33.0],[29.0],[33.0],[33.0],[33.0],[25.0],[33.0],[25.0],[33.0],[33.0],[33.0],[33.0],[33.0],[33.0],[29.0]
90,[29.0],[64.0],[33.0],[64.0],[33.0],[64.0],[33.0],[64.0],[64.0],[33.0],[33.0],[64.0],[64.0],[64.0],[64.0],[64.0],[64.0],[29.0],[64.0],[64.0],[64.0],[33.0],[64.0],[33.0],[64.0],[64.0],[64.0],[64.0],[64.0],[64.0],[33.0],[33.0],[64.0],[33.0],[64.0],[64.0],[33.0],[64.0],[64.0],[29.0],[64.0],[64.0],[33.0],[33.0],[64.0],[64.0],[33.0],[29.0],[64.0],[33.0],[33.0],[33.0],[33.0],[33.0],[64.0],[64.0],[64.0],[29.0],[64.0],[33.0],[64.0],[64.0],[64.0],[33.0],[64.0],[64.0],[64.0],[64.0],[64.0],[33.0],[64.0],[29.0],[64.0],[33.0],[64.0],[33.0],[64.0],[64.0],[33.0],[64.0],[64.0],[33.0],[64.0],[64.0],[64.0],[64.0],[33.0],[64.0],[64.0],[64.0],[33.0],[64.0],[29.0],[64.0],[64.0],[64.0],[64.0],[64.0],[64.0],[33.0]
91,[33.0],[60.0],[60.0],[60.0],[64.0],[60.0],[64.0],[60.0],[60.0],[64.0],[60.0],[60.0],[60.0],[60.0],[60.0],[60.0],[60.0],[33.0],[60.0],[60.0],[60.0],[60.0],[60.0],[64.0],[60.0],[60.0],[60.0],[60.0],[60.0],[60.0],[64.0],[60.0],[60.0],[64.0],[60.0],[60.0],[60.0],[60.0],[60.0],[33.0],[60.0],[60.0],[60.0],[60.0],[60.0],[60.0],[60.0],[64.0],[60.0],[64.0],[60.0],[64.0],[64.0],[64.0],[60.0],[60.0],[60.0],[33.0],[60.0],[64.0],[60.0],[60.0],[60.0],[64.0],[60.0],[60.0],[60.0],[60.0],[60.0],[60.0],[60.0],[60.0],[60.0],[60.0],[60.0],[60.0],[60.0],[60.0],[60.0],[60.0],[60.0],[60.0],[60.0],[60.0],[60.0],[60.0],[60.0],[60.0],[60.0],[60.0],[64.0],[60.0],[33.0],[60.0],[60.0],[60.0],[60.0],[60.0],[60.0],[60.0]
92,[60.0],[0.0],[0.0],[0.0],[60.0],[0.0],[60.0],[0.0],[0.0],[60.0],[64.0],[0.0],[0.0],[0.0],[0.0],[0.0],[0.0],[60.0],[0.0],[0.0],[0.0],[64.0],[0.0],[60.0],[0.0],[0.0],[0.0],[0.0],[0.0],[0.0],[0.0],[0.0],[0.0],[60.0],[0.0],[0.0],[0.0],[0.0],[0.0],[64.0],[0.0],[0.0],[64.0],[64.0],[0.0],[0.0],[0.0],[0.0],[0.0],[60.0],[0.0],[60.0],[60.0],[60.0],[0.0],[0.0],[0.0],[60.0],[0.0],[60.0],[0.0],[0.0],[0.0],[60.0],[0.0],[0.0],[0.0],[0.0],[0.0],[0.0],[0.0],[64.0],[0.0],[64.0],[0.0],[0.0],[0.0],[0.0],[64.0],[0.0],[0.0],[0.0],[0.0],[0.0],[0.0],[0.0],[64.0],[0.0],[0.0],[0.0],[60.0],[0.0],[64.0],[0.0],[0.0],[0.0],[0.0],[0.0],[0.0],[0.0]
93,[0.0],[46.0],[46.0],[46.0],[0.0],[46.0],[0.0],[46.0],[46.0],[0.0],[0.0],[46.0],[46.0],[46.0],[46.0],[46.0],[46.0],[64.0],[46.0],[46.0],[46.0],[0.0],[46.0],[0.0],[46.0],[46.0],[46.0],[46.0],[46.0],[46.0],[46.0],[46.0],[46.0],[0.0],[46.0],[46.0],[46.0],[46.0],[46.0],[0.0],[46.0],[46.0],[46.0],[0.0],[46.0],[46.0],[46.0],[46.0],[46.0],[0.0],[46.0],[0.0],[0.0],[0.0],[46.0],[46.0],[46.0],[0.0],[46.0],[0.0],[46.0],[46.0],[46.0],[0.0],[46.0],[46.0],[46.0],[46.0],[46.0],[46.0],[46.0],[46.0],[46.0],[46.0],[46.0],[46.0],[46.0],[46.0],[46.0],[46.0],[46.0],[46.0],[46.0],[46.0],[46.0],[46.0],[46.0],[46.0],[46.0],[46.0],[0.0],[46.0],[0.0],[46.0],[46.0],[46.0],[46.0],[46.0],[46.0],[46.0]
94,[46.0],[36.0],[36.0],[36.0],[46.0],[36.0],[46.0],[36.0],[36.0],[46.0],[46.0],[36.0],[36.0],[36.0],[36.0],[36.0],[36.0],[0.0],[36.0],[36.0],[36.0],[46.0],[36.0],[46.0],[36.0],[36.0],[36.0],[36.0],[36.0],[36.0],[36.0],[36.0],[36.0],[36.0],[36.0],[36.0],[36.0],[36.0],[36.0],[46.0],[36.0],[36.0],[36.0],[46.0],[36.0],[36.0],[36.0],[36.0],[36.0],[36.0],[36.0],[36.0],[46.0],[46.0],[36.0],[36.0],[36.0],[46.0],[36.0],[36.0],[36.0],[36.0],[36.0],[36.0],[36.0],[36.0],[36.0],[36.0],[36.0],[36.0],[36.0],[36.0],[36.0],[36.0],[36.0],[36.0],[36.0],[36.0],[36.0],[36.0],[36.0],[36.0],[36.0],[36.0],[36.0],[36.0],[36.0],[36.0],[36.0],[36.0],[36.0],[36.0],[46.0],[36.0],[36.0],[36.0],[36.0],[36.0],[36.0],[36.0]
95,[36.0],[70.0],[70.0],[70.0],[36.0],[70.0],[36.0],[70.0],[70.0],[36.0],[70.0],[70.0],[70.0],[70.0],[70.0],[70.0],[70.0],[46.0],[70.0],[70.0],[70.0],[36.0],[70.0],[36.0],[70.0],[70.0],[70.0],[70.0],[70.0],[70.0],[70.0],[70.0],[70.0],[70.0],[70.0],[70.0],[70.0],[70.0],[70.0],[36.0],[70.0],[70.0],[70.0],[36.0],[70.0],[70.0],[70.0],[70.0],[70.0],[70.0],[70.0],[70.0],[36.0],[36.0],[70.0],[70.0],[70.0],[36.0],[70.0],[70.0],[70.0],[70.0],[70.0],[70.0],[70.0],[70.0],[70.0],[70.0],[70.0],[70.0],[70.0],[70.0],[70.0],[70.0],[70.0],[70.0],[70.0],[70.0],[70.0],[70.0],[70.0],[70.0],[70.0],[70.0],[70.0],[70.0],[70.0],[70.0],[70.0],[70.0],[70.0],[70.0],[36.0],[70.0],[70.0],[70.0],[70.0],[70.0],[70.0],[70.0]
96,[47.0],[47.0],[47.0],[47.0],[70.0],[47.0],[70.0],[47.0],[47.0],[70.0],[47.0],[47.0],[47.0],[47.0],[47.0],[47.0],[47.0],[36.0],[47.0],[47.0],[47.0],[47.0],[47.0],[70.0],[47.0],[47.0],[47.0],[47.0],[47.0],[47.0],[47.0],[47.0],[47.0],[47.0],[47.0],[47.0],[47.0],[47.0],[47.0],[70.0],[47.0],[47.0],[47.0],[47.0],[47.0],[47.0],[47.0],[47.0],[47.0],[47.0],[47.0],[47.0],[70.0],[70.0],[47.0],[47.0],[47.0],[70.0],[47.0],[47.0],[47.0],[47.0],[47.0],[47.0],[47.0],[47.0],[47.0],[47.0],[47.0],[47.0],[47.0],[47.0],[47.0],[47.0],[47.0],[47.0],[47.0],[47.0],[47.0],[47.0],[47.0],[47.0],[47.0],[47.0],[47.0],[47.0],[47.0],[47.0],[47.0],[47.0],[47.0],[47.0],[70.0],[47.0],[47.0],[47.0],[47.0],[47.0],[47.0],[47.0]
97,[77.0],[77.0],[77.0],[77.0],[77.0],[77.0],[77.0],[77.0],[77.0],[47.0],[77.0],[77.0],[77.0],[77.0],[77.0],[77.0],[77.0],[47.0],[77.0],[77.0],[77.0],[77.0],[77.0],[47.0],[77.0],[77.0],[77.0],[77.0],[77.0],[77.0],[77.0],[77.0],[77.0],[77.0],[77.0],[77.0],[77.0],[77.0],[77.0],[47.0],[77.0],[77.0],[77.0],[77.0],[77.0],[77.0],[77.0],[77.0],[77.0],[77.0],[77.0],[77.0],[47.0],[47.0],[77.0],[77.0],[77.0],[77.0],[77.0],[77.0],[77.0],[77.0],[77.0],[77.0],[77.0],[77.0],[77.0],[77.0],[77.0],[77.0],[77.0],[77.0],[77.0],[77.0],[77.0],[77.0],[77.0],[77.0],[77.0],[77.0],[77.0],[77.0],[77.0],[77.0],[77.0],[77.0],[77.0],[77.0],[77.0],[77.0],[77.0],[77.0],[77.0],[77.0],[77.0],[77.0],[77.0],[77.0],[77.0],[77.0]
